{"type":"FeatureCollection","features":[{"type":"Feature","geometry":{"type":"MultiPolygon","coordinates":[[[[-122.42144,37.78557],[-122.42136,37.78521],[-122.42128,37.78486],[-122.42119,37.78475],[-122.42124,37.78463],[-122.42117,37.78428],[-122.4211,37.78391],[-122.42101,37.78382],[-122.42105,37.78371],[-122.42098,37.78335],[-122.4209,37.78298],[-122.42082,37.78289],[-122.42088,37.78278],[-122.42081,37.78242],[-122.42074,37.78205],[-122.42064,37.78196],[-122.42069,37.78185],[-122.42062,37.78149],[-122.42055,37.78113],[-122.42044,37.78103],[-122.4205,37.78091],[-122.42042,37.78058],[-122.42034,37.78019],[-122.42025,37.78007],[-122.42046,37.78007],[-122.42189,37.77989],[-122.42354,37.77967],[-122.42345,37.77921],[-122.42335,37.77875],[-122.425,37.77854],[-122.42664,37.77833],[-122.42808,37.77815],[-122.42891,37.77804],[-122.42915,37.77801],[-122.42985,37.77792],[-122.43058,37.77783],[-122.43157,37.7777],[-122.43322,37.77749],[-122.43486,37.77728],[-122.43651,37.77707],[-122.43818,37.77686],[-122.43984,37.77664],[-122.44034,37.77658],[-122.44149,37.77644],[-122.44163,37.77716],[-122.44168,37.77737],[-122.44187,37.7783],[-122.44205,37.77924],[-122.44112,37.77937],[-122.44096,37.77936],[-122.44115,37.78029],[-122.44134,37.78124],[-122.44151,37.7821],[-122.44167,37.78223],[-122.44182,37.78231],[-122.44269,37.78264],[-122.44279,37.78289],[-122.4427,37.78297],[-122.44116,37.78316],[-122.43963,37.78336],[-122.43948,37.78331],[-122.43935,37.78339],[-122.43894,37.78345],[-122.43855,37.7836],[-122.43827,37.78372],[-122.43802,37.78377],[-122.43785,37.78372],[-122.43775,37.7838],[-122.43466,37.78419],[-122.43456,37.78415],[-122.43447,37.78422],[-122.43374,37.78431],[-122.43297,37.78441],[-122.43291,37.78435],[-122.43288,37.78442],[-122.4314,37.78461],[-122.4312,37.78457],[-122.43105,37.78467],[-122.42952,37.78485],[-122.42906,37.78491],[-122.4281,37.78503],[-122.42799,37.78495],[-122.42789,37.78506],[-122.42648,37.78524],[-122.4249,37.78544],[-122.42469,37.78534],[-122.42486,37.7862],[-122.42505,37.78713],[-122.42514,37.7876],[-122.42524,37.78807],[-122.42533,37.78854],[-122.42542,37.78899],[-122.42562,37.78995],[-122.42398,37.79016],[-122.42233,37.79037],[-122.42241,37.79024],[-122.42226,37.78949],[-122.42213,37.78941],[-122.42222,37.78931],[-122.42214,37.78894],[-122.42207,37.78857],[-122.42195,37.78849],[-122.42203,37.78838],[-122.42196,37.788],[-122.42188,37.78763],[-122.42176,37.78755],[-122.42184,37.78744],[-122.42177,37.78706],[-122.42169,37.78669],[-122.42157,37.78662],[-122.42145,37.78653],[-122.42137,37.78617],[-122.4213,37.78579],[-122.42139,37.78569],[-122.42144,37.78557]]]]},"properties":{"nhood":"Western Addition"}},{"type":"Feature","geometry":{"type":"MultiPolygon","coordinates":[[[[-122.46104,37.75096],[-122.46055,37.74994],[-122.4604,37.74976],[-122.45964,37.74902],[-122.45963,37.74894],[-122.4595,37.74892],[-122.45885,37.74826],[-122.45866,37.74804],[-122.45863,37.74777],[-122.45871,37.74761],[-122.45902,37.74731],[-122.45917,37.74729],[-122.45903,37.74726],[-122.45869,37.74686],[-122.45873,37.74675],[-122.45866,37.74682],[-122.45847,37.74687],[-122.45791,37.74686],[-122.45725,37.74675],[-122.45717,37.7467],[-122.45708,37.74672],[-122.45667,37.74666],[-122.45638,37.74659],[-122.45631,37.74653],[-122.45622,37.74656],[-122.45584,37.74647],[-122.45553,37.74639],[-122.45547,37.74633],[-122.45537,37.74635],[-122.45482,37.74622],[-122.45472,37.74618],[-122.45466,37.74611],[-122.45459,37.74611],[-122.45428,37.74591],[-122.45396,37.74577],[-122.45392,37.7457],[-122.45383,37.74572],[-122.45364,37.7457],[-122.45338,37.74569],[-122.45223,37.74569],[-122.45182,37.74567],[-122.45169,37.74561],[-122.45162,37.74553],[-122.45159,37.74543],[-122.45059,37.74421],[-122.45059,37.74409],[-122.44992,37.74327],[-122.44986,37.74326],[-122.44979,37.74326],[-122.44958,37.74307],[-122.44936,37.74292],[-122.44914,37.74283],[-122.44882,37.74275],[-122.44849,37.7427],[-122.44738,37.74261],[-122.44711,37.74258],[-122.44684,37.74252],[-122.44666,37.74244],[-122.44652,37.74236],[-122.44641,37.74228],[-122.44637,37.74224],[-122.44632,37.74219],[-122.44626,37.74207],[-122.44624,37.74201],[-122.4462,37.74187],[-122.44616,37.74154],[-122.4461,37.74136],[-122.44606,37.74127],[-122.44596,37.7412],[-122.4459,37.74112],[-122.44574,37.74102],[-122.44552,37.74097],[-122.4452,37.74092],[-122.44491,37.74087],[-122.44468,37.74079],[-122.44452,37.74069],[-122.44437,37.74058],[-122.44413,37.74028],[-122.4441,37.74023],[-122.44392,37.74009],[-122.44388,37.74006],[-122.44369,37.73997],[-122.44342,37.7399],[-122.44302,37.73981],[-122.44286,37.73977],[-122.44272,37.73968],[-122.4426,37.73955],[-122.44258,37.73952],[-122.44252,37.73945],[-122.4425,37.73924],[-122.44263,37.73857],[-122.44263,37.73831],[-122.44258,37.73817],[-122.44245,37.7378],[-122.4424,37.73764],[-122.44242,37.73744],[-122.44249,37.73729],[-122.44266,37.73712],[-122.44353,37.7366],[-122.4436,37.7365],[-122.44365,37.73643],[-122.44375,37.73636],[-122.4438,37.73624],[-122.44383,37.73613],[-122.44382,37.73601],[-122.44379,37.73592],[-122.44375,37.73586],[-122.44367,37.73579],[-122.44357,37.73573],[-122.44345,37.73569],[-122.4433,37.73568],[-122.44316,37.73569],[-122.44243,37.73589],[-122.44216,37.73597],[-122.44203,37.73599],[-122.44193,37.73597],[-122.44187,37.73598],[-122.4417,37.73595],[-122.44138,37.73586],[-122.44115,37.73571],[-122.44102,37.73557],[-122.44069,37.73507],[-122.44002,37.73491],[-122.43993,37.73486],[-122.43957,37.73484],[-122.43919,37.73474],[-122.43892,37.7346],[-122.43863,37.73449],[-122.43839,37.73442],[-122.43751,37.73425],[-122.43675,37.7341],[-122.43667,37.73404],[-122.43658,37.73407],[-122.43592,37.73393],[-122.43584,37.73388],[-122.43574,37.7339],[-122.43507,37.73378],[-122.435,37.73372],[-122.4349,37.73375],[-122.43424,37.73363],[-122.43414,37.73355],[-122.43402,37.73359],[-122.4332,37.73344],[-122.43297,37.73331],[-122.4328,37.73334],[-122.43257,37.73324],[-122.43245,37.73319],[-122.43242,37.73318],[-122.43253,37.73312],[-122.4343,37.73231],[-122.43491,37.73204],[-122.43506,37.73196],[-122.43543,37.73179],[-122.43589,37.73158],[-122.43613,37.73147],[-122.43645,37.73133],[-122.43701,37.73112],[-122.43819,37.7307],[-122.43854,37.73057],[-122.43956,37.73019],[-122.43948,37.73011],[-122.4401,37.72988],[-122.44026,37.72982],[-122.44078,37.72961],[-122.44113,37.72946],[-122.44123,37.72942],[-122.4418,37.7292],[-122.44197,37.72914],[-122.44272,37.72879],[-122.44307,37.72863],[-122.44366,37.7283],[-122.44379,37.72823],[-122.44442,37.7278],[-122.44469,37.72758],[-122.44504,37.7273],[-122.4456,37.72673],[-122.44572,37.72661],[-122.44595,37.72637],[-122.44631,37.72598],[-122.44639,37.72586],[-122.44686,37.72521],[-122.4472,37.72464],[-122.44724,37.72457],[-122.44753,37.72401],[-122.44759,37.72388],[-122.4476,37.72383],[-122.44788,37.723],[-122.4481,37.72301],[-122.44918,37.723],[-122.44948,37.723],[-122.44956,37.72296],[-122.44962,37.72302],[-122.44989,37.72303],[-122.45007,37.72304],[-122.45066,37.72307],[-122.45147,37.72308],[-122.4516,37.72299],[-122.45171,37.72305],[-122.45222,37.72311],[-122.45233,37.72308],[-122.45237,37.72312],[-122.45304,37.72326],[-122.45311,37.72324],[-122.45316,37.72323],[-122.45404,37.72341],[-122.45412,37.72346],[-122.45416,37.7235],[-122.45507,37.72369],[-122.45514,37.72367],[-122.45517,37.72371],[-122.45609,37.7239],[-122.45615,37.72389],[-122.45618,37.72392],[-122.45647,37.72398],[-122.45652,37.72396],[-122.45655,37.724],[-122.45711,37.72412],[-122.45717,37.7241],[-122.45719,37.72413],[-122.4573,37.72416],[-122.45734,37.72414],[-122.45737,37.72417],[-122.45812,37.72433],[-122.45819,37.72432],[-122.45824,37.72436],[-122.45914,37.72455],[-122.45921,37.72453],[-122.45926,37.72457],[-122.45989,37.7247],[-122.45996,37.72469],[-122.45999,37.72473],[-122.46018,37.72477],[-122.46023,37.72475],[-122.46029,37.72479],[-122.46113,37.72496],[-122.46121,37.72495],[-122.46128,37.725],[-122.4621,37.72527],[-122.46221,37.72527],[-122.46228,37.72515],[-122.46228,37.72487],[-122.46228,37.72427],[-122.46227,37.72364],[-122.46227,37.72302],[-122.46227,37.72183],[-122.46227,37.7217],[-122.46268,37.72169],[-122.46358,37.72169],[-122.46448,37.72168],[-122.46539,37.72167],[-122.46556,37.72167],[-122.46628,37.72167],[-122.46659,37.72167],[-122.46719,37.72166],[-122.46762,37.72166],[-122.46808,37.72166],[-122.46866,37.72165],[-122.46897,37.72165],[-122.46974,37.72164],[-122.46988,37.72164],[-122.47078,37.72164],[-122.47167,37.72163],[-122.47176,37.72167],[-122.47198,37.72166],[-122.47232,37.72162],[-122.47245,37.72145],[-122.47255,37.71964],[-122.4726,37.71858],[-122.47263,37.7181],[-122.47264,37.71785],[-122.47265,37.7177],[-122.47265,37.7175],[-122.47257,37.71717],[-122.47284,37.71731],[-122.47453,37.71906],[-122.47485,37.7194],[-122.4749,37.71945],[-122.47517,37.71977],[-122.47523,37.71984],[-122.47534,37.72027],[-122.47522,37.72044],[-122.47534,37.72055],[-122.47534,37.72087],[-122.47522,37.72106],[-122.47505,37.72121],[-122.47495,37.72309],[-122.47485,37.72491],[-122.47481,37.72559],[-122.47474,37.72687],[-122.4749,37.72699],[-122.47473,37.72703],[-122.47463,37.72893],[-122.47463,37.72899],[-122.47473,37.73036],[-122.47478,37.73099],[-122.47486,37.73107],[-122.47493,37.73118],[-122.475,37.73235],[-122.47495,37.73246],[-122.47504,37.73262],[-122.47516,37.73448],[-122.4751,37.73463],[-122.47518,37.73476],[-122.47529,37.73638],[-122.47535,37.73736],[-122.47529,37.73746],[-122.47536,37.73755],[-122.47547,37.73921],[-122.47541,37.73933],[-122.47548,37.73943],[-122.47561,37.7411],[-122.47554,37.74119],[-122.47562,37.74127],[-122.47571,37.74294],[-122.47564,37.74305],[-122.47571,37.74317],[-122.47582,37.74481],[-122.47577,37.74492],[-122.47584,37.74503],[-122.47595,37.74667],[-122.4759,37.74678],[-122.47597,37.74689],[-122.47609,37.74854],[-122.47603,37.74865],[-122.47502,37.74869],[-122.47395,37.74874],[-122.47287,37.74879],[-122.47232,37.74881],[-122.47175,37.74884],[-122.47159,37.74881],[-122.47074,37.74884],[-122.47059,37.74887],[-122.46955,37.7489],[-122.46856,37.74894],[-122.46848,37.74895],[-122.46803,37.749],[-122.46738,37.74903],[-122.46634,37.74907],[-122.46647,37.75094],[-122.4654,37.75099],[-122.4649,37.75101],[-122.46446,37.75087],[-122.46419,37.75072],[-122.46428,37.75098],[-122.46344,37.75119],[-122.46385,37.75198],[-122.46428,37.75232],[-122.46442,37.75232],[-122.46446,37.7529],[-122.46418,37.75291],[-122.46343,37.75303],[-122.46336,37.75304],[-122.46334,37.75301],[-122.46311,37.75278],[-122.46272,37.75249],[-122.46241,37.75222],[-122.46212,37.7519],[-122.46181,37.75167],[-122.46159,37.75156],[-122.46152,37.7515],[-122.46142,37.75145],[-122.46104,37.75096]]]]},"properties":{"nhood":"West of Twin Peaks"}},{"type":"Feature","geometry":{"type":"MultiPolygon","coordinates":[[[[-122.40385,37.71883],[-122.40355,37.71834],[-122.40307,37.71846],[-122.4021,37.71872],[-122.40112,37.71898],[-122.40044,37.71916],[-122.40028,37.71851],[-122.40013,37.71791],[-122.40004,37.71754],[-122.40001,37.71741],[-122.39983,37.71665],[-122.39974,37.71618],[-122.39962,37.71628],[-122.39957,37.71645],[-122.39946,37.71683],[-122.39942,37.71699],[-122.3994,37.71707],[-122.39928,37.71753],[-122.39922,37.71791],[-122.39919,37.71809],[-122.3991,37.71825],[-122.39888,37.71865],[-122.39886,37.71868],[-122.39881,37.71851],[-122.39866,37.71815],[-122.39855,37.71786],[-122.39851,37.71766],[-122.39841,37.71705],[-122.39837,37.71641],[-122.39833,37.71626],[-122.39848,37.71598],[-122.3986,37.71581],[-122.39865,37.71573],[-122.39882,37.71547],[-122.39883,37.71545],[-122.39891,37.7154],[-122.39899,37.71534],[-122.39894,37.71519],[-122.3992,37.71454],[-122.39936,37.71427],[-122.39976,37.71386],[-122.40002,37.71358],[-122.40047,37.71312],[-122.40066,37.71306],[-122.40083,37.71301],[-122.40097,37.71287],[-122.40104,37.71282],[-122.40126,37.71264],[-122.40164,37.71248],[-122.402,37.7124],[-122.40213,37.71236],[-122.40237,37.71229],[-122.40246,37.71218],[-122.40265,37.7122],[-122.40282,37.71213],[-122.4031,37.71197],[-122.40328,37.71182],[-122.40369,37.71128],[-122.40365,37.71119],[-122.40378,37.71116],[-122.40425,37.71052],[-122.40423,37.71041],[-122.40438,37.71036],[-122.40468,37.70993],[-122.40506,37.70922],[-122.40515,37.70896],[-122.40511,37.70885],[-122.40524,37.7088],[-122.40544,37.70835],[-122.40545,37.70835],[-122.40552,37.70835],[-122.40648,37.70834],[-122.40729,37.70834],[-122.40775,37.70834],[-122.40811,37.70833],[-122.41236,37.70833],[-122.41334,37.70833],[-122.41437,37.70833],[-122.41533,37.70833],[-122.41628,37.70833],[-122.41708,37.70833],[-122.41721,37.70833],[-122.41816,37.70833],[-122.4182,37.70833],[-122.41902,37.70833],[-122.41924,37.70833],[-122.4197,37.70833],[-122.42007,37.70833],[-122.42377,37.70834],[-122.42376,37.70834],[-122.42335,37.70925],[-122.42344,37.70938],[-122.42397,37.70968],[-122.42442,37.71005],[-122.42455,37.7101],[-122.42418,37.71027],[-122.42337,37.7103],[-122.42303,37.71038],[-122.42281,37.71051],[-122.42241,37.71097],[-122.42224,37.71132],[-122.42212,37.71172],[-122.42196,37.71202],[-122.42163,37.71219],[-122.42147,37.7122],[-122.42123,37.71331],[-122.42091,37.71377],[-122.42033,37.71397],[-122.41563,37.71273],[-122.41529,37.7135],[-122.41562,37.71359],[-122.41581,37.71369],[-122.41595,37.71382],[-122.4161,37.71401],[-122.41619,37.71427],[-122.41621,37.71453],[-122.41615,37.7148],[-122.41605,37.71501],[-122.41587,37.71528],[-122.41566,37.71549],[-122.4154,37.71547],[-122.4136,37.71499],[-122.41132,37.71437],[-122.41102,37.71506],[-122.41074,37.71574],[-122.41072,37.71583],[-122.41051,37.71632],[-122.41043,37.71641],[-122.41036,37.71669],[-122.4098,37.71659],[-122.40895,37.71646],[-122.40851,37.71629],[-122.40817,37.71616],[-122.40802,37.71651],[-122.40784,37.71692],[-122.40862,37.71712],[-122.40853,37.71721],[-122.40853,37.71732],[-122.40826,37.71809],[-122.40727,37.71782],[-122.40698,37.71849],[-122.40667,37.71921],[-122.40643,37.71975],[-122.4061,37.71984],[-122.4058,37.71974],[-122.40556,37.71966],[-122.40532,37.71958],[-122.40479,37.71931],[-122.40453,37.71917],[-122.40405,37.71893],[-122.40385,37.71883]]]]},"properties":{"nhood":"Visitacion Valley"}},{"type":"Feature","geometry":{"type":"MultiPolygon","coordinates":[[[[-122.44695,37.75655],[-122.44595,37.75641],[-122.44585,37.75642],[-122.44565,37.75645],[-122.44528,37.75657],[-122.44503,37.75661],[-122.44476,37.75656],[-122.44455,37.75643],[-122.4445,37.75637],[-122.44449,37.75635],[-122.44438,37.7564],[-122.44437,37.75642],[-122.44436,37.75646],[-122.44435,37.7565],[-122.44441,37.75657],[-122.44482,37.75681],[-122.44511,37.75696],[-122.44498,37.7572],[-122.44496,37.75727],[-122.44481,37.75725],[-122.4447,37.75722],[-122.44393,37.75671],[-122.44338,37.75634],[-122.44328,37.75623],[-122.44333,37.75642],[-122.44298,37.75616],[-122.44238,37.75651],[-122.44227,37.75657],[-122.44222,37.75664],[-122.44224,37.75675],[-122.44229,37.75685],[-122.44237,37.75758],[-122.44228,37.75763],[-122.44226,37.75773],[-122.44224,37.7581],[-122.44222,37.75832],[-122.44221,37.75851],[-122.44216,37.75875],[-122.44218,37.75894],[-122.44103,37.75901],[-122.4408,37.75902],[-122.44059,37.75904],[-122.44038,37.75903],[-122.4401,37.75898],[-122.43917,37.75903],[-122.43911,37.75846],[-122.43907,37.75786],[-122.43903,37.75742],[-122.439,37.75709],[-122.43898,37.75702],[-122.43884,37.75552],[-122.43886,37.75543],[-122.43897,37.75539],[-122.43965,37.75532],[-122.44003,37.75523],[-122.44035,37.75523],[-122.44045,37.75507],[-122.44077,37.75461],[-122.4409,37.75449],[-122.44108,37.75418],[-122.44116,37.75409],[-122.44131,37.75388],[-122.44181,37.75347],[-122.44189,37.75336],[-122.44206,37.75307],[-122.44224,37.75283],[-122.44249,37.75261],[-122.44253,37.75238],[-122.4427,37.75238],[-122.44285,37.75237],[-122.44299,37.75181],[-122.44306,37.75153],[-122.44321,37.75093],[-122.44326,37.75077],[-122.4434,37.75019],[-122.44335,37.75008],[-122.44344,37.75001],[-122.44355,37.74944],[-122.4437,37.74918],[-122.44409,37.74868],[-122.44427,37.74838],[-122.44422,37.74803],[-122.44416,37.74779],[-122.44417,37.74756],[-122.44429,37.74731],[-122.44443,37.74717],[-122.44462,37.74708],[-122.44474,37.74705],[-122.44482,37.74697],[-122.44479,37.74693],[-122.44456,37.74669],[-122.4446,37.74668],[-122.44478,37.74677],[-122.44485,37.74694],[-122.44505,37.74702],[-122.44541,37.74696],[-122.44619,37.74684],[-122.44665,37.74676],[-122.44684,37.74672],[-122.4474,37.7466],[-122.44766,37.74654],[-122.44779,37.74644],[-122.44792,37.74648],[-122.44856,37.74632],[-122.44889,37.74623],[-122.44972,37.74606],[-122.45071,37.74593],[-122.45085,37.74583],[-122.45097,37.74587],[-122.45157,37.74565],[-122.45162,37.74553],[-122.45169,37.74561],[-122.45182,37.74567],[-122.45223,37.74569],[-122.45338,37.74569],[-122.45364,37.7457],[-122.45383,37.74572],[-122.45392,37.7457],[-122.45396,37.74577],[-122.45428,37.74591],[-122.45459,37.74611],[-122.45466,37.74611],[-122.45472,37.74618],[-122.45482,37.74622],[-122.45537,37.74635],[-122.45547,37.74633],[-122.45553,37.74639],[-122.45584,37.74647],[-122.45622,37.74656],[-122.45631,37.74653],[-122.45638,37.74659],[-122.45667,37.74666],[-122.45708,37.74672],[-122.45717,37.7467],[-122.45725,37.74675],[-122.45791,37.74686],[-122.45847,37.74687],[-122.45866,37.74682],[-122.45873,37.74675],[-122.45869,37.74686],[-122.45903,37.74726],[-122.45917,37.74729],[-122.45902,37.74731],[-122.45871,37.74761],[-122.45863,37.74777],[-122.45866,37.74804],[-122.45885,37.74826],[-122.4595,37.74892],[-122.45963,37.74894],[-122.45964,37.74902],[-122.4604,37.74976],[-122.46055,37.74994],[-122.46104,37.75096],[-122.46142,37.75145],[-122.46152,37.7515],[-122.46116,37.75169],[-122.46067,37.75181],[-122.45921,37.75193],[-122.45899,37.75195],[-122.45796,37.75166],[-122.45703,37.7514],[-122.45645,37.75148],[-122.45609,37.7518],[-122.456,37.75209],[-122.45601,37.75236],[-122.45603,37.75285],[-122.45603,37.75289],[-122.45592,37.75315],[-122.45578,37.75341],[-122.45554,37.75377],[-122.45524,37.75421],[-122.45518,37.75434],[-122.45513,37.75488],[-122.4551,37.75498],[-122.45505,37.75512],[-122.45482,37.75555],[-122.45425,37.75635],[-122.45417,37.75651],[-122.45408,37.75703],[-122.45403,37.75718],[-122.45387,37.75738],[-122.45377,37.75747],[-122.45367,37.75756],[-122.45359,37.75762],[-122.45332,37.75782],[-122.45289,37.75806],[-122.45283,37.7581],[-122.45255,37.75819],[-122.4523,37.75828],[-122.45212,37.75833],[-122.45205,37.75834],[-122.45137,37.75858],[-122.45093,37.75872],[-122.44854,37.75904],[-122.44847,37.75895],[-122.44848,37.75861],[-122.4483,37.75803],[-122.44818,37.75785],[-122.44792,37.75759],[-122.44782,37.75749],[-122.44771,37.75735],[-122.44755,37.75719],[-122.44731,37.75704],[-122.44716,37.75692],[-122.44712,37.75687],[-122.44703,37.75676],[-122.44695,37.75655]]]]},"properties":{"nhood":"Twin Peaks"}},{"type":"Feature","geometry":{"type":"MultiPolygon","coordinates":[[[[-122.40371,37.78404],[-122.40271,37.78326],[-122.40047,37.78503],[-122.39989,37.78456],[-122.39946,37.78421],[-122.39893,37.78379],[-122.39794,37.783],[-122.39739,37.78255],[-122.39684,37.78212],[-122.39661,37.78194],[-122.39646,37.78182],[-122.39638,37.78175],[-122.39584,37.78132],[-122.39552,37.78106],[-122.39507,37.7807],[-122.39463,37.78035],[-122.3943,37.78009],[-122.39275,37.77885],[-122.39329,37.77843],[-122.39354,37.77823],[-122.39386,37.77798],[-122.39498,37.77709],[-122.39721,37.77533],[-122.39797,37.77594],[-122.39876,37.77657],[-122.40091,37.77486],[-122.40098,37.77481],[-122.40057,37.77448],[-122.40021,37.7742],[-122.39943,37.77357],[-122.39952,37.77351],[-122.39965,37.7734],[-122.40166,37.77182],[-122.40388,37.77006],[-122.40408,37.76997],[-122.40439,37.76975],[-122.40499,37.76971],[-122.4052,37.7697],[-122.40541,37.76969],[-122.40559,37.76968],[-122.40584,37.76967],[-122.40594,37.76966],[-122.40621,37.76946],[-122.407,37.77005],[-122.40759,37.76959],[-122.40762,37.76956],[-122.40764,37.76954],[-122.40774,37.76947],[-122.4079,37.76934],[-122.40801,37.76924],[-122.40844,37.76932],[-122.40904,37.76979],[-122.40974,37.77035],[-122.41089,37.76945],[-122.41091,37.76943],[-122.41093,37.76941],[-122.41096,37.76943],[-122.41099,37.76946],[-122.41248,37.77063],[-122.41403,37.77186],[-122.41439,37.77216],[-122.415,37.77265],[-122.41556,37.7731],[-122.4161,37.77353],[-122.41658,37.77391],[-122.4171,37.77432],[-122.41751,37.77465],[-122.41866,37.77556],[-122.4187,37.77564],[-122.41763,37.77649],[-122.4175,37.77654],[-122.41747,37.77662],[-122.41688,37.77709],[-122.41639,37.77747],[-122.41629,37.77749],[-122.41626,37.77757],[-122.41601,37.77777],[-122.41484,37.7787],[-122.41474,37.77872],[-122.41472,37.77879],[-122.41336,37.77986],[-122.41261,37.78046],[-122.41251,37.78048],[-122.41249,37.78055],[-122.41198,37.78095],[-122.4117,37.78118],[-122.41146,37.78137],[-122.41039,37.78221],[-122.41029,37.78223],[-122.41027,37.78231],[-122.41005,37.78248],[-122.40918,37.78316],[-122.40905,37.78327],[-122.40895,37.78329],[-122.40893,37.78336],[-122.40869,37.78356],[-122.40816,37.78397],[-122.40807,37.78399],[-122.40804,37.78407],[-122.40742,37.78455],[-122.40734,37.78456],[-122.40733,37.78463],[-122.406,37.78567],[-122.40598,37.78569],[-122.40583,37.78574],[-122.40582,37.78574],[-122.40581,37.78572],[-122.40524,37.78526],[-122.40479,37.78491],[-122.40427,37.78448],[-122.40371,37.78404]]]]},"properties":{"nhood":"South of Market"}},{"type":"Feature","geometry":{"type":"MultiPolygon","coordinates":[[[[-122.36358,37.82087],[-122.36046,37.82012],[-122.36058,37.8198],[-122.36364,37.82054],[-122.36368,37.82038],[-122.36369,37.82036],[-122.36382,37.82005],[-122.36402,37.8196],[-122.36411,37.81928],[-122.36417,37.81902],[-122.36424,37.81888],[-122.36426,37.81885],[-122.36435,37.81878],[-122.3644,37.81877],[-122.36436,37.81868],[-122.36447,37.81862],[-122.36452,37.81863],[-122.36483,37.8185],[-122.36476,37.8184],[-122.3649,37.81834],[-122.36492,37.81833],[-122.36505,37.81851],[-122.36509,37.81846],[-122.36518,37.81843],[-122.36649,37.81788],[-122.36804,37.81722],[-122.36842,37.81706],[-122.36853,37.81699],[-122.36862,37.81697],[-122.37102,37.816],[-122.37103,37.81598],[-122.37105,37.81595],[-122.37105,37.8159],[-122.37105,37.81585],[-122.37077,37.81528],[-122.37053,37.81466],[-122.37038,37.81423],[-122.3698,37.8134],[-122.3694,37.81303],[-122.36877,37.8127],[-122.36831,37.81256],[-122.36814,37.81254],[-122.36802,37.81245],[-122.3677,37.81237],[-122.36756,37.81233],[-122.36729,37.81232],[-122.36707,37.81234],[-122.367,37.81235],[-122.36687,37.81242],[-122.36679,37.81242],[-122.36671,37.81245],[-122.36643,37.81259],[-122.36634,37.8126],[-122.36621,37.81268],[-122.36604,37.81282],[-122.3659,37.81283],[-122.36575,37.81292],[-122.36573,37.81297],[-122.3657,37.81299],[-122.36561,37.81299],[-122.36561,37.81303],[-122.36553,37.81302],[-122.36518,37.81319],[-122.36518,37.81319],[-122.36515,37.81325],[-122.36505,37.81325],[-122.36501,37.81329],[-122.36502,37.81336],[-122.36499,37.81347],[-122.36495,37.81356],[-122.3649,37.81356],[-122.36488,37.8136],[-122.3648,37.81362],[-122.36474,37.8137],[-122.36476,37.81373],[-122.36463,37.81374],[-122.36459,37.8138],[-122.36459,37.81385],[-122.36442,37.81385],[-122.36438,37.81393],[-122.36424,37.81392],[-122.36419,37.81397],[-122.36409,37.81406],[-122.3639,37.81408],[-122.36382,37.81403],[-122.36358,37.81399],[-122.3634,37.81404],[-122.3633,37.81403],[-122.36301,37.81415],[-122.36267,37.81412],[-122.36229,37.81412],[-122.36208,37.81415],[-122.36194,37.81426],[-122.36193,37.81436],[-122.36183,37.81437],[-122.36182,37.8144],[-122.36178,37.81442],[-122.36175,37.81446],[-122.3617,37.81447],[-122.36165,37.81445],[-122.36161,37.81446],[-122.36159,37.81451],[-122.36156,37.8145],[-122.3615,37.81449],[-122.36139,37.81452],[-122.36129,37.81452],[-122.36121,37.81454],[-122.36118,37.81459],[-122.36107,37.81459],[-122.36098,37.81461],[-122.36092,37.81464],[-122.36082,37.81463],[-122.36078,37.81466],[-122.36074,37.81473],[-122.3606,37.81468],[-122.3604,37.81469],[-122.35993,37.81484],[-122.3598,37.81492],[-122.35953,37.81503],[-122.35938,37.81504],[-122.35931,37.81499],[-122.35928,37.81496],[-122.3591,37.81488],[-122.35891,37.81477],[-122.35886,37.8147],[-122.35885,37.8146],[-122.35888,37.81449],[-122.35887,37.8144],[-122.35891,37.8143],[-122.35902,37.81402],[-122.35905,37.81396],[-122.35919,37.81368],[-122.35918,37.81362],[-122.35915,37.81363],[-122.35913,37.8136],[-122.35918,37.81358],[-122.35922,37.8135],[-122.35928,37.81344],[-122.35953,37.81337],[-122.35957,37.81339],[-122.35969,37.81334],[-122.36011,37.81311],[-122.36059,37.81284],[-122.36092,37.81261],[-122.36104,37.81247],[-122.3611,37.8123],[-122.36113,37.81205],[-122.36109,37.8119],[-122.36111,37.81157],[-122.36124,37.81127],[-122.36124,37.81126],[-122.36126,37.81111],[-122.3613,37.8109],[-122.3613,37.81074],[-122.36127,37.8106],[-122.3612,37.81038],[-122.3612,37.81037],[-122.36119,37.81025],[-122.3607,37.81032],[-122.3604,37.81092],[-122.36036,37.8109],[-122.36035,37.81094],[-122.36024,37.8109],[-122.36057,37.8102],[-122.36114,37.81012],[-122.36115,37.81012],[-122.36108,37.81012],[-122.36115,37.81011],[-122.36097,37.80809],[-122.36131,37.80806],[-122.36147,37.80781],[-122.36166,37.80772],[-122.36169,37.80771],[-122.36174,37.80756],[-122.36179,37.80743],[-122.36185,37.80734],[-122.36178,37.80726],[-122.3618,37.80723],[-122.36183,37.80717],[-122.36189,37.80714],[-122.36189,37.80708],[-122.362,37.80703],[-122.36204,37.80706],[-122.3621,37.80701],[-122.36217,37.80704],[-122.36226,37.80701],[-122.36235,37.80701],[-122.36247,37.80704],[-122.36262,37.80707],[-122.36272,37.80724],[-122.36273,37.80726],[-122.36279,37.80735],[-122.36288,37.80731],[-122.36304,37.80742],[-122.36312,37.80742],[-122.36322,37.80748],[-122.3634,37.80748],[-122.36363,37.80745],[-122.36396,37.80748],[-122.36412,37.80755],[-122.36436,37.80755],[-122.36462,37.80753],[-122.36473,37.80749],[-122.36476,37.80747],[-122.3648,37.80742],[-122.36498,37.80741],[-122.36507,37.80747],[-122.36513,37.8075],[-122.36515,37.80752],[-122.36514,37.80759],[-122.36522,37.80763],[-122.36531,37.80763],[-122.3658,37.80761],[-122.36587,37.80758],[-122.36593,37.80755],[-122.36599,37.80755],[-122.36609,37.80747],[-122.36617,37.80743],[-122.36629,37.80738],[-122.36641,37.80741],[-122.36659,37.8074],[-122.36668,37.8074],[-122.36685,37.80735],[-122.36711,37.80739],[-122.36725,37.80739],[-122.36732,37.80754],[-122.36734,37.8076],[-122.3674,37.80764],[-122.3674,37.80764],[-122.36743,37.80768],[-122.36746,37.80771],[-122.36767,37.80783],[-122.3677,37.80785],[-122.36779,37.80788],[-122.36788,37.80788],[-122.36793,37.80777],[-122.36796,37.80777],[-122.36801,37.80776],[-122.36803,37.80779],[-122.36816,37.80791],[-122.36822,37.80792],[-122.36853,37.80796],[-122.36878,37.80808],[-122.36902,37.80823],[-122.36904,37.80827],[-122.36919,37.80838],[-122.36924,37.80834],[-122.36927,37.80835],[-122.36923,37.80839],[-122.36928,37.80844],[-122.36963,37.80859],[-122.36978,37.80863],[-122.37012,37.80862],[-122.3703,37.80863],[-122.37046,37.80873],[-122.37061,37.80891],[-122.37073,37.809],[-122.37091,37.80904],[-122.37109,37.80915],[-122.37111,37.80918],[-122.37128,37.80922],[-122.3716,37.80944],[-122.37169,37.80949],[-122.37193,37.80987],[-122.37203,37.81006],[-122.37216,37.81016],[-122.37225,37.81021],[-122.37229,37.81027],[-122.37237,37.81039],[-122.37256,37.81051],[-122.37265,37.81059],[-122.37282,37.81077],[-122.37284,37.81087],[-122.37283,37.811],[-122.37284,37.81111],[-122.37286,37.81118],[-122.37281,37.81123],[-122.37264,37.81124],[-122.37251,37.81124],[-122.37227,37.81133],[-122.37217,37.81135],[-122.3721,37.81153],[-122.37204,37.81162],[-122.37201,37.81182],[-122.37195,37.81192],[-122.37191,37.81201],[-122.37186,37.81211],[-122.37187,37.81231],[-122.37179,37.81243],[-122.37179,37.81269],[-122.37172,37.81277],[-122.37169,37.81285],[-122.37167,37.81295],[-122.37161,37.81299],[-122.37157,37.81304],[-122.37165,37.81312],[-122.37175,37.81316],[-122.37173,37.81322],[-122.37179,37.81331],[-122.37178,37.81337],[-122.37177,37.81357],[-122.37157,37.81356],[-122.37144,37.81356],[-122.37136,37.81392],[-122.37125,37.81444],[-122.37127,37.81471],[-122.37147,37.81526],[-122.37171,37.81563],[-122.37411,37.81921],[-122.37443,37.81969],[-122.3748,37.82024],[-122.37491,37.82021],[-122.37496,37.82011],[-122.37508,37.81986],[-122.37523,37.81957],[-122.3754,37.81961],[-122.3754,37.81968],[-122.37527,37.81991],[-122.37507,37.82027],[-122.37505,37.8203],[-122.37491,37.82027],[-122.37484,37.8203],[-122.37486,37.82034],[-122.37506,37.82063],[-122.37546,37.82113],[-122.37556,37.82125],[-122.37559,37.82137],[-122.37586,37.82178],[-122.37614,37.82214],[-122.37625,37.82226],[-122.37636,37.82253],[-122.37637,37.82254],[-122.37654,37.82267],[-122.37663,37.82276],[-122.37679,37.82299],[-122.37683,37.82317],[-122.37702,37.82354],[-122.37886,37.82627],[-122.37912,37.82678],[-122.3791,37.82689],[-122.37896,37.82732],[-122.37888,37.8275],[-122.37883,37.82761],[-122.37862,37.82817],[-122.3783,37.82902],[-122.37824,37.82919],[-122.37814,37.8294],[-122.37807,37.82954],[-122.37802,37.82963],[-122.37769,37.83044],[-122.37756,37.83051],[-122.37727,37.83065],[-122.37684,37.83086],[-122.37663,37.83094],[-122.37625,37.8311],[-122.37518,37.83154],[-122.3749,37.83167],[-122.37461,37.83185],[-122.37445,37.83195],[-122.37435,37.83201],[-122.37421,37.83206],[-122.37418,37.83206],[-122.37408,37.83206],[-122.37379,37.83216],[-122.37372,37.83219],[-122.37343,37.83231],[-122.37332,37.8324],[-122.37331,37.83241],[-122.37326,37.83257],[-122.37318,37.8328],[-122.37304,37.833],[-122.3728,37.83319],[-122.37259,37.83329],[-122.37245,37.8333],[-122.37241,37.83323],[-122.37244,37.83317],[-122.3725,37.83315],[-122.37258,37.83314],[-122.37272,37.83307],[-122.37284,37.83299],[-122.37299,37.83283],[-122.37309,37.83259],[-122.37315,37.83239],[-122.37317,37.8323],[-122.37313,37.83225],[-122.37051,37.83161],[-122.36871,37.83117],[-122.36862,37.83115],[-122.36851,37.831],[-122.36784,37.8301],[-122.36778,37.83001],[-122.36776,37.82998],[-122.36768,37.82985],[-122.36745,37.8295],[-122.36744,37.82949],[-122.36743,37.82948],[-122.36714,37.82904],[-122.36579,37.82702],[-122.36518,37.82611],[-122.36353,37.82364],[-122.36284,37.82259],[-122.36308,37.82197],[-122.36324,37.82154],[-122.36341,37.8211],[-122.36344,37.82104],[-122.36357,37.82089],[-122.36358,37.82087]]]]},"properties":{"nhood":"Treasure Island"}},{"type":"Feature","geometry":{"type":"MultiPolygon","coordinates":[[[[-122.4463,37.79188],[-122.44612,37.791],[-122.44593,37.79012],[-122.44576,37.78925],[-122.44559,37.78836],[-122.4454,37.78744],[-122.44375,37.78765],[-122.44356,37.78669],[-122.44337,37.78576],[-122.44318,37.78483],[-122.44299,37.7839],[-122.44279,37.78289],[-122.44444,37.78268],[-122.44571,37.78252],[-122.4458,37.78251],[-122.44583,37.78251],[-122.44585,37.78251],[-122.44677,37.78246],[-122.4473,37.78239],[-122.44732,37.78243],[-122.44737,37.78256],[-122.44806,37.78248],[-122.44899,37.78236],[-122.44908,37.78231],[-122.45003,37.7822],[-122.45009,37.78212],[-122.4502,37.78218],[-122.45105,37.78207],[-122.45112,37.78198],[-122.45123,37.78205],[-122.45206,37.78195],[-122.45214,37.78185],[-122.45225,37.78191],[-122.4531,37.7818],[-122.45317,37.78172],[-122.45327,37.78178],[-122.45407,37.78169],[-122.45418,37.7816],[-122.45428,37.78166],[-122.45521,37.78154],[-122.45528,37.78146],[-122.45538,37.78152],[-122.45547,37.78151],[-122.45552,37.78143],[-122.45563,37.78149],[-122.45623,37.78145],[-122.4563,37.78138],[-122.4564,37.78145],[-122.45663,37.78144],[-122.45765,37.7814],[-122.45773,37.78131],[-122.45782,37.78138],[-122.45873,37.78134],[-122.45886,37.78126],[-122.459,37.78319],[-122.45904,37.78383],[-122.45913,37.78506],[-122.45918,37.78568],[-122.45926,37.78662],[-122.45928,37.78691],[-122.45932,37.78752],[-122.45939,37.7884],[-122.45945,37.7893],[-122.45948,37.78971],[-122.45903,37.78972],[-122.45748,37.79003],[-122.45584,37.79035],[-122.45423,37.79068],[-122.45274,37.79097],[-122.45099,37.79132],[-122.44943,37.79164],[-122.44937,37.79149],[-122.44768,37.7917],[-122.4463,37.79188]]]]},"properties":{"nhood":"Presidio Heights"}},{"type":"Feature","geometry":{"type":"MultiPolygon","coordinates":[[[[-122.44813,37.80689],[-122.44818,37.80675],[-122.44815,37.80635],[-122.44818,37.80634],[-122.44839,37.80622],[-122.44849,37.80609],[-122.44832,37.80499],[-122.44828,37.80472],[-122.44824,37.80448],[-122.44882,37.80423],[-122.44912,37.80401],[-122.44939,37.80371],[-122.4495,37.80347],[-122.44958,37.80315],[-122.44956,37.80279],[-122.44946,37.80245],[-122.44918,37.80207],[-122.4488,37.80177],[-122.44836,37.80159],[-122.44792,37.80153],[-122.44782,37.80163],[-122.4477,37.80083],[-122.44766,37.80068],[-122.44761,37.80032],[-122.44747,37.79939],[-122.44734,37.79855],[-122.4473,37.79846],[-122.44716,37.79751],[-122.44701,37.79658],[-122.44687,37.79564],[-122.44673,37.79471],[-122.44665,37.79419],[-122.44659,37.79377],[-122.44652,37.79334],[-122.44645,37.79281],[-122.4463,37.79188],[-122.44768,37.7917],[-122.44937,37.79149],[-122.44943,37.79164],[-122.45099,37.79132],[-122.45274,37.79097],[-122.45423,37.79068],[-122.45584,37.79035],[-122.45748,37.79003],[-122.45903,37.78972],[-122.45948,37.78971],[-122.45992,37.78954],[-122.46358,37.78881],[-122.46478,37.78856],[-122.46584,37.78835],[-122.46692,37.78813],[-122.46799,37.78785],[-122.47008,37.7874],[-122.47091,37.78722],[-122.47116,37.78722],[-122.47223,37.78723],[-122.47235,37.78723],[-122.47247,37.78723],[-122.47332,37.78719],[-122.47443,37.78697],[-122.47555,37.78678],[-122.47662,37.7868],[-122.4777,37.7868],[-122.47878,37.7869],[-122.47985,37.7868],[-122.481,37.78707],[-122.48187,37.78722],[-122.4838,37.78774],[-122.48453,37.78922],[-122.48399,37.78977],[-122.48431,37.79007],[-122.48432,37.78995],[-122.48441,37.78964],[-122.48505,37.78953],[-122.48543,37.78982],[-122.48594,37.79084],[-122.4859,37.79089],[-122.48574,37.79102],[-122.48558,37.79124],[-122.48541,37.79147],[-122.48529,37.79171],[-122.485,37.79195],[-122.48475,37.79222],[-122.48454,37.79252],[-122.48436,37.79274],[-122.48418,37.79306],[-122.48407,37.79329],[-122.48386,37.79365],[-122.48359,37.79404],[-122.48329,37.79467],[-122.48352,37.79473],[-122.48309,37.79561],[-122.483,37.7959],[-122.48285,37.79618],[-122.48277,37.79649],[-122.48267,37.79681],[-122.4825,37.79715],[-122.48235,37.7975],[-122.48218,37.79783],[-122.48217,37.798],[-122.48214,37.79813],[-122.48209,37.79823],[-122.48212,37.79829],[-122.48213,37.79833],[-122.48211,37.79837],[-122.4821,37.7984],[-122.48209,37.79844],[-122.48208,37.79847],[-122.48204,37.79851],[-122.48196,37.79854],[-122.48187,37.79854],[-122.48183,37.79857],[-122.48191,37.79873],[-122.48193,37.79877],[-122.48189,37.79878],[-122.48178,37.79869],[-122.48176,37.7988],[-122.48174,37.79881],[-122.48173,37.79885],[-122.4817,37.79886],[-122.48155,37.79875],[-122.48155,37.79879],[-122.48168,37.79889],[-122.48169,37.79893],[-122.48164,37.79893],[-122.48162,37.79895],[-122.4816,37.79898],[-122.48158,37.79901],[-122.48156,37.79904],[-122.48155,37.79909],[-122.48154,37.79914],[-122.48151,37.79921],[-122.48147,37.79927],[-122.48142,37.79933],[-122.48138,37.79937],[-122.48139,37.7994],[-122.48139,37.79945],[-122.48131,37.79952],[-122.4812,37.79956],[-122.48111,37.79961],[-122.48107,37.7997],[-122.48106,37.79982],[-122.48104,37.79987],[-122.48099,37.79994],[-122.48098,37.80001],[-122.48098,37.80022],[-122.48097,37.80033],[-122.48086,37.80039],[-122.48076,37.80044],[-122.48068,37.80058],[-122.48066,37.80065],[-122.48059,37.80073],[-122.48054,37.80082],[-122.48047,37.80095],[-122.48038,37.80109],[-122.4803,37.80129],[-122.4802,37.80142],[-122.48018,37.80156],[-122.48007,37.80184],[-122.48003,37.80206],[-122.48004,37.80224],[-122.48001,37.80239],[-122.47997,37.8026],[-122.47993,37.80275],[-122.4799,37.8029],[-122.47981,37.80306],[-122.47973,37.80321],[-122.47968,37.80331],[-122.47961,37.80343],[-122.4795,37.80357],[-122.47936,37.80386],[-122.47917,37.80433],[-122.47915,37.80448],[-122.47906,37.80469],[-122.47895,37.80488],[-122.47881,37.80529],[-122.47873,37.80549],[-122.47872,37.80568],[-122.4787,37.80584],[-122.47869,37.80596],[-122.47863,37.80601],[-122.47865,37.80609],[-122.47863,37.80612],[-122.47866,37.80617],[-122.47864,37.80628],[-122.47863,37.80635],[-122.47862,37.80647],[-122.47858,37.80664],[-122.47856,37.80679],[-122.47855,37.80696],[-122.47853,37.80707],[-122.47853,37.80718],[-122.47852,37.80725],[-122.47849,37.80731],[-122.47848,37.80741],[-122.4785,37.80755],[-122.47848,37.80783],[-122.47841,37.80809],[-122.47806,37.80828],[-122.4779,37.80845],[-122.47789,37.80853],[-122.47792,37.80867],[-122.47796,37.80925],[-122.47792,37.80978],[-122.47796,37.81011],[-122.47792,37.81032],[-122.47798,37.81054],[-122.47769,37.81063],[-122.47774,37.81094],[-122.47767,37.81096],[-122.47731,37.81103],[-122.47695,37.81098],[-122.47662,37.81088],[-122.47656,37.81089],[-122.47647,37.81084],[-122.4764,37.81076],[-122.47624,37.81042],[-122.47619,37.81024],[-122.47615,37.80986],[-122.47605,37.80964],[-122.47597,37.80957],[-122.47579,37.80949],[-122.47554,37.80939],[-122.47495,37.80926],[-122.4748,37.80918],[-122.47448,37.80914],[-122.47406,37.80911],[-122.47325,37.8091],[-122.47267,37.80903],[-122.47225,37.80897],[-122.47181,37.80887],[-122.47158,37.80886],[-122.47124,37.8088],[-122.47093,37.80872],[-122.47066,37.80861],[-122.4706,37.8086],[-122.47003,37.80943],[-122.46999,37.80945],[-122.46992,37.80944],[-122.4694,37.8092],[-122.46939,37.80917],[-122.46945,37.80907],[-122.46951,37.80905],[-122.47005,37.80929],[-122.47054,37.80858],[-122.47054,37.80858],[-122.47042,37.80845],[-122.47023,37.80835],[-122.4701,37.80827],[-122.47001,37.8082],[-122.46982,37.8081],[-122.46959,37.80795],[-122.4693,37.80773],[-122.46923,37.80757],[-122.46911,37.80737],[-122.46887,37.80707],[-122.46879,37.807],[-122.46864,37.80692],[-122.46844,37.80686],[-122.4683,37.80682],[-122.46815,37.80698],[-122.46804,37.80691],[-122.4682,37.80674],[-122.46815,37.8067],[-122.46793,37.80656],[-122.46777,37.80646],[-122.46736,37.80614],[-122.4672,37.80601],[-122.467,37.80591],[-122.46667,37.8058],[-122.46647,37.80599],[-122.46606,37.80642],[-122.46589,37.80631],[-122.46595,37.80624],[-122.46606,37.8063],[-122.46607,37.80629],[-122.46612,37.80632],[-122.46665,37.80579],[-122.46607,37.80558],[-122.4659,37.80557],[-122.46565,37.80549],[-122.46546,37.80539],[-122.46455,37.80511],[-122.46423,37.805],[-122.46399,37.80494],[-122.46358,37.80488],[-122.46327,37.80489],[-122.46295,37.80492],[-122.46243,37.80501],[-122.46221,37.80502],[-122.46203,37.80496],[-122.4619,37.80493],[-122.4616,37.80496],[-122.46127,37.80502],[-122.46101,37.80509],[-122.45977,37.80525],[-122.45958,37.80529],[-122.45954,37.80531],[-122.4595,37.80532],[-122.45946,37.80533],[-122.45942,37.80534],[-122.45938,37.80535],[-122.45935,37.80536],[-122.45931,37.80537],[-122.45927,37.80538],[-122.45923,37.80539],[-122.45919,37.80539],[-122.45915,37.8054],[-122.45911,37.80541],[-122.45907,37.80541],[-122.45903,37.80542],[-122.45898,37.80542],[-122.45894,37.80543],[-122.4589,37.80543],[-122.45886,37.80543],[-122.45879,37.80544],[-122.45874,37.80544],[-122.45868,37.80544],[-122.45863,37.80545],[-122.45858,37.80546],[-122.45853,37.80546],[-122.45847,37.80547],[-122.45842,37.80548],[-122.45837,37.80549],[-122.45832,37.8055],[-122.45827,37.80551],[-122.45822,37.80552],[-122.45817,37.80553],[-122.45812,37.80554],[-122.45807,37.80555],[-122.45799,37.80557],[-122.45794,37.80559],[-122.45788,37.80561],[-122.45783,37.80563],[-122.45778,37.80565],[-122.45772,37.80567],[-122.45767,37.80568],[-122.45761,37.8057],[-122.45756,37.80572],[-122.4575,37.80573],[-122.45744,37.80574],[-122.45739,37.80576],[-122.45733,37.80577],[-122.45727,37.80578],[-122.45719,37.80579],[-122.45708,37.8058],[-122.45697,37.80582],[-122.45686,37.80583],[-122.45676,37.80584],[-122.45665,37.80586],[-122.45654,37.80588],[-122.45644,37.8059],[-122.45633,37.80592],[-122.45622,37.80594],[-122.45612,37.80596],[-122.45601,37.80599],[-122.45591,37.80601],[-122.45581,37.80604],[-122.4557,37.80607],[-122.45556,37.80611],[-122.45531,37.8062],[-122.45448,37.80647],[-122.45435,37.80648],[-122.45431,37.80646],[-122.45429,37.80638],[-122.45409,37.80636],[-122.45407,37.80635],[-122.45382,37.80629],[-122.4533,37.80626],[-122.45278,37.80627],[-122.45244,37.80627],[-122.45165,37.80635],[-122.45091,37.80653],[-122.45046,37.80665],[-122.44991,37.80672],[-122.44982,37.80672],[-122.44972,37.80672],[-122.44963,37.80673],[-122.44955,37.80677],[-122.44948,37.8068],[-122.4494,37.80682],[-122.4493,37.80684],[-122.44917,37.80684],[-122.44911,37.80683],[-122.44905,37.80682],[-122.44901,37.80678],[-122.44889,37.80673],[-122.44881,37.80671],[-122.44873,37.8067],[-122.44857,37.80676],[-122.44841,37.80679],[-122.4484,37.80679],[-122.44839,37.8068],[-122.44837,37.8068],[-122.44836,37.8068],[-122.44835,37.8068],[-122.44834,37.80681],[-122.44832,37.80681],[-122.44831,37.80681],[-122.4483,37.80682],[-122.44829,37.80682],[-122.44827,37.80683],[-122.44826,37.80683],[-122.44825,37.80683],[-122.44824,37.80684],[-122.44823,37.80684],[-122.44822,37.80685],[-122.4482,37.80685],[-122.44819,37.80686],[-122.44818,37.80686],[-122.44817,37.80687],[-122.44816,37.80687],[-122.44815,37.80688],[-122.44814,37.80689],[-122.44813,37.80689]]]]},"properties":{"nhood":"Presidio"}},{"type":"Feature","geometry":{"type":"MultiPolygon","coordinates":[[[[-122.38487,37.76724],[-122.38485,37.76701],[-122.38286,37.76714],[-122.3828,37.76678],[-122.38586,37.7666],[-122.3859,37.76652],[-122.38592,37.76641],[-122.38593,37.76636],[-122.38591,37.76628],[-122.38599,37.76617],[-122.38629,37.76569],[-122.38637,37.7656],[-122.38652,37.76541],[-122.38654,37.76529],[-122.38647,37.76528],[-122.38644,37.76506],[-122.38645,37.76493],[-122.38648,37.76491],[-122.3865,37.76481],[-122.38649,37.76462],[-122.38645,37.76461],[-122.38645,37.7644],[-122.38648,37.7644],[-122.38648,37.76437],[-122.3866,37.76432],[-122.3866,37.76426],[-122.3866,37.76426],[-122.3866,37.76426],[-122.3866,37.76426],[-122.3866,37.76426],[-122.3866,37.76426],[-122.3866,37.76426],[-122.3866,37.76426],[-122.38659,37.76426],[-122.38659,37.76426],[-122.38659,37.76426],[-122.38659,37.76426],[-122.38659,37.76426],[-122.38659,37.76426],[-122.38659,37.76426],[-122.38659,37.76426],[-122.38659,37.76426],[-122.38659,37.76426],[-122.38659,37.76426],[-122.38659,37.76426],[-122.38659,37.76426],[-122.38658,37.76426],[-122.38658,37.76426],[-122.38658,37.76426],[-122.38658,37.76426],[-122.38658,37.76426],[-122.38658,37.76426],[-122.38658,37.76426],[-122.38658,37.76425],[-122.38658,37.76425],[-122.38658,37.76425],[-122.38658,37.76425],[-122.38658,37.76425],[-122.38658,37.76425],[-122.38658,37.76425],[-122.38657,37.76425],[-122.38657,37.76425],[-122.38657,37.76425],[-122.38657,37.76425],[-122.38657,37.76425],[-122.38657,37.76425],[-122.38657,37.76425],[-122.38657,37.76425],[-122.38657,37.76425],[-122.38657,37.76425],[-122.38657,37.76425],[-122.38657,37.76425],[-122.38657,37.76425],[-122.38657,37.76425],[-122.38657,37.76425],[-122.38657,37.76425],[-122.38657,37.76425],[-122.38656,37.76425],[-122.38656,37.76424],[-122.38656,37.76424],[-122.38656,37.76424],[-122.38656,37.76424],[-122.38656,37.76424],[-122.38656,37.76424],[-122.38656,37.76424],[-122.38656,37.76424],[-122.38656,37.76424],[-122.38656,37.76424],[-122.38656,37.76424],[-122.38656,37.76424],[-122.38656,37.76424],[-122.38656,37.76424],[-122.38656,37.76424],[-122.38656,37.76424],[-122.38656,37.76424],[-122.38656,37.76424],[-122.38656,37.76423],[-122.38656,37.76423],[-122.38656,37.76423],[-122.38656,37.76423],[-122.38656,37.76423],[-122.38656,37.76423],[-122.38656,37.76423],[-122.38656,37.76423],[-122.38656,37.76423],[-122.38656,37.76423],[-122.38656,37.76423],[-122.38656,37.76423],[-122.38656,37.76423],[-122.38656,37.76423],[-122.38655,37.76423],[-122.38655,37.76423],[-122.38655,37.76423],[-122.38655,37.76422],[-122.38655,37.76422],[-122.38655,37.76422],[-122.38655,37.76422],[-122.38655,37.76422],[-122.38655,37.76422],[-122.38655,37.76422],[-122.38655,37.76422],[-122.38655,37.76422],[-122.38655,37.76422],[-122.38656,37.76422],[-122.38656,37.76422],[-122.38656,37.76422],[-122.38656,37.76422],[-122.38656,37.76422],[-122.38656,37.76421],[-122.38656,37.76421],[-122.38656,37.76421],[-122.38656,37.76421],[-122.38656,37.76421],[-122.38656,37.76421],[-122.38656,37.76421],[-122.38656,37.76421],[-122.38656,37.76421],[-122.38656,37.76421],[-122.38672,37.7641],[-122.38674,37.76402],[-122.38674,37.76402],[-122.38674,37.76402],[-122.38674,37.76402],[-122.38674,37.76402],[-122.38674,37.76402],[-122.38674,37.76402],[-122.38674,37.76402],[-122.38674,37.76402],[-122.38674,37.76402],[-122.38673,37.76401],[-122.38673,37.76401],[-122.38673,37.76401],[-122.38673,37.76401],[-122.38673,37.76401],[-122.38673,37.76401],[-122.38673,37.76401],[-122.38673,37.76401],[-122.38673,37.76401],[-122.38673,37.76401],[-122.38673,37.764],[-122.38673,37.764],[-122.38673,37.764],[-122.38673,37.764],[-122.38673,37.764],[-122.38672,37.764],[-122.38672,37.764],[-122.38672,37.764],[-122.38672,37.764],[-122.38672,37.764],[-122.38672,37.764],[-122.38672,37.764],[-122.38672,37.76399],[-122.38672,37.76399],[-122.38672,37.76399],[-122.38672,37.76399],[-122.38671,37.76399],[-122.38671,37.76399],[-122.38671,37.76399],[-122.38671,37.76399],[-122.38671,37.76399],[-122.38671,37.76399],[-122.38671,37.76399],[-122.38671,37.76399],[-122.38671,37.76399],[-122.3867,37.76399],[-122.3867,37.76398],[-122.3867,37.76398],[-122.3867,37.76398],[-122.3867,37.76398],[-122.3867,37.76398],[-122.3867,37.76398],[-122.3867,37.76398],[-122.38669,37.76398],[-122.38669,37.76398],[-122.38669,37.76398],[-122.38669,37.76398],[-122.38669,37.76398],[-122.38669,37.76398],[-122.38669,37.76398],[-122.38669,37.76398],[-122.38668,37.76398],[-122.38668,37.76398],[-122.38668,37.76398],[-122.38668,37.76398],[-122.38668,37.76398],[-122.38668,37.76398],[-122.38668,37.76398],[-122.38668,37.76398],[-122.38667,37.76398],[-122.38667,37.76398],[-122.38667,37.76398],[-122.38667,37.76398],[-122.38667,37.76398],[-122.38667,37.76398],[-122.38667,37.76398],[-122.38666,37.76398],[-122.38666,37.76398],[-122.38666,37.76398],[-122.38666,37.76398],[-122.38666,37.76398],[-122.38666,37.76398],[-122.38666,37.76398],[-122.38665,37.76398],[-122.38665,37.76398],[-122.38665,37.76398],[-122.38665,37.76398],[-122.38665,37.76398],[-122.38665,37.76398],[-122.38665,37.76398],[-122.38665,37.76398],[-122.38664,37.76397],[-122.38664,37.76397],[-122.38664,37.76397],[-122.38664,37.76397],[-122.38664,37.76397],[-122.38664,37.76397],[-122.38664,37.76397],[-122.38664,37.76397],[-122.38663,37.76397],[-122.38663,37.76397],[-122.38663,37.76397],[-122.38663,37.76397],[-122.38663,37.76397],[-122.38663,37.76397],[-122.38663,37.76397],[-122.38663,37.76397],[-122.38663,37.76397],[-122.38663,37.76397],[-122.38662,37.76396],[-122.38662,37.76396],[-122.38662,37.76396],[-122.38662,37.76396],[-122.38662,37.76396],[-122.38662,37.76396],[-122.38662,37.76396],[-122.38662,37.76396],[-122.38662,37.76396],[-122.38662,37.76396],[-122.38662,37.76396],[-122.38662,37.76396],[-122.38661,37.76396],[-122.38661,37.76396],[-122.38661,37.76395],[-122.38661,37.76395],[-122.38661,37.76395],[-122.38661,37.76395],[-122.38661,37.76395],[-122.38661,37.76395],[-122.38661,37.76395],[-122.38661,37.76395],[-122.38661,37.76395],[-122.38661,37.76395],[-122.38661,37.76395],[-122.38661,37.76394],[-122.38661,37.76394],[-122.38661,37.76394],[-122.3866,37.76394],[-122.3866,37.76394],[-122.3866,37.76394],[-122.3866,37.76394],[-122.3866,37.76394],[-122.3866,37.76394],[-122.3866,37.76394],[-122.3866,37.76393],[-122.3866,37.76393],[-122.3866,37.76393],[-122.3866,37.76393],[-122.3866,37.76393],[-122.3866,37.76393],[-122.3866,37.76393],[-122.3866,37.76393],[-122.3866,37.76393],[-122.3866,37.76393],[-122.3866,37.76392],[-122.3866,37.76392],[-122.3866,37.76392],[-122.3866,37.76392],[-122.3866,37.76392],[-122.3866,37.76392],[-122.3866,37.76392],[-122.3866,37.76392],[-122.3866,37.76392],[-122.3866,37.76392],[-122.3866,37.76391],[-122.3866,37.76391],[-122.3866,37.76391],[-122.3866,37.76391],[-122.3866,37.76391],[-122.3866,37.76391],[-122.3866,37.76391],[-122.3866,37.76391],[-122.3866,37.76391],[-122.3866,37.76391],[-122.3866,37.7639],[-122.3866,37.7639],[-122.3866,37.7639],[-122.3866,37.7639],[-122.3866,37.7639],[-122.38661,37.7639],[-122.38661,37.7639],[-122.38661,37.7639],[-122.38661,37.7639],[-122.38661,37.7639],[-122.38661,37.7639],[-122.38661,37.76389],[-122.38661,37.76389],[-122.38661,37.76389],[-122.38674,37.76381],[-122.38683,37.76374],[-122.38684,37.76373],[-122.38684,37.76373],[-122.38685,37.76373],[-122.38685,37.76372],[-122.38686,37.76372],[-122.38686,37.76371],[-122.38686,37.76371],[-122.38687,37.76371],[-122.38687,37.7637],[-122.38688,37.7637],[-122.38688,37.7637],[-122.38689,37.76369],[-122.3869,37.76369],[-122.3869,37.76369],[-122.38691,37.76368],[-122.38691,37.76368],[-122.38692,37.76368],[-122.38692,37.76367],[-122.38693,37.76367],[-122.38693,37.76367],[-122.38694,37.76367],[-122.38695,37.76366],[-122.38695,37.76366],[-122.38696,37.76366],[-122.38696,37.76366],[-122.38697,37.76365],[-122.38698,37.76365],[-122.38698,37.76365],[-122.38699,37.76365],[-122.387,37.76364],[-122.387,37.76364],[-122.38701,37.76364],[-122.38701,37.76364],[-122.38702,37.76364],[-122.38703,37.76364],[-122.38703,37.76363],[-122.38704,37.76363],[-122.38705,37.76363],[-122.38705,37.76363],[-122.38706,37.76363],[-122.38707,37.76363],[-122.38727,37.76361],[-122.38724,37.76351],[-122.3869,37.76355],[-122.38689,37.76348],[-122.38678,37.76342],[-122.38673,37.76347],[-122.38663,37.76344],[-122.38664,37.76343],[-122.3865,37.76339],[-122.3866,37.76319],[-122.38631,37.7631],[-122.38621,37.76332],[-122.38551,37.76333],[-122.3855,37.76323],[-122.38528,37.76324],[-122.38529,37.76337],[-122.38518,37.76337],[-122.3851,37.76232],[-122.38468,37.76211],[-122.38429,37.76213],[-122.38446,37.76405],[-122.3843,37.76406],[-122.38413,37.76226],[-122.38343,37.7623],[-122.38345,37.76247],[-122.38363,37.76246],[-122.38367,37.76255],[-122.38374,37.76254],[-122.38391,37.76414],[-122.38383,37.76415],[-122.38381,37.76424],[-122.38358,37.76425],[-122.38354,37.76416],[-122.38346,37.76417],[-122.38346,37.76413],[-122.3833,37.76414],[-122.38311,37.76232],[-122.38229,37.76237],[-122.38251,37.76461],[-122.38234,37.76461],[-122.38212,37.76238],[-122.38175,37.76241],[-122.38169,37.76474],[-122.38163,37.76474],[-122.38163,37.7648],[-122.38149,37.76481],[-122.38145,37.76494],[-122.38117,37.76493],[-122.38112,37.7648],[-122.38098,37.7648],[-122.38103,37.76222],[-122.38331,37.76208],[-122.38219,37.76088],[-122.38218,37.76088],[-122.38218,37.76088],[-122.38218,37.76088],[-122.38218,37.76088],[-122.38218,37.76088],[-122.38218,37.76088],[-122.38218,37.76088],[-122.38217,37.76088],[-122.38217,37.76088],[-122.38217,37.76088],[-122.38217,37.76089],[-122.38217,37.76089],[-122.38217,37.76089],[-122.38216,37.76089],[-122.38216,37.76089],[-122.38216,37.76089],[-122.38216,37.76089],[-122.38216,37.76089],[-122.38215,37.76089],[-122.38215,37.76089],[-122.38215,37.76089],[-122.38215,37.76089],[-122.38215,37.76089],[-122.38215,37.76089],[-122.38214,37.76089],[-122.38214,37.76089],[-122.38214,37.76089],[-122.38214,37.76089],[-122.38214,37.76089],[-122.38214,37.76089],[-122.38213,37.76089],[-122.38213,37.76089],[-122.38213,37.76089],[-122.38213,37.76089],[-122.38213,37.76089],[-122.38212,37.76089],[-122.38212,37.76089],[-122.38212,37.76089],[-122.38212,37.76089],[-122.38212,37.76089],[-122.38212,37.76089],[-122.38211,37.76089],[-122.38211,37.76089],[-122.38211,37.76089],[-122.38211,37.76089],[-122.38211,37.76089],[-122.38211,37.76089],[-122.3821,37.76089],[-122.3821,37.76089],[-122.3821,37.76089],[-122.3821,37.76088],[-122.3821,37.76088],[-122.3821,37.76088],[-122.38209,37.76088],[-122.38209,37.76088],[-122.38209,37.76088],[-122.38209,37.76088],[-122.38209,37.76088],[-122.38209,37.76088],[-122.38208,37.76088],[-122.38208,37.76088],[-122.38208,37.76088],[-122.38208,37.76088],[-122.38208,37.76088],[-122.38208,37.76088],[-122.38207,37.76087],[-122.38207,37.76087],[-122.38207,37.76087],[-122.38207,37.76087],[-122.38207,37.76087],[-122.38207,37.76087],[-122.38207,37.76087],[-122.38207,37.76087],[-122.38206,37.76087],[-122.38206,37.76087],[-122.38206,37.76087],[-122.38206,37.76086],[-122.38206,37.76086],[-122.38206,37.76086],[-122.38206,37.76086],[-122.38206,37.76086],[-122.38205,37.76086],[-122.38205,37.76086],[-122.38205,37.76086],[-122.38205,37.76086],[-122.38205,37.76085],[-122.38205,37.76085],[-122.38205,37.76085],[-122.38205,37.76085],[-122.38205,37.76085],[-122.38205,37.76085],[-122.38204,37.76085],[-122.38204,37.76085],[-122.38204,37.76084],[-122.38204,37.76084],[-122.38203,37.76084],[-122.38203,37.76083],[-122.38203,37.76083],[-122.38203,37.76083],[-122.38202,37.76082],[-122.38202,37.76082],[-122.38202,37.76082],[-122.38202,37.76081],[-122.38201,37.76081],[-122.38201,37.76081],[-122.38201,37.76081],[-122.38201,37.7608],[-122.38201,37.7608],[-122.382,37.7608],[-122.382,37.76079],[-122.382,37.76079],[-122.382,37.76079],[-122.382,37.76078],[-122.38199,37.76078],[-122.38199,37.76078],[-122.38199,37.76077],[-122.38199,37.76077],[-122.38199,37.76077],[-122.38199,37.76076],[-122.38199,37.76076],[-122.38199,37.76076],[-122.38199,37.76075],[-122.38198,37.76075],[-122.38198,37.76074],[-122.38198,37.76074],[-122.38198,37.76074],[-122.38198,37.76073],[-122.38198,37.76073],[-122.38198,37.76073],[-122.38198,37.76072],[-122.38198,37.76072],[-122.38198,37.76072],[-122.38198,37.76071],[-122.38198,37.76071],[-122.38198,37.76071],[-122.38198,37.7607],[-122.38198,37.7607],[-122.38198,37.76069],[-122.38198,37.76069],[-122.38198,37.76069],[-122.38198,37.76068],[-122.38198,37.76068],[-122.38198,37.76068],[-122.38198,37.76067],[-122.38199,37.76067],[-122.38199,37.76067],[-122.38199,37.76066],[-122.38199,37.76066],[-122.38199,37.76066],[-122.38199,37.76065],[-122.38199,37.76065],[-122.38199,37.76065],[-122.38199,37.76064],[-122.382,37.76064],[-122.3817,37.76065],[-122.38184,37.76212],[-122.38134,37.76215],[-122.38115,37.76016],[-122.38061,37.76019],[-122.38091,37.76334],[-122.3807,37.76334],[-122.3804,37.7602],[-122.37951,37.76025],[-122.37981,37.76346],[-122.37978,37.76349],[-122.37957,37.76349],[-122.37953,37.76347],[-122.3792,37.75994],[-122.38126,37.75967],[-122.38126,37.75958],[-122.38147,37.75957],[-122.38145,37.75931],[-122.38139,37.75931],[-122.3813,37.75931],[-122.3812,37.75833],[-122.3812,37.75832],[-122.3812,37.75831],[-122.3812,37.7583],[-122.3812,37.75829],[-122.3812,37.75828],[-122.3812,37.75828],[-122.3812,37.75827],[-122.3812,37.75826],[-122.3812,37.75825],[-122.3812,37.75824],[-122.3812,37.75823],[-122.3812,37.75822],[-122.3812,37.75822],[-122.3812,37.75821],[-122.3812,37.7582],[-122.3812,37.75819],[-122.38121,37.75818],[-122.38121,37.75817],[-122.38121,37.75817],[-122.38121,37.75816],[-122.38121,37.75815],[-122.38122,37.75814],[-122.38122,37.75813],[-122.38122,37.75812],[-122.38122,37.75812],[-122.38123,37.75811],[-122.38123,37.7581],[-122.38124,37.75809],[-122.38124,37.75808],[-122.38124,37.75808],[-122.38125,37.75807],[-122.38126,37.75805],[-122.38128,37.75803],[-122.38129,37.75801],[-122.3813,37.75799],[-122.38131,37.75797],[-122.38133,37.75796],[-122.38134,37.75794],[-122.38135,37.75792],[-122.38136,37.7579],[-122.38137,37.75788],[-122.38138,37.75786],[-122.38139,37.75784],[-122.3814,37.75782],[-122.38141,37.7578],[-122.38142,37.75778],[-122.38142,37.75776],[-122.38143,37.75774],[-122.38144,37.75772],[-122.38144,37.7577],[-122.38145,37.75768],[-122.38146,37.75766],[-122.38146,37.75764],[-122.38146,37.75761],[-122.38147,37.75759],[-122.38147,37.75757],[-122.38148,37.75755],[-122.38148,37.75753],[-122.38148,37.75751],[-122.38143,37.75752],[-122.38141,37.75734],[-122.38147,37.7573],[-122.38145,37.75711],[-122.38132,37.75712],[-122.38132,37.75709],[-122.38136,37.75708],[-122.38132,37.75656],[-122.38132,37.75656],[-122.38132,37.75656],[-122.38132,37.75656],[-122.38132,37.75656],[-122.38132,37.75656],[-122.38132,37.75655],[-122.38132,37.75655],[-122.38132,37.75655],[-122.38132,37.75655],[-122.38132,37.75655],[-122.38132,37.75654],[-122.38132,37.75654],[-122.38132,37.75654],[-122.38132,37.75654],[-122.38132,37.75654],[-122.38132,37.75654],[-122.38132,37.75653],[-122.38132,37.75653],[-122.38133,37.75653],[-122.38133,37.75653],[-122.38133,37.75653],[-122.38133,37.75652],[-122.38133,37.75652],[-122.38133,37.75652],[-122.38133,37.75652],[-122.38133,37.75652],[-122.38133,37.75652],[-122.38133,37.75651],[-122.38133,37.75651],[-122.38133,37.75651],[-122.38133,37.75651],[-122.38134,37.75651],[-122.38134,37.75651],[-122.38134,37.7565],[-122.38134,37.7565],[-122.38134,37.7565],[-122.38134,37.7565],[-122.38134,37.7565],[-122.38134,37.7565],[-122.38134,37.75649],[-122.38135,37.75649],[-122.38135,37.75649],[-122.38135,37.75649],[-122.38135,37.75649],[-122.38135,37.75649],[-122.38135,37.75649],[-122.38135,37.75648],[-122.38136,37.75648],[-122.38136,37.75648],[-122.38136,37.75648],[-122.38136,37.75648],[-122.38136,37.75648],[-122.38136,37.75648],[-122.38137,37.75648],[-122.38137,37.75647],[-122.38137,37.75647],[-122.38137,37.75647],[-122.38137,37.75647],[-122.38138,37.75647],[-122.38138,37.75647],[-122.38138,37.75647],[-122.38138,37.75647],[-122.38138,37.75647],[-122.38138,37.75646],[-122.38139,37.75646],[-122.38139,37.75646],[-122.38139,37.75646],[-122.38139,37.75646],[-122.38139,37.75646],[-122.3814,37.75646],[-122.3814,37.75646],[-122.3814,37.75646],[-122.3814,37.75646],[-122.38141,37.75646],[-122.3814,37.75641],[-122.3814,37.75641],[-122.38139,37.7564],[-122.38139,37.7564],[-122.38139,37.7564],[-122.38139,37.7564],[-122.38138,37.7564],[-122.38138,37.7564],[-122.38138,37.7564],[-122.38138,37.7564],[-122.38137,37.7564],[-122.38137,37.7564],[-122.38137,37.7564],[-122.38137,37.7564],[-122.38136,37.7564],[-122.38136,37.7564],[-122.38136,37.7564],[-122.38136,37.7564],[-122.38135,37.7564],[-122.38135,37.7564],[-122.38135,37.7564],[-122.38135,37.75639],[-122.38134,37.75639],[-122.38134,37.75639],[-122.38134,37.75639],[-122.38134,37.75639],[-122.38133,37.75639],[-122.38133,37.75639],[-122.38133,37.75639],[-122.38133,37.75639],[-122.38133,37.75639],[-122.38132,37.75638],[-122.38132,37.75638],[-122.38132,37.75638],[-122.38132,37.75638],[-122.38131,37.75638],[-122.38131,37.75638],[-122.38131,37.75638],[-122.38131,37.75638],[-122.38131,37.75637],[-122.3813,37.75637],[-122.3813,37.75637],[-122.3813,37.75637],[-122.3813,37.75637],[-122.3813,37.75637],[-122.38129,37.75637],[-122.38129,37.75636],[-122.38129,37.75636],[-122.38129,37.75636],[-122.38129,37.75636],[-122.38129,37.75636],[-122.38128,37.75636],[-122.38128,37.75635],[-122.38128,37.75635],[-122.38128,37.75635],[-122.38128,37.75635],[-122.38128,37.75635],[-122.38128,37.75634],[-122.38127,37.75634],[-122.38127,37.75634],[-122.38127,37.75634],[-122.38127,37.75634],[-122.38127,37.75634],[-122.38127,37.75633],[-122.38127,37.75633],[-122.38127,37.75633],[-122.38127,37.75633],[-122.38127,37.75633],[-122.38126,37.75632],[-122.38126,37.75632],[-122.38126,37.75632],[-122.38126,37.75632],[-122.38126,37.75632],[-122.38126,37.75631],[-122.38126,37.75631],[-122.38126,37.75631],[-122.38126,37.75631],[-122.38126,37.7563],[-122.38126,37.7563],[-122.38126,37.7563],[-122.38126,37.7563],[-122.38126,37.7563],[-122.38126,37.75629],[-122.38126,37.75629],[-122.38126,37.75629],[-122.38126,37.75629],[-122.38126,37.75629],[-122.38126,37.75628],[-122.38126,37.75628],[-122.38126,37.75628],[-122.38124,37.75589],[-122.38124,37.75589],[-122.38124,37.75589],[-122.38124,37.75589],[-122.38124,37.75588],[-122.38124,37.75588],[-122.38124,37.75588],[-122.38124,37.75588],[-122.38124,37.75588],[-122.38124,37.75588],[-122.38124,37.75588],[-122.38124,37.75588],[-122.38124,37.75588],[-122.38124,37.75588],[-122.38124,37.75588],[-122.38124,37.75588],[-122.38124,37.75587],[-122.38124,37.75587],[-122.38124,37.75587],[-122.38124,37.75587],[-122.38124,37.75587],[-122.38124,37.75587],[-122.38124,37.75587],[-122.38124,37.75587],[-122.38123,37.75587],[-122.38123,37.75587],[-122.38123,37.75587],[-122.38123,37.75587],[-122.38123,37.75587],[-122.38123,37.75587],[-122.38123,37.75586],[-122.38123,37.75586],[-122.38123,37.75586],[-122.38123,37.75586],[-122.38123,37.75586],[-122.38123,37.75586],[-122.38123,37.75586],[-122.38123,37.75586],[-122.38123,37.75586],[-122.38123,37.75586],[-122.38123,37.75586],[-122.38122,37.75586],[-122.38122,37.75586],[-122.38122,37.75586],[-122.38122,37.75586],[-122.38122,37.75586],[-122.38122,37.75585],[-122.38122,37.75585],[-122.38122,37.75585],[-122.38122,37.75585],[-122.38122,37.75585],[-122.38122,37.75585],[-122.38122,37.75585],[-122.38122,37.75585],[-122.38121,37.75585],[-122.38121,37.75585],[-122.38121,37.75585],[-122.38121,37.75585],[-122.38121,37.75585],[-122.38121,37.75585],[-122.38121,37.75585],[-122.38121,37.75585],[-122.38121,37.75585],[-122.38121,37.75585],[-122.38121,37.75585],[-122.3812,37.75585],[-122.3812,37.75585],[-122.3812,37.75585],[-122.3812,37.75585],[-122.3812,37.75584],[-122.3812,37.75584],[-122.3812,37.75584],[-122.3812,37.75584],[-122.3812,37.75584],[-122.3812,37.75584],[-122.38119,37.75584],[-122.38119,37.75584],[-122.38119,37.75584],[-122.38119,37.75584],[-122.38119,37.75584],[-122.38119,37.75584],[-122.38119,37.75584],[-122.38119,37.75584],[-122.38119,37.75584],[-122.38119,37.75584],[-122.38118,37.75584],[-122.38118,37.75584],[-122.38118,37.75584],[-122.38118,37.75584],[-122.38102,37.75583],[-122.381,37.7558],[-122.38094,37.7558],[-122.38094,37.75575],[-122.38103,37.75574],[-122.38101,37.75573],[-122.38099,37.75572],[-122.38097,37.7557],[-122.38094,37.75569],[-122.38092,37.75568],[-122.3809,37.75566],[-122.38088,37.75565],[-122.38086,37.75564],[-122.38084,37.75562],[-122.38082,37.75561],[-122.3808,37.75559],[-122.38078,37.75557],[-122.38076,37.75555],[-122.38075,37.75555],[-122.38075,37.75554],[-122.38075,37.75553],[-122.38075,37.75553],[-122.38074,37.75552],[-122.38074,37.75551],[-122.38074,37.75551],[-122.38074,37.7555],[-122.38073,37.75549],[-122.38073,37.75549],[-122.38073,37.75548],[-122.38073,37.75547],[-122.38073,37.75547],[-122.38072,37.75546],[-122.38072,37.75545],[-122.38072,37.75545],[-122.38072,37.75544],[-122.38072,37.75543],[-122.38072,37.75542],[-122.38072,37.75542],[-122.38072,37.75541],[-122.38072,37.7554],[-122.38072,37.7554],[-122.38072,37.75539],[-122.38072,37.75538],[-122.38072,37.75538],[-122.38072,37.75537],[-122.38072,37.75536],[-122.38072,37.75536],[-122.38072,37.75535],[-122.38072,37.75534],[-122.38073,37.75533],[-122.38073,37.75533],[-122.38073,37.75532],[-122.38073,37.75531],[-122.38073,37.75531],[-122.38073,37.7553],[-122.38074,37.75529],[-122.38074,37.75529],[-122.38074,37.75528],[-122.38074,37.75527],[-122.38075,37.75527],[-122.38075,37.75526],[-122.38075,37.75525],[-122.38076,37.75525],[-122.38076,37.75524],[-122.38076,37.75524],[-122.38077,37.75523],[-122.38077,37.75522],[-122.38077,37.75522],[-122.38078,37.75522],[-122.38078,37.75522],[-122.38078,37.75521],[-122.38078,37.75521],[-122.38079,37.75521],[-122.38079,37.75521],[-122.38079,37.75521],[-122.3808,37.7552],[-122.3808,37.7552],[-122.3808,37.7552],[-122.38081,37.7552],[-122.38081,37.7552],[-122.38081,37.75519],[-122.38082,37.75519],[-122.38082,37.75519],[-122.38082,37.75519],[-122.38083,37.75519],[-122.38083,37.75518],[-122.38083,37.75518],[-122.38084,37.75518],[-122.38084,37.75518],[-122.38084,37.75518],[-122.38085,37.75518],[-122.38085,37.75518],[-122.38085,37.75517],[-122.38086,37.75517],[-122.38086,37.75517],[-122.38087,37.75517],[-122.38087,37.75517],[-122.38087,37.75517],[-122.38088,37.75517],[-122.38088,37.75517],[-122.38089,37.75517],[-122.38089,37.75516],[-122.38089,37.75516],[-122.3809,37.75516],[-122.3809,37.75516],[-122.38091,37.75516],[-122.38091,37.75516],[-122.38091,37.75516],[-122.38092,37.75516],[-122.38092,37.75516],[-122.38093,37.75516],[-122.38093,37.75516],[-122.38093,37.75516],[-122.38094,37.75516],[-122.38094,37.75516],[-122.38095,37.75516],[-122.38095,37.75516],[-122.38096,37.75516],[-122.38098,37.75516],[-122.38099,37.75516],[-122.381,37.75515],[-122.38101,37.75515],[-122.38102,37.75515],[-122.38103,37.75515],[-122.38104,37.75515],[-122.38106,37.75515],[-122.38107,37.75514],[-122.38108,37.75514],[-122.38109,37.75514],[-122.3811,37.75513],[-122.38111,37.75513],[-122.38112,37.75513],[-122.38113,37.75513],[-122.38114,37.75512],[-122.38115,37.75512],[-122.38116,37.75512],[-122.38118,37.75511],[-122.38119,37.75511],[-122.3812,37.7551],[-122.38121,37.7551],[-122.38122,37.75509],[-122.38123,37.75509],[-122.38125,37.7551],[-122.38124,37.75508],[-122.38125,37.75508],[-122.38125,37.75508],[-122.38126,37.75508],[-122.38127,37.75508],[-122.38127,37.75508],[-122.38128,37.75508],[-122.38128,37.75507],[-122.38129,37.75507],[-122.38129,37.75507],[-122.3813,37.75507],[-122.38131,37.75507],[-122.38131,37.75507],[-122.38132,37.75507],[-122.38132,37.75507],[-122.38133,37.75507],[-122.38133,37.75507],[-122.38134,37.75507],[-122.38135,37.75507],[-122.38135,37.75507],[-122.38136,37.75507],[-122.38136,37.75507],[-122.38137,37.75507],[-122.38137,37.75507],[-122.38138,37.75507],[-122.38139,37.75507],[-122.38139,37.75507],[-122.3814,37.75507],[-122.3814,37.75507],[-122.38141,37.75507],[-122.38141,37.75507],[-122.38142,37.75507],[-122.38143,37.75507],[-122.38143,37.75508],[-122.38144,37.75508],[-122.38144,37.75508],[-122.38145,37.75508],[-122.38145,37.75508],[-122.38146,37.75508],[-122.38146,37.75508],[-122.38147,37.75509],[-122.38148,37.75509],[-122.38148,37.75509],[-122.38149,37.75509],[-122.38149,37.75509],[-122.3815,37.75509],[-122.3815,37.7551],[-122.38151,37.7551],[-122.38151,37.7551],[-122.38152,37.7551],[-122.38152,37.75511],[-122.38153,37.75511],[-122.38154,37.75511],[-122.38154,37.75511],[-122.38154,37.75512],[-122.38155,37.75512],[-122.38155,37.75512],[-122.38156,37.75512],[-122.38156,37.75512],[-122.38156,37.75513],[-122.38157,37.75513],[-122.38157,37.75513],[-122.38158,37.75513],[-122.38158,37.75513],[-122.38158,37.75514],[-122.38159,37.75514],[-122.38159,37.75514],[-122.3816,37.75514],[-122.3816,37.75514],[-122.3816,37.75514],[-122.38161,37.75514],[-122.38161,37.75515],[-122.38162,37.75515],[-122.38162,37.75515],[-122.38163,37.75515],[-122.38163,37.75515],[-122.38163,37.75515],[-122.38164,37.75515],[-122.38164,37.75515],[-122.38165,37.75515],[-122.38165,37.75515],[-122.38166,37.75515],[-122.38166,37.75515],[-122.38167,37.75515],[-122.38167,37.75516],[-122.38167,37.75516],[-122.38168,37.75516],[-122.38168,37.75516],[-122.38169,37.75516],[-122.38169,37.75516],[-122.3817,37.75516],[-122.3817,37.75516],[-122.38171,37.75516],[-122.38171,37.75516],[-122.38283,37.75504],[-122.38367,37.75497],[-122.38367,37.75497],[-122.38368,37.75497],[-122.38369,37.75496],[-122.38369,37.75496],[-122.3837,37.75496],[-122.3837,37.75496],[-122.38371,37.75496],[-122.38371,37.75495],[-122.38372,37.75495],[-122.38373,37.75495],[-122.38373,37.75495],[-122.38374,37.75495],[-122.38374,37.75495],[-122.38375,37.75495],[-122.38376,37.75494],[-122.38376,37.75494],[-122.38377,37.75494],[-122.38377,37.75494],[-122.38378,37.75494],[-122.38379,37.75494],[-122.38379,37.75494],[-122.3838,37.75494],[-122.38381,37.75494],[-122.38381,37.75494],[-122.38382,37.75494],[-122.38382,37.75494],[-122.38383,37.75494],[-122.38384,37.75494],[-122.38384,37.75494],[-122.38385,37.75494],[-122.38386,37.75494],[-122.38386,37.75494],[-122.38387,37.75494],[-122.38387,37.75494],[-122.38388,37.75494],[-122.38389,37.75494],[-122.3839,37.75494],[-122.38407,37.75495],[-122.3841,37.75491],[-122.38408,37.75466],[-122.384,37.75462],[-122.3839,37.75465],[-122.3838,37.75467],[-122.3837,37.7547],[-122.38357,37.75473],[-122.38356,37.75473],[-122.38355,37.75473],[-122.38354,37.75474],[-122.38353,37.75474],[-122.38352,37.75474],[-122.38351,37.75474],[-122.3835,37.75474],[-122.38348,37.75474],[-122.38347,37.75474],[-122.38346,37.75474],[-122.38345,37.75474],[-122.38344,37.75474],[-122.38343,37.75474],[-122.38342,37.75474],[-122.38341,37.75474],[-122.3834,37.75474],[-122.38339,37.75474],[-122.38338,37.75474],[-122.38337,37.75474],[-122.38336,37.75473],[-122.38335,37.75473],[-122.38334,37.75473],[-122.38333,37.75473],[-122.38332,37.75473],[-122.38331,37.75473],[-122.3833,37.75472],[-122.38328,37.75472],[-122.38327,37.75472],[-122.38326,37.75472],[-122.38325,37.75471],[-122.38324,37.75471],[-122.38323,37.75471],[-122.38322,37.7547],[-122.38321,37.7547],[-122.3832,37.7547],[-122.3832,37.75469],[-122.38319,37.75469],[-122.38318,37.75469],[-122.38317,37.75468],[-122.38316,37.75468],[-122.38315,37.75467],[-122.38314,37.75467],[-122.38313,37.75467],[-122.38312,37.75466],[-122.38311,37.75466],[-122.3831,37.75465],[-122.38309,37.75465],[-122.38309,37.75464],[-122.38308,37.75464],[-122.38307,37.75463],[-122.38306,37.75463],[-122.38305,37.75462],[-122.38305,37.75461],[-122.38304,37.75461],[-122.38303,37.7546],[-122.38302,37.75459],[-122.38299,37.75457],[-122.38297,37.75454],[-122.38295,37.75451],[-122.38293,37.75449],[-122.38291,37.75446],[-122.38289,37.75443],[-122.38287,37.75441],[-122.38285,37.75438],[-122.38283,37.75435],[-122.38282,37.75432],[-122.3828,37.75429],[-122.3828,37.75429],[-122.3828,37.75428],[-122.38279,37.75428],[-122.38279,37.75428],[-122.38279,37.75428],[-122.38279,37.75428],[-122.38279,37.75427],[-122.38279,37.75427],[-122.38279,37.75427],[-122.38279,37.75427],[-122.38279,37.75426],[-122.38279,37.75426],[-122.38279,37.75426],[-122.38278,37.75426],[-122.38278,37.75425],[-122.38278,37.75425],[-122.38278,37.75425],[-122.38278,37.75425],[-122.38278,37.75424],[-122.38278,37.75424],[-122.38278,37.75424],[-122.38278,37.75424],[-122.38278,37.75423],[-122.38278,37.75423],[-122.38278,37.75423],[-122.38278,37.75423],[-122.38278,37.75422],[-122.38278,37.75422],[-122.38278,37.75422],[-122.38278,37.75422],[-122.38278,37.75421],[-122.38278,37.75421],[-122.38278,37.75421],[-122.38278,37.75421],[-122.38278,37.75421],[-122.38279,37.7542],[-122.38279,37.7542],[-122.38279,37.7542],[-122.38279,37.7542],[-122.38279,37.75419],[-122.38279,37.75419],[-122.38279,37.75419],[-122.38279,37.75419],[-122.38279,37.75418],[-122.38279,37.75418],[-122.38279,37.75418],[-122.3828,37.75418],[-122.3828,37.75417],[-122.3828,37.75417],[-122.3828,37.75417],[-122.3828,37.75417],[-122.3828,37.75417],[-122.3828,37.75416],[-122.3828,37.75416],[-122.38281,37.75416],[-122.38281,37.75416],[-122.38281,37.75416],[-122.38281,37.75415],[-122.38281,37.75415],[-122.38281,37.75415],[-122.38282,37.75415],[-122.38282,37.75415],[-122.38282,37.75414],[-122.38282,37.75414],[-122.38282,37.75414],[-122.38283,37.75414],[-122.38283,37.75414],[-122.38283,37.75413],[-122.38283,37.75413],[-122.38283,37.75413],[-122.38284,37.75413],[-122.38284,37.75413],[-122.38284,37.75413],[-122.38284,37.75412],[-122.38285,37.75412],[-122.38285,37.75412],[-122.38285,37.75412],[-122.38285,37.75412],[-122.38286,37.75412],[-122.38286,37.75411],[-122.38286,37.75411],[-122.38286,37.75411],[-122.38287,37.75411],[-122.38287,37.75411],[-122.38287,37.75411],[-122.38287,37.75411],[-122.38288,37.75411],[-122.38288,37.7541],[-122.38288,37.7541],[-122.38289,37.7541],[-122.38289,37.7541],[-122.38289,37.7541],[-122.38289,37.7541],[-122.3829,37.7541],[-122.3829,37.7541],[-122.3829,37.7541],[-122.3829,37.75407],[-122.38289,37.75404],[-122.38289,37.75401],[-122.38288,37.75397],[-122.38288,37.75394],[-122.38287,37.75391],[-122.38287,37.75388],[-122.38287,37.75385],[-122.38287,37.75382],[-122.38287,37.75379],[-122.38287,37.75376],[-122.38287,37.75373],[-122.38287,37.75368],[-122.38287,37.75367],[-122.38287,37.75366],[-122.38287,37.75366],[-122.38287,37.75365],[-122.38287,37.75364],[-122.38287,37.75364],[-122.38286,37.75363],[-122.38286,37.75363],[-122.38286,37.75362],[-122.38286,37.75361],[-122.38286,37.75361],[-122.38286,37.7536],[-122.38285,37.7536],[-122.38285,37.75359],[-122.38285,37.75359],[-122.38285,37.75358],[-122.38284,37.75357],[-122.38284,37.75357],[-122.38284,37.75356],[-122.38284,37.75356],[-122.38283,37.75355],[-122.38283,37.75355],[-122.38283,37.75354],[-122.38282,37.75353],[-122.38282,37.75353],[-122.38282,37.75352],[-122.38281,37.75352],[-122.38281,37.75351],[-122.38281,37.75351],[-122.3828,37.7535],[-122.3828,37.7535],[-122.38279,37.75349],[-122.38279,37.75349],[-122.38278,37.75348],[-122.38278,37.75348],[-122.38277,37.75347],[-122.38277,37.75347],[-122.38276,37.75346],[-122.38276,37.75346],[-122.38275,37.75345],[-122.38275,37.75345],[-122.38274,37.75345],[-122.38274,37.75344],[-122.38273,37.75344],[-122.38273,37.75343],[-122.38272,37.75343],[-122.38272,37.75342],[-122.38271,37.75342],[-122.3827,37.75342],[-122.3827,37.75341],[-122.38269,37.75341],[-122.38269,37.75341],[-122.38268,37.7534],[-122.38267,37.7534],[-122.38267,37.7534],[-122.38266,37.75339],[-122.38265,37.75339],[-122.38265,37.75339],[-122.38264,37.75338],[-122.38263,37.75338],[-122.38263,37.75338],[-122.38262,37.75337],[-122.38261,37.75337],[-122.3826,37.75337],[-122.3826,37.75337],[-122.38259,37.75337],[-122.38258,37.75336],[-122.38258,37.75336],[-122.38257,37.75336],[-122.38256,37.75336],[-122.38255,37.75336],[-122.38255,37.75335],[-122.38254,37.75335],[-122.38253,37.75335],[-122.38252,37.75335],[-122.38252,37.75335],[-122.38251,37.75335],[-122.3825,37.75335],[-122.38249,37.75334],[-122.38249,37.75334],[-122.38248,37.75334],[-122.38247,37.75334],[-122.38246,37.75334],[-122.38246,37.75334],[-122.38245,37.75334],[-122.38244,37.75334],[-122.38243,37.75334],[-122.38243,37.75334],[-122.38242,37.75334],[-122.38241,37.75334],[-122.3824,37.75334],[-122.38239,37.75334],[-122.38239,37.75334],[-122.38238,37.75334],[-122.38237,37.75334],[-122.38236,37.75335],[-122.38234,37.75335],[-122.38233,37.75335],[-122.38231,37.75335],[-122.3823,37.75335],[-122.38228,37.75335],[-122.38227,37.75335],[-122.38225,37.75335],[-122.38224,37.75335],[-122.38223,37.75335],[-122.38221,37.75335],[-122.3822,37.75335],[-122.38218,37.75335],[-122.38217,37.75335],[-122.38215,37.75335],[-122.38214,37.75334],[-122.38212,37.75334],[-122.38211,37.75334],[-122.3821,37.75334],[-122.38208,37.75334],[-122.38207,37.75333],[-122.38205,37.75333],[-122.38204,37.75333],[-122.38203,37.75332],[-122.38201,37.75332],[-122.382,37.75332],[-122.38198,37.75331],[-122.38197,37.75331],[-122.38196,37.75331],[-122.38194,37.7533],[-122.38193,37.7533],[-122.38192,37.75329],[-122.3819,37.75329],[-122.38189,37.75328],[-122.38188,37.75328],[-122.38186,37.75327],[-122.38185,37.75327],[-122.38184,37.75326],[-122.38183,37.75325],[-122.38181,37.75325],[-122.3818,37.75324],[-122.38179,37.75324],[-122.38178,37.75323],[-122.38177,37.75322],[-122.38175,37.75322],[-122.38174,37.75321],[-122.38173,37.7532],[-122.38172,37.75319],[-122.38171,37.75319],[-122.38171,37.75319],[-122.38198,37.75317],[-122.38295,37.75311],[-122.38391,37.75306],[-122.38488,37.753],[-122.38585,37.75295],[-122.38681,37.75289],[-122.38776,37.75284],[-122.38875,37.75278],[-122.38973,37.75272],[-122.39068,37.75266],[-122.39123,37.75263],[-122.39153,37.75261],[-122.39162,37.75261],[-122.39166,37.7526],[-122.39264,37.75254],[-122.39319,37.75251],[-122.39362,37.75248],[-122.39459,37.75243],[-122.39555,37.75237],[-122.39651,37.75231],[-122.39641,37.75118],[-122.39834,37.75106],[-122.39941,37.75099],[-122.39985,37.75088],[-122.40022,37.75075],[-122.40047,37.75067],[-122.40123,37.75063],[-122.40218,37.75058],[-122.40261,37.75056],[-122.40273,37.7505],[-122.40278,37.75039],[-122.4028,37.7502],[-122.40285,37.74965],[-122.40287,37.74948],[-122.40297,37.74955],[-122.40306,37.74954],[-122.4032,37.74953],[-122.40326,37.74953],[-122.40357,37.74947],[-122.40359,37.74947],[-122.40378,37.74943],[-122.40374,37.74958],[-122.40351,37.75028],[-122.40331,37.75089],[-122.40338,37.75093],[-122.40336,37.75135],[-122.40326,37.75162],[-122.40322,37.75172],[-122.40317,37.75191],[-122.40301,37.75245],[-122.40298,37.75275],[-122.40301,37.7532],[-122.40313,37.75448],[-122.40325,37.75576],[-122.40331,37.75617],[-122.4034,37.75647],[-122.40354,37.7568],[-122.40369,37.75702],[-122.40377,37.75714],[-122.40417,37.75753],[-122.40444,37.75775],[-122.40484,37.75803],[-122.40505,37.75819],[-122.40554,37.75854],[-122.4059,37.75893],[-122.4061,37.7592],[-122.40624,37.75942],[-122.40626,37.75945],[-122.40639,37.7598],[-122.40649,37.76025],[-122.40649,37.76069],[-122.40648,37.76073],[-122.40628,37.76139],[-122.40615,37.76164],[-122.40602,37.76186],[-122.40593,37.76201],[-122.40565,37.76243],[-122.40538,37.76297],[-122.40532,37.76314],[-122.40526,37.76332],[-122.4052,37.76348],[-122.4051,37.76385],[-122.40506,37.76431],[-122.40509,37.76463],[-122.40484,37.76464],[-122.4045,37.76466],[-122.40353,37.76472],[-122.40256,37.76478],[-122.4016,37.76484],[-122.40063,37.7649],[-122.39966,37.76496],[-122.3987,37.76501],[-122.39774,37.76507],[-122.39677,37.76513],[-122.39581,37.76519],[-122.39483,37.76525],[-122.39385,37.76531],[-122.39386,37.76546],[-122.39388,37.76561],[-122.39391,37.76592],[-122.39392,37.76607],[-122.39397,37.76661],[-122.393,37.76667],[-122.39098,37.76679],[-122.39092,37.76679],[-122.39059,37.76682],[-122.39029,37.76683],[-122.3891,37.7669],[-122.38816,37.76696],[-122.38804,37.76563],[-122.38792,37.76438],[-122.38761,37.76448],[-122.38662,37.76567],[-122.38593,37.76703],[-122.38582,37.76726],[-122.38487,37.76724]]]]},"properties":{"nhood":"Potrero Hill"}},{"type":"Feature","geometry":{"type":"MultiPolygon","coordinates":[[[[-122.40466,37.73295],[-122.40396,37.73161],[-122.4034,37.73066],[-122.40302,37.7299],[-122.40275,37.72936],[-122.40221,37.7281],[-122.4021,37.72779],[-122.40188,37.72696],[-122.40182,37.72678],[-122.40147,37.72552],[-122.40118,37.72459],[-122.40078,37.72362],[-122.40038,37.72263],[-122.39993,37.72152],[-122.39992,37.72146],[-122.39974,37.72101],[-122.39968,37.72086],[-122.39946,37.72033],[-122.39938,37.72001],[-122.39939,37.71988],[-122.39912,37.71973],[-122.39909,37.71957],[-122.39897,37.71903],[-122.3989,37.71881],[-122.39886,37.71868],[-122.39888,37.71865],[-122.3991,37.71825],[-122.39919,37.71809],[-122.39922,37.71791],[-122.39928,37.71753],[-122.3994,37.71707],[-122.39942,37.71699],[-122.39946,37.71683],[-122.39957,37.71645],[-122.39962,37.71628],[-122.39974,37.71618],[-122.39983,37.71665],[-122.40001,37.71741],[-122.40004,37.71754],[-122.40013,37.71791],[-122.40028,37.71851],[-122.40044,37.71916],[-122.40112,37.71898],[-122.4021,37.71872],[-122.40307,37.71846],[-122.40355,37.71834],[-122.40385,37.71883],[-122.40405,37.71893],[-122.40453,37.71917],[-122.40479,37.71931],[-122.40532,37.71958],[-122.40556,37.71966],[-122.4058,37.71974],[-122.4061,37.71984],[-122.40643,37.71975],[-122.40667,37.71921],[-122.407,37.71999],[-122.4071,37.72009],[-122.40796,37.71986],[-122.40798,37.71974],[-122.40809,37.71983],[-122.40902,37.71959],[-122.41,37.71933],[-122.41099,37.71907],[-122.41148,37.72025],[-122.41197,37.72146],[-122.41247,37.72266],[-122.41297,37.72386],[-122.41396,37.7236],[-122.41494,37.72334],[-122.41592,37.72309],[-122.41556,37.72223],[-122.41663,37.72216],[-122.41692,37.72282],[-122.41778,37.7226],[-122.41791,37.72263],[-122.41839,37.72377],[-122.41938,37.7235],[-122.41987,37.72471],[-122.41889,37.72497],[-122.41791,37.72522],[-122.4184,37.72642],[-122.41741,37.72668],[-122.41643,37.72694],[-122.41545,37.7272],[-122.41446,37.72746],[-122.41496,37.72866],[-122.41519,37.72922],[-122.41617,37.72892],[-122.41664,37.72881],[-122.41686,37.7288],[-122.41721,37.72884],[-122.41838,37.72904],[-122.41874,37.72909],[-122.4192,37.72908],[-122.41949,37.72905],[-122.41954,37.72913],[-122.41937,37.73043],[-122.41928,37.73116],[-122.41927,37.73133],[-122.41936,37.73144],[-122.41951,37.73149],[-122.41985,37.73148],[-122.42018,37.73146],[-122.42094,37.73131],[-122.42175,37.73109],[-122.42173,37.73135],[-122.42173,37.73144],[-122.42172,37.73161],[-122.4217,37.73181],[-122.42128,37.73187],[-122.42113,37.73189],[-122.42036,37.73201],[-122.41946,37.73206],[-122.41846,37.73206],[-122.41739,37.73205],[-122.41666,37.73201],[-122.41594,37.73207],[-122.41546,37.73216],[-122.41511,37.73223],[-122.41439,37.73242],[-122.41378,37.73267],[-122.41344,37.73284],[-122.41208,37.73346],[-122.41147,37.73379],[-122.40995,37.73472],[-122.4098,37.73483],[-122.4095,37.73504],[-122.40914,37.73538],[-122.40909,37.73545],[-122.40899,37.73558],[-122.40892,37.73565],[-122.40884,37.73574],[-122.40881,37.73577],[-122.40878,37.73582],[-122.40866,37.736],[-122.40858,37.73613],[-122.40849,37.73629],[-122.40847,37.73634],[-122.40836,37.73662],[-122.40834,37.73668],[-122.40825,37.73706],[-122.40821,37.7374],[-122.40822,37.73758],[-122.40822,37.73761],[-122.40813,37.73766],[-122.40799,37.73771],[-122.40785,37.73776],[-122.40779,37.73778],[-122.40769,37.73781],[-122.40766,37.73781],[-122.40755,37.73784],[-122.4071,37.73797],[-122.40691,37.73797],[-122.40695,37.73783],[-122.40677,37.73642],[-122.4067,37.73631],[-122.40662,37.7359],[-122.40646,37.73551],[-122.40638,37.73542],[-122.4063,37.73531],[-122.40618,37.73516],[-122.4055,37.73429],[-122.4051,37.73372],[-122.40506,37.73365],[-122.40466,37.73295]]]]},"properties":{"nhood":"Portola"}},{"type":"Feature","geometry":{"type":"MultiPolygon","coordinates":[[[[-122.42349,37.79561],[-122.42335,37.7949],[-122.42323,37.79482],[-122.42331,37.79471],[-122.42317,37.79402],[-122.42305,37.79394],[-122.42313,37.79383],[-122.42299,37.79313],[-122.42287,37.79305],[-122.42296,37.79294],[-122.42282,37.79226],[-122.42269,37.79217],[-122.42278,37.79207],[-122.42264,37.79137],[-122.42252,37.79129],[-122.4226,37.79118],[-122.42245,37.79047],[-122.42233,37.79037],[-122.42398,37.79016],[-122.42562,37.78995],[-122.42542,37.78899],[-122.42533,37.78854],[-122.42524,37.78807],[-122.42514,37.7876],[-122.42505,37.78713],[-122.42667,37.78692],[-122.42834,37.78671],[-122.42998,37.7865],[-122.43155,37.7863],[-122.43227,37.78621],[-122.43327,37.78609],[-122.43492,37.78588],[-122.43656,37.78567],[-122.43821,37.78546],[-122.43987,37.78525],[-122.44154,37.78504],[-122.44318,37.78483],[-122.44337,37.78576],[-122.44356,37.78669],[-122.44375,37.78765],[-122.4454,37.78744],[-122.44559,37.78836],[-122.44576,37.78925],[-122.44593,37.79012],[-122.44612,37.791],[-122.4463,37.79188],[-122.44645,37.79281],[-122.44652,37.79334],[-122.44659,37.79377],[-122.44665,37.79419],[-122.44673,37.79471],[-122.44522,37.7949],[-122.44357,37.79511],[-122.4419,37.79532],[-122.44023,37.79553],[-122.43859,37.79574],[-122.43695,37.79595],[-122.43676,37.79502],[-122.43511,37.79523],[-122.43347,37.79544],[-122.43183,37.79564],[-122.43018,37.79585],[-122.42957,37.79593],[-122.4286,37.79605],[-122.42854,37.79606],[-122.42792,37.79614],[-122.42751,37.79619],[-122.42689,37.79627],[-122.42525,37.79648],[-122.42448,37.79658],[-122.4236,37.79669],[-122.42369,37.79658],[-122.42354,37.79584],[-122.42341,37.79574],[-122.42349,37.79561]]]]},"properties":{"nhood":"Pacific Heights"}},{"type":"Feature","geometry":{"type":"MultiPolygon","coordinates":[[[[-122.47237,37.7825],[-122.47225,37.78083],[-122.47231,37.78066],[-122.47222,37.78052],[-122.4721,37.77885],[-122.47217,37.77873],[-122.47208,37.77863],[-122.47197,37.77697],[-122.47204,37.77687],[-122.47196,37.77677],[-122.47185,37.7751],[-122.4719,37.775],[-122.47183,37.77491],[-122.47171,37.77324],[-122.47176,37.77314],[-122.4723,37.77311],[-122.47343,37.77306],[-122.47455,37.77301],[-122.47561,37.77296],[-122.47669,37.77291],[-122.47777,37.77286],[-122.47884,37.77282],[-122.4799,37.77277],[-122.48098,37.77272],[-122.48205,37.77267],[-122.48312,37.77262],[-122.48419,37.77257],[-122.48526,37.77252],[-122.48633,37.77247],[-122.4874,37.77242],[-122.48847,37.77237],[-122.48954,37.77232],[-122.49062,37.77228],[-122.49169,37.77223],[-122.49276,37.77218],[-122.49383,37.77213],[-122.4949,37.77208],[-122.49597,37.77203],[-122.49705,37.77198],[-122.49811,37.77193],[-122.49918,37.77188],[-122.50026,37.77184],[-122.50133,37.77179],[-122.5024,37.77174],[-122.50347,37.77169],[-122.50454,37.77164],[-122.50561,37.77159],[-122.50668,37.77154],[-122.50775,37.7715],[-122.50882,37.77145],[-122.50989,37.7714],[-122.51105,37.77134],[-122.51315,37.77076],[-122.51315,37.77076],[-122.51313,37.77121],[-122.51314,37.77133],[-122.5131,37.77143],[-122.51312,37.77154],[-122.51311,37.77171],[-122.5131,37.77174],[-122.51311,37.7718],[-122.5131,37.7719],[-122.51316,37.77223],[-122.51316,37.77223],[-122.51316,37.77223],[-122.51316,37.77223],[-122.51316,37.77224],[-122.51316,37.77224],[-122.51316,37.77224],[-122.51316,37.77224],[-122.51316,37.77224],[-122.51315,37.77224],[-122.51315,37.77224],[-122.51315,37.77224],[-122.51315,37.77225],[-122.51315,37.77225],[-122.51315,37.77225],[-122.51315,37.77225],[-122.51315,37.77225],[-122.51315,37.77225],[-122.51315,37.77225],[-122.51315,37.77225],[-122.51315,37.77226],[-122.51315,37.77226],[-122.51315,37.77226],[-122.51314,37.77226],[-122.51314,37.77226],[-122.51314,37.77226],[-122.51314,37.77226],[-122.51314,37.77227],[-122.51314,37.77227],[-122.51314,37.77227],[-122.51314,37.77227],[-122.51314,37.77227],[-122.51314,37.77227],[-122.51314,37.77227],[-122.51314,37.77228],[-122.51314,37.77228],[-122.51314,37.77228],[-122.51314,37.77228],[-122.51314,37.77228],[-122.51314,37.77228],[-122.51314,37.77228],[-122.51314,37.77229],[-122.51314,37.77229],[-122.51314,37.77229],[-122.51314,37.77229],[-122.51314,37.77229],[-122.51314,37.77229],[-122.51314,37.77229],[-122.51314,37.7723],[-122.51314,37.7723],[-122.51314,37.7723],[-122.51314,37.7723],[-122.51314,37.7723],[-122.51314,37.7723],[-122.51315,37.7723],[-122.51315,37.77231],[-122.51315,37.77231],[-122.51315,37.77231],[-122.51315,37.77231],[-122.51315,37.77231],[-122.51315,37.77231],[-122.51315,37.77231],[-122.51315,37.77232],[-122.51315,37.77232],[-122.51315,37.77232],[-122.51315,37.77232],[-122.51315,37.77232],[-122.51315,37.77232],[-122.51315,37.77232],[-122.51316,37.77232],[-122.51316,37.77233],[-122.51316,37.77233],[-122.51316,37.77233],[-122.51316,37.77233],[-122.51316,37.77233],[-122.51316,37.77234],[-122.51316,37.77234],[-122.51317,37.77234],[-122.51317,37.77234],[-122.51317,37.77234],[-122.51317,37.77234],[-122.51317,37.77235],[-122.51317,37.77235],[-122.51317,37.77235],[-122.51317,37.77235],[-122.51317,37.77235],[-122.51317,37.77236],[-122.51318,37.77236],[-122.51318,37.77236],[-122.51318,37.77236],[-122.51318,37.77236],[-122.51318,37.77237],[-122.51318,37.77237],[-122.51318,37.77237],[-122.51318,37.77237],[-122.51318,37.77237],[-122.51318,37.77238],[-122.51318,37.77238],[-122.51318,37.77238],[-122.51318,37.77238],[-122.51318,37.77238],[-122.51318,37.77239],[-122.51318,37.77239],[-122.51318,37.77239],[-122.51318,37.77239],[-122.51318,37.77239],[-122.51318,37.7724],[-122.51318,37.7724],[-122.51318,37.7724],[-122.51318,37.7724],[-122.51318,37.7724],[-122.51318,37.77241],[-122.51318,37.77241],[-122.51318,37.77241],[-122.51318,37.77241],[-122.51318,37.77241],[-122.51318,37.77242],[-122.51318,37.77242],[-122.51318,37.77242],[-122.51317,37.77242],[-122.51317,37.77242],[-122.51317,37.77243],[-122.51317,37.77243],[-122.51317,37.77243],[-122.51317,37.77243],[-122.51317,37.77243],[-122.51317,37.77244],[-122.51317,37.77244],[-122.51317,37.77244],[-122.51317,37.77244],[-122.51316,37.77244],[-122.51316,37.77244],[-122.51316,37.77245],[-122.51316,37.77245],[-122.51316,37.77245],[-122.51316,37.77245],[-122.51316,37.77245],[-122.51316,37.77245],[-122.51315,37.77246],[-122.51315,37.77246],[-122.51315,37.77246],[-122.51315,37.77246],[-122.51315,37.77246],[-122.51315,37.77246],[-122.51315,37.77246],[-122.51315,37.77247],[-122.51315,37.77247],[-122.51314,37.77247],[-122.51314,37.77247],[-122.51314,37.77247],[-122.51314,37.77247],[-122.51314,37.77248],[-122.51314,37.77248],[-122.51314,37.77248],[-122.51314,37.77248],[-122.51314,37.77248],[-122.51314,37.77248],[-122.51314,37.77248],[-122.51314,37.77249],[-122.51314,37.77249],[-122.51314,37.77249],[-122.51314,37.77249],[-122.51313,37.77249],[-122.51313,37.77249],[-122.51313,37.7725],[-122.51313,37.7725],[-122.51313,37.7725],[-122.51313,37.7725],[-122.51313,37.7725],[-122.51313,37.7725],[-122.51313,37.77251],[-122.51313,37.77251],[-122.51313,37.77251],[-122.51313,37.77251],[-122.51313,37.77251],[-122.51313,37.77251],[-122.51313,37.77252],[-122.51313,37.77252],[-122.51313,37.77252],[-122.51313,37.77252],[-122.51313,37.77252],[-122.51313,37.77252],[-122.51313,37.77253],[-122.51314,37.77253],[-122.51314,37.77253],[-122.51314,37.77253],[-122.51314,37.77253],[-122.51314,37.77253],[-122.51314,37.77254],[-122.51314,37.77254],[-122.51314,37.77254],[-122.51314,37.77254],[-122.51314,37.77254],[-122.51314,37.77254],[-122.51314,37.77255],[-122.51314,37.77255],[-122.51314,37.77255],[-122.51314,37.77255],[-122.51315,37.77255],[-122.51315,37.77255],[-122.51315,37.77256],[-122.51315,37.77256],[-122.51315,37.77256],[-122.51313,37.77286],[-122.51314,37.77292],[-122.51314,37.77295],[-122.51315,37.77305],[-122.51314,37.77305],[-122.51314,37.77305],[-122.51314,37.77306],[-122.51314,37.77306],[-122.51313,37.77307],[-122.51313,37.77307],[-122.51313,37.77308],[-122.51313,37.77308],[-122.51313,37.77309],[-122.51312,37.77309],[-122.51312,37.77309],[-122.51312,37.7731],[-122.51312,37.7731],[-122.51312,37.77311],[-122.51312,37.77311],[-122.51312,37.77312],[-122.51311,37.77312],[-122.51311,37.77313],[-122.51311,37.77313],[-122.51311,37.77314],[-122.51311,37.77314],[-122.51311,37.77315],[-122.51311,37.77315],[-122.51311,37.77316],[-122.51311,37.77316],[-122.51311,37.77317],[-122.51311,37.77317],[-122.51311,37.77317],[-122.51311,37.77318],[-122.51311,37.77318],[-122.51311,37.77319],[-122.51311,37.77319],[-122.51311,37.7732],[-122.51311,37.7732],[-122.51311,37.77321],[-122.51311,37.77321],[-122.51311,37.77322],[-122.51312,37.77322],[-122.51312,37.77323],[-122.51312,37.77323],[-122.51312,37.77324],[-122.51312,37.77324],[-122.51312,37.77325],[-122.51312,37.77325],[-122.51313,37.77325],[-122.51313,37.77326],[-122.51313,37.77326],[-122.51313,37.77327],[-122.51314,37.77328],[-122.51314,37.77329],[-122.51314,37.77331],[-122.51314,37.77333],[-122.51314,37.77334],[-122.51314,37.77336],[-122.51314,37.77338],[-122.51314,37.7734],[-122.51314,37.77341],[-122.51313,37.77343],[-122.51313,37.77345],[-122.51313,37.77346],[-122.51313,37.77348],[-122.51313,37.77348],[-122.51313,37.77349],[-122.51313,37.77349],[-122.51312,37.77349],[-122.51312,37.7735],[-122.51312,37.7735],[-122.51312,37.7735],[-122.51312,37.7735],[-122.51312,37.77351],[-122.51312,37.77351],[-122.51312,37.77351],[-122.51312,37.77352],[-122.51312,37.77352],[-122.51313,37.77352],[-122.51313,37.77353],[-122.51313,37.77353],[-122.51313,37.77353],[-122.51313,37.77354],[-122.51313,37.77356],[-122.51313,37.77357],[-122.51313,37.77359],[-122.51314,37.77361],[-122.51314,37.77363],[-122.51314,37.77365],[-122.51314,37.77367],[-122.51314,37.77369],[-122.51314,37.7737],[-122.51313,37.77372],[-122.51313,37.77374],[-122.51313,37.77376],[-122.51313,37.77378],[-122.51313,37.7738],[-122.51312,37.77381],[-122.51312,37.77383],[-122.51311,37.77385],[-122.51311,37.77387],[-122.51311,37.77389],[-122.5131,37.77391],[-122.51312,37.77455],[-122.51314,37.7747],[-122.51316,37.77489],[-122.51317,37.77511],[-122.51315,37.7752],[-122.51317,37.7753],[-122.51314,37.77538],[-122.51316,37.77541],[-122.51312,37.77549],[-122.51312,37.77599],[-122.51322,37.77664],[-122.51326,37.77677],[-122.51327,37.77685],[-122.5133,37.777],[-122.5133,37.777],[-122.51334,37.7772],[-122.51335,37.77733],[-122.51342,37.77744],[-122.51349,37.77754],[-122.51351,37.7776],[-122.51361,37.77763],[-122.51379,37.77771],[-122.51397,37.77774],[-122.51413,37.7779],[-122.51427,37.77812],[-122.51441,37.77827],[-122.5146,37.77848],[-122.51463,37.77851],[-122.51466,37.77864],[-122.51464,37.77875],[-122.51456,37.77885],[-122.51458,37.77898],[-122.5145,37.77915],[-122.51449,37.77924],[-122.51457,37.77942],[-122.51467,37.77945],[-122.51485,37.77952],[-122.51495,37.77972],[-122.5149,37.77985],[-122.51475,37.77987],[-122.51464,37.77982],[-122.51457,37.7799],[-122.51453,37.78008],[-122.51451,37.78027],[-122.51447,37.78043],[-122.51447,37.7806],[-122.51465,37.78086],[-122.51472,37.78113],[-122.51459,37.7813],[-122.51447,37.7813],[-122.51429,37.78128],[-122.5143,37.78135],[-122.51428,37.78143],[-122.51424,37.78146],[-122.51387,37.78143],[-122.51376,37.78148],[-122.51388,37.78161],[-122.51381,37.78174],[-122.5137,37.78189],[-122.51367,37.78198],[-122.51352,37.78208],[-122.51347,37.78219],[-122.51355,37.78229],[-122.51359,37.7824],[-122.5135,37.78243],[-122.51346,37.78252],[-122.51349,37.78258],[-122.5135,37.78263],[-122.5135,37.7827],[-122.51344,37.78278],[-122.51331,37.78282],[-122.51318,37.78275],[-122.5131,37.78277],[-122.51308,37.7829],[-122.51299,37.78304],[-122.51302,37.78314],[-122.51303,37.7832],[-122.51288,37.78324],[-122.51285,37.78335],[-122.51281,37.78348],[-122.51271,37.78355],[-122.51252,37.78362],[-122.51247,37.78374],[-122.51265,37.78387],[-122.51271,37.78393],[-122.51265,37.78402],[-122.51268,37.78412],[-122.51257,37.78415],[-122.51229,37.78394],[-122.51211,37.78379],[-122.51192,37.78395],[-122.51194,37.7841],[-122.512,37.78416],[-122.51201,37.78424],[-122.51198,37.78429],[-122.51191,37.78433],[-122.5118,37.78431],[-122.51164,37.78433],[-122.51149,37.78429],[-122.5113,37.78428],[-122.51133,37.78443],[-122.51131,37.78455],[-122.51123,37.78459],[-122.51102,37.78449],[-122.51097,37.7845],[-122.51084,37.78458],[-122.51075,37.78467],[-122.51049,37.7847],[-122.51037,37.7847],[-122.51024,37.78473],[-122.51017,37.7847],[-122.50999,37.78473],[-122.50985,37.78479],[-122.50985,37.78479],[-122.50983,37.78442],[-122.50978,37.78403],[-122.50748,37.78219],[-122.50834,37.78228],[-122.50848,37.78228],[-122.50862,37.78222],[-122.50876,37.78205],[-122.50892,37.78201],[-122.50974,37.78219],[-122.50984,37.78219],[-122.50997,37.78216],[-122.5101,37.78206],[-122.51022,37.78203],[-122.51035,37.78206],[-122.51051,37.78212],[-122.51064,37.78212],[-122.51078,37.78206],[-122.50988,37.78063],[-122.50789,37.78072],[-122.50675,37.78077],[-122.50651,37.78086],[-122.5063,37.781],[-122.50619,37.78103],[-122.50601,37.78104],[-122.50523,37.78108],[-122.50416,37.78113],[-122.50309,37.78118],[-122.50201,37.78123],[-122.50095,37.78128],[-122.49987,37.78133],[-122.4988,37.78138],[-122.49666,37.78148],[-122.49559,37.78153],[-122.49452,37.78158],[-122.49345,37.78163],[-122.49304,37.78165],[-122.49342,37.78286],[-122.49349,37.7835],[-122.49251,37.78354],[-122.49144,37.78359],[-122.49036,37.78364],[-122.48977,37.78367],[-122.48929,37.78369],[-122.48875,37.78371],[-122.48822,37.78374],[-122.48715,37.78378],[-122.48729,37.78565],[-122.48622,37.7857],[-122.48515,37.78575],[-122.48408,37.7858],[-122.48301,37.78583],[-122.48193,37.78588],[-122.48086,37.78593],[-122.47979,37.78598],[-122.47871,37.78603],[-122.47764,37.78608],[-122.47657,37.78613],[-122.4755,37.78618],[-122.47438,37.78624],[-122.47325,37.78629],[-122.47263,37.78632],[-122.47258,37.78621],[-122.4726,37.78609],[-122.4726,37.78549],[-122.47253,37.78456],[-122.47259,37.78445],[-122.47251,37.78437],[-122.47239,37.78267],[-122.47245,37.78258],[-122.47237,37.7825]]]]},"properties":{"nhood":"Outer Richmond"}},{"type":"Feature","geometry":{"type":"MultiPolygon","coordinates":[[[[-122.44638,37.71144],[-122.44767,37.71075],[-122.44838,37.71037],[-122.44893,37.71007],[-122.44931,37.70995],[-122.4501,37.70968],[-122.4505,37.70954],[-122.45088,37.70941],[-122.4519,37.70907],[-122.45267,37.70881],[-122.45428,37.70826],[-122.45398,37.70823],[-122.45434,37.70823],[-122.45436,37.70823],[-122.45575,37.70823],[-122.45718,37.70824],[-122.45783,37.70824],[-122.45792,37.70824],[-122.45804,37.70824],[-122.45851,37.70823],[-122.45905,37.70823],[-122.45989,37.70823],[-122.46128,37.70823],[-122.46138,37.70823],[-122.46205,37.70823],[-122.46228,37.70823],[-122.4626,37.70823],[-122.46274,37.70823],[-122.46278,37.70823],[-122.46358,37.70833],[-122.46404,37.70824],[-122.46408,37.70823],[-122.46445,37.70823],[-122.46448,37.70823],[-122.46467,37.70821],[-122.46481,37.70821],[-122.46696,37.70821],[-122.46698,37.70821],[-122.46718,37.70823],[-122.46788,37.70823],[-122.46861,37.70823],[-122.46888,37.70823],[-122.46891,37.70823],[-122.46894,37.70823],[-122.46847,37.70869],[-122.46816,37.70894],[-122.46772,37.70928],[-122.46721,37.7096],[-122.46716,37.70963],[-122.46679,37.70983],[-122.4662,37.71007],[-122.46599,37.71015],[-122.46494,37.71044],[-122.46477,37.71048],[-122.46437,37.71053],[-122.46418,37.71055],[-122.46348,37.71056],[-122.46256,37.71057],[-122.46235,37.71057],[-122.46116,37.71058],[-122.46086,37.71059],[-122.459,37.7106],[-122.45831,37.7106],[-122.45731,37.71065],[-122.45638,37.71082],[-122.45634,37.71083],[-122.45605,37.71093],[-122.45562,37.71107],[-122.4556,37.71108],[-122.45503,37.71132],[-122.4545,37.71163],[-122.454,37.71196],[-122.45387,37.71204],[-122.45295,37.71277],[-122.45288,37.71283],[-122.45228,37.71334],[-122.45177,37.71382],[-122.45163,37.71394],[-122.45121,37.71429],[-122.45096,37.7145],[-122.45037,37.71502],[-122.45023,37.71513],[-122.44975,37.71562],[-122.44963,37.71574],[-122.44938,37.71607],[-122.44932,37.71616],[-122.44926,37.71624],[-122.44921,37.71631],[-122.44896,37.71681],[-122.44884,37.71706],[-122.44873,37.71745],[-122.44869,37.7176],[-122.44867,37.71769],[-122.44867,37.71775],[-122.4486,37.71831],[-122.44858,37.71841],[-122.44852,37.71892],[-122.44843,37.71941],[-122.44841,37.71966],[-122.44835,37.72023],[-122.44822,37.72126],[-122.4482,37.72141],[-122.44812,37.722],[-122.44799,37.72267],[-122.44791,37.72292],[-122.44788,37.723],[-122.4476,37.72383],[-122.44759,37.72388],[-122.44753,37.72401],[-122.44724,37.72457],[-122.4472,37.72464],[-122.44686,37.72521],[-122.44639,37.72586],[-122.44631,37.72598],[-122.44595,37.72637],[-122.44572,37.72661],[-122.4456,37.72673],[-122.44504,37.7273],[-122.44469,37.72758],[-122.44442,37.7278],[-122.44379,37.72823],[-122.44366,37.7283],[-122.44307,37.72863],[-122.44272,37.72879],[-122.44197,37.72914],[-122.4418,37.7292],[-122.44123,37.72942],[-122.44113,37.72946],[-122.44078,37.72961],[-122.44026,37.72982],[-122.4401,37.72988],[-122.43948,37.73011],[-122.43956,37.73019],[-122.43854,37.73057],[-122.43819,37.7307],[-122.43701,37.73112],[-122.43645,37.73133],[-122.43613,37.73147],[-122.43589,37.73158],[-122.43543,37.73179],[-122.43506,37.73196],[-122.43491,37.73204],[-122.4343,37.73231],[-122.43253,37.73312],[-122.43242,37.73318],[-122.43093,37.73387],[-122.4304,37.73412],[-122.4298,37.73441],[-122.4296,37.73452],[-122.42939,37.73464],[-122.42884,37.73493],[-122.42861,37.73506],[-122.42857,37.73508],[-122.42844,37.73495],[-122.42835,37.73491],[-122.42784,37.73469],[-122.4274,37.73451],[-122.42611,37.73395],[-122.42617,37.73394],[-122.42637,37.73374],[-122.42639,37.73367],[-122.42734,37.73272],[-122.42804,37.73202],[-122.4282,37.73185],[-122.42869,37.73137],[-122.42887,37.73118],[-122.4293,37.73074],[-122.42938,37.73072],[-122.43011,37.72999],[-122.43011,37.72993],[-122.43018,37.72986],[-122.43026,37.72983],[-122.4308,37.72928],[-122.43081,37.72923],[-122.43088,37.72921],[-122.43127,37.72881],[-122.43129,37.72873],[-122.4318,37.72825],[-122.43236,37.72772],[-122.43245,37.72764],[-122.43281,37.72732],[-122.43291,37.72718],[-122.43336,37.72659],[-122.43362,37.72624],[-122.43398,37.72576],[-122.43443,37.72517],[-122.4348,37.72468],[-122.43487,37.72459],[-122.43531,37.72401],[-122.43539,37.72391],[-122.43598,37.72313],[-122.43604,37.72304],[-122.43647,37.72247],[-122.43715,37.72157],[-122.43721,37.72155],[-122.43746,37.72122],[-122.43746,37.72116],[-122.43753,37.72112],[-122.43831,37.72009],[-122.43833,37.72002],[-122.43839,37.71999],[-122.43885,37.71937],[-122.43886,37.71931],[-122.43892,37.71929],[-122.4395,37.71852],[-122.4395,37.71847],[-122.43956,37.71845],[-122.44011,37.71772],[-122.44011,37.71767],[-122.44019,37.71762],[-122.44042,37.71731],[-122.44042,37.71724],[-122.44102,37.71646],[-122.44155,37.71575],[-122.44169,37.71557],[-122.4418,37.71543],[-122.4419,37.71531],[-122.44256,37.71466],[-122.44266,37.71457],[-122.44335,37.71393],[-122.44371,37.71359],[-122.44395,37.71336],[-122.44457,37.71278],[-122.44474,37.71262],[-122.44553,37.71189],[-122.44609,37.71159],[-122.44638,37.71144]]]]},"properties":{"nhood":"Outer Mission"}},{"type":"Feature","geometry":{"type":"MultiPolygon","coordinates":[[[[-122.47731,37.76545],[-122.47724,37.76532],[-122.47712,37.76368],[-122.47717,37.76356],[-122.4771,37.76346],[-122.47696,37.76181],[-122.47701,37.7617],[-122.47693,37.76158],[-122.47675,37.75995],[-122.47681,37.75983],[-122.47688,37.75972],[-122.47677,37.75808],[-122.47668,37.75797],[-122.47675,37.7579],[-122.47663,37.75617],[-122.47655,37.75611],[-122.47661,37.75605],[-122.4765,37.75435],[-122.47642,37.75424],[-122.47648,37.75413],[-122.47636,37.75248],[-122.47629,37.75238],[-122.47634,37.75226],[-122.47623,37.75062],[-122.47616,37.75051],[-122.47622,37.7504],[-122.4761,37.74876],[-122.47603,37.74865],[-122.47609,37.74854],[-122.47597,37.74689],[-122.4759,37.74678],[-122.47595,37.74667],[-122.47584,37.74503],[-122.47577,37.74492],[-122.47582,37.74481],[-122.47571,37.74317],[-122.47564,37.74305],[-122.47571,37.74294],[-122.47562,37.74127],[-122.47554,37.74119],[-122.47561,37.7411],[-122.47548,37.73943],[-122.47541,37.73933],[-122.47547,37.73921],[-122.47536,37.73755],[-122.47529,37.73746],[-122.47535,37.73736],[-122.47529,37.73638],[-122.47518,37.73476],[-122.4751,37.73463],[-122.47516,37.73448],[-122.47504,37.73262],[-122.47495,37.73246],[-122.475,37.73235],[-122.47493,37.73118],[-122.47486,37.73107],[-122.47593,37.7311],[-122.47684,37.73111],[-122.47723,37.73112],[-122.47825,37.73113],[-122.47913,37.73114],[-122.48001,37.73115],[-122.4809,37.73116],[-122.48179,37.73117],[-122.48193,37.73117],[-122.48266,37.73115],[-122.48355,37.73108],[-122.48442,37.73101],[-122.4853,37.73095],[-122.48618,37.73088],[-122.48618,37.73059],[-122.48631,37.73022],[-122.48652,37.7298],[-122.48655,37.72959],[-122.48672,37.72959],[-122.48889,37.73026],[-122.48921,37.73032],[-122.48958,37.73029],[-122.4899,37.73016],[-122.49013,37.73],[-122.49043,37.72969],[-122.49055,37.72965],[-122.49056,37.72955],[-122.49097,37.72911],[-122.49101,37.72907],[-122.49144,37.72886],[-122.49171,37.72883],[-122.49193,37.7288],[-122.49227,37.72884],[-122.49254,37.72895],[-122.49331,37.72936],[-122.49344,37.72949],[-122.49347,37.7296],[-122.49429,37.7294],[-122.49569,37.72906],[-122.49604,37.72901],[-122.49636,37.72903],[-122.4967,37.72912],[-122.49702,37.7293],[-122.49723,37.72949],[-122.49735,37.72967],[-122.49736,37.72969],[-122.49787,37.73073],[-122.49806,37.73116],[-122.498,37.73128],[-122.49823,37.73138],[-122.49906,37.73158],[-122.49811,37.73227],[-122.49746,37.73301],[-122.49676,37.73359],[-122.49664,37.73377],[-122.49686,37.73387],[-122.49749,37.73393],[-122.49803,37.73403],[-122.49861,37.73419],[-122.49903,37.73436],[-122.4992,37.73431],[-122.49924,37.73445],[-122.50006,37.7349],[-122.50049,37.7351],[-122.5009,37.73525],[-122.5011,37.73521],[-122.50118,37.73534],[-122.50159,37.73544],[-122.50203,37.73552],[-122.50256,37.73556],[-122.50299,37.73556],[-122.5031,37.73547],[-122.50322,37.73555],[-122.50419,37.73556],[-122.50515,37.73556],[-122.50526,37.73548],[-122.50537,37.73538],[-122.50652,37.73538],[-122.50672,37.73547],[-122.50854,37.7354],[-122.50854,37.7354],[-122.50852,37.73549],[-122.5085,37.73557],[-122.5085,37.73558],[-122.50851,37.73559],[-122.50853,37.7356],[-122.50852,37.73562],[-122.50851,37.73564],[-122.50851,37.73566],[-122.50851,37.73575],[-122.50851,37.73577],[-122.50852,37.73579],[-122.50851,37.7358],[-122.50848,37.73581],[-122.50846,37.73583],[-122.50847,37.73585],[-122.50847,37.73588],[-122.50846,37.73594],[-122.50847,37.73608],[-122.50845,37.73613],[-122.50845,37.73622],[-122.50845,37.73632],[-122.50849,37.73647],[-122.50852,37.73666],[-122.5086,37.73682],[-122.50866,37.73696],[-122.50868,37.73706],[-122.50872,37.73716],[-122.50873,37.73732],[-122.50877,37.73744],[-122.50879,37.73755],[-122.50877,37.73764],[-122.50879,37.73771],[-122.50876,37.73779],[-122.50876,37.73787],[-122.50874,37.73797],[-122.50875,37.73819],[-122.50876,37.73839],[-122.5088,37.73861],[-122.5088,37.73871],[-122.50886,37.73892],[-122.50889,37.739],[-122.5089,37.73913],[-122.50889,37.73924],[-122.50882,37.73943],[-122.50879,37.73956],[-122.50878,37.73971],[-122.50878,37.73972],[-122.50878,37.73976],[-122.50876,37.73977],[-122.50875,37.73979],[-122.50874,37.73982],[-122.50875,37.73983],[-122.50878,37.73986],[-122.50878,37.7399],[-122.50876,37.73993],[-122.50876,37.73997],[-122.50877,37.74],[-122.50878,37.74002],[-122.50875,37.74005],[-122.50875,37.74008],[-122.50874,37.74011],[-122.50874,37.74013],[-122.50875,37.74016],[-122.50874,37.74019],[-122.50872,37.74023],[-122.50872,37.74025],[-122.50873,37.74031],[-122.50874,37.74032],[-122.50877,37.74036],[-122.5088,37.7404],[-122.50881,37.7404],[-122.50883,37.74043],[-122.50881,37.74049],[-122.50886,37.74054],[-122.50885,37.74058],[-122.50886,37.74062],[-122.50887,37.74066],[-122.50887,37.74069],[-122.50887,37.74074],[-122.50888,37.74076],[-122.50891,37.74077],[-122.50893,37.74081],[-122.50893,37.74086],[-122.50893,37.74088],[-122.50894,37.74092],[-122.50895,37.74094],[-122.50898,37.74096],[-122.50901,37.741],[-122.50903,37.74104],[-122.50902,37.74109],[-122.50904,37.74114],[-122.50905,37.74117],[-122.50907,37.7412],[-122.5091,37.74122],[-122.50913,37.74126],[-122.50919,37.74126],[-122.5092,37.7413],[-122.50925,37.74134],[-122.50924,37.7414],[-122.50923,37.74146],[-122.50923,37.7415],[-122.50922,37.74152],[-122.5092,37.74154],[-122.50918,37.7416],[-122.50921,37.74166],[-122.50919,37.74171],[-122.50919,37.7418],[-122.50915,37.74184],[-122.50915,37.74187],[-122.50915,37.74192],[-122.50912,37.74197],[-122.5091,37.74203],[-122.5091,37.74205],[-122.50909,37.74211],[-122.50906,37.74213],[-122.50905,37.74217],[-122.50905,37.74221],[-122.50907,37.74226],[-122.50907,37.74231],[-122.50906,37.74236],[-122.50905,37.74241],[-122.50905,37.74246],[-122.50907,37.74252],[-122.50909,37.74255],[-122.50911,37.7426],[-122.50911,37.74264],[-122.50912,37.74267],[-122.50913,37.74271],[-122.50914,37.74274],[-122.50917,37.74276],[-122.50919,37.74281],[-122.50918,37.74284],[-122.50916,37.74286],[-122.50919,37.74299],[-122.50918,37.74301],[-122.50919,37.74306],[-122.50921,37.74309],[-122.50921,37.74309],[-122.50924,37.74311],[-122.50925,37.74314],[-122.50924,37.74315],[-122.50925,37.7432],[-122.50927,37.74324],[-122.5093,37.74334],[-122.5093,37.74343],[-122.50933,37.74352],[-122.50935,37.74355],[-122.50937,37.74359],[-122.50938,37.74361],[-122.50939,37.74362],[-122.5094,37.74366],[-122.50941,37.74368],[-122.50942,37.7437],[-122.50942,37.74374],[-122.50942,37.74377],[-122.50944,37.74379],[-122.50946,37.74382],[-122.50947,37.74385],[-122.50948,37.74386],[-122.5095,37.74391],[-122.5095,37.74394],[-122.50952,37.74397],[-122.50954,37.74399],[-122.50957,37.74402],[-122.50957,37.74409],[-122.50958,37.74411],[-122.5096,37.74416],[-122.50962,37.74418],[-122.50964,37.74423],[-122.50964,37.74424],[-122.50963,37.74428],[-122.50964,37.74431],[-122.50966,37.74433],[-122.50965,37.74437],[-122.50965,37.7444],[-122.50968,37.74444],[-122.50968,37.7445],[-122.50966,37.74454],[-122.50966,37.74457],[-122.50965,37.7446],[-122.50963,37.74463],[-122.50964,37.74466],[-122.50963,37.74469],[-122.50961,37.74474],[-122.50962,37.74479],[-122.50959,37.74482],[-122.50953,37.74487],[-122.50951,37.74488],[-122.50947,37.7449],[-122.50944,37.74493],[-122.50946,37.74496],[-122.50946,37.74499],[-122.50946,37.74503],[-122.50944,37.74506],[-122.50944,37.74509],[-122.50943,37.74516],[-122.5094,37.74529],[-122.50935,37.7457],[-122.50934,37.74594],[-122.50943,37.74637],[-122.50946,37.74645],[-122.50948,37.7465],[-122.50949,37.74654],[-122.5095,37.74658],[-122.50952,37.74663],[-122.50953,37.74667],[-122.50954,37.74671],[-122.50955,37.74676],[-122.50956,37.7468],[-122.50957,37.74684],[-122.50958,37.74689],[-122.50958,37.74693],[-122.50959,37.74698],[-122.50959,37.74702],[-122.50959,37.74707],[-122.5096,37.74711],[-122.5096,37.74715],[-122.50977,37.7475],[-122.50978,37.74752],[-122.50979,37.74754],[-122.5098,37.74756],[-122.5098,37.74758],[-122.50981,37.7476],[-122.50981,37.74762],[-122.50982,37.74764],[-122.50982,37.74767],[-122.50982,37.74769],[-122.50983,37.74771],[-122.50983,37.74773],[-122.50983,37.74775],[-122.50983,37.74777],[-122.50983,37.74779],[-122.50983,37.74781],[-122.50983,37.74783],[-122.50983,37.74785],[-122.50983,37.74787],[-122.50983,37.74789],[-122.50983,37.74791],[-122.50983,37.74793],[-122.50983,37.74795],[-122.50982,37.74797],[-122.50978,37.7483],[-122.50972,37.74872],[-122.50971,37.74876],[-122.50971,37.7488],[-122.50971,37.74883],[-122.50971,37.74885],[-122.5097,37.74886],[-122.5097,37.74889],[-122.5097,37.74892],[-122.5097,37.74896],[-122.50971,37.74899],[-122.50971,37.74902],[-122.50971,37.74905],[-122.50971,37.74908],[-122.50973,37.74911],[-122.50973,37.74917],[-122.50974,37.74919],[-122.50974,37.74922],[-122.50975,37.74925],[-122.50976,37.74927],[-122.50977,37.7493],[-122.50978,37.74932],[-122.50979,37.74935],[-122.5098,37.74938],[-122.50981,37.7494],[-122.50982,37.74943],[-122.50984,37.74945],[-122.50985,37.74948],[-122.50986,37.7495],[-122.50988,37.74952],[-122.50989,37.74955],[-122.50991,37.74957],[-122.50992,37.7496],[-122.50994,37.74962],[-122.50995,37.74964],[-122.50997,37.74967],[-122.50999,37.74969],[-122.51001,37.74971],[-122.51007,37.74979],[-122.51011,37.74984],[-122.51015,37.74989],[-122.51019,37.74994],[-122.51022,37.74999],[-122.51026,37.75004],[-122.51029,37.75009],[-122.51032,37.75014],[-122.51035,37.75019],[-122.51038,37.75024],[-122.51041,37.7503],[-122.51043,37.75035],[-122.51045,37.75039],[-122.51046,37.75043],[-122.51048,37.75047],[-122.51049,37.7505],[-122.5105,37.75054],[-122.51051,37.75058],[-122.51052,37.75062],[-122.51052,37.75065],[-122.51053,37.75069],[-122.51054,37.75073],[-122.51054,37.75077],[-122.51055,37.75081],[-122.51055,37.75084],[-122.51055,37.75088],[-122.51055,37.75092],[-122.51056,37.75096],[-122.51056,37.751],[-122.51055,37.75104],[-122.51055,37.75107],[-122.51055,37.75111],[-122.51055,37.75115],[-122.51054,37.75119],[-122.51054,37.75123],[-122.51053,37.75125],[-122.51053,37.75126],[-122.51053,37.75128],[-122.51052,37.75129],[-122.51052,37.75131],[-122.51052,37.75132],[-122.51052,37.75134],[-122.51052,37.75135],[-122.51051,37.75136],[-122.51051,37.75138],[-122.51051,37.75139],[-122.51051,37.75141],[-122.51051,37.75142],[-122.51051,37.75144],[-122.51051,37.75145],[-122.51051,37.75147],[-122.51052,37.75148],[-122.51052,37.7515],[-122.51052,37.75151],[-122.51052,37.75153],[-122.51052,37.75154],[-122.51053,37.75156],[-122.51053,37.75157],[-122.51053,37.75159],[-122.51054,37.7516],[-122.51054,37.75161],[-122.51055,37.75163],[-122.51055,37.75164],[-122.51056,37.75166],[-122.51056,37.75167],[-122.51057,37.75169],[-122.51057,37.7517],[-122.51058,37.75171],[-122.51059,37.75173],[-122.51059,37.75174],[-122.5106,37.75176],[-122.51061,37.75177],[-122.51062,37.75178],[-122.51062,37.7518],[-122.51063,37.75181],[-122.51064,37.75182],[-122.51065,37.75183],[-122.51066,37.75185],[-122.51066,37.75185],[-122.51067,37.75185],[-122.51067,37.75185],[-122.51067,37.75185],[-122.51067,37.75186],[-122.51067,37.75186],[-122.51067,37.75186],[-122.51068,37.75186],[-122.51068,37.75186],[-122.51068,37.75186],[-122.51068,37.75187],[-122.51068,37.75187],[-122.51068,37.75187],[-122.51069,37.75187],[-122.51069,37.75187],[-122.51069,37.75187],[-122.51069,37.75188],[-122.51069,37.75188],[-122.51069,37.75188],[-122.51069,37.75188],[-122.51069,37.75188],[-122.5107,37.75189],[-122.5107,37.75189],[-122.5107,37.75189],[-122.5107,37.75189],[-122.5107,37.75189],[-122.5107,37.75189],[-122.5107,37.7519],[-122.5107,37.7519],[-122.5107,37.7519],[-122.5107,37.7519],[-122.5107,37.7519],[-122.51071,37.75191],[-122.51071,37.75191],[-122.51071,37.75191],[-122.51071,37.75191],[-122.51071,37.75191],[-122.51071,37.75192],[-122.51071,37.75192],[-122.51071,37.75192],[-122.51071,37.75192],[-122.51071,37.75192],[-122.51071,37.75193],[-122.51071,37.75193],[-122.51071,37.75193],[-122.51071,37.75193],[-122.51071,37.75194],[-122.51071,37.75194],[-122.51071,37.75194],[-122.51071,37.75194],[-122.51071,37.75194],[-122.51071,37.75195],[-122.51072,37.75199],[-122.51073,37.75201],[-122.51074,37.75204],[-122.51074,37.75206],[-122.51083,37.75222],[-122.51088,37.75231],[-122.51088,37.75232],[-122.51088,37.75233],[-122.51089,37.75233],[-122.51089,37.75234],[-122.51089,37.75234],[-122.51089,37.75234],[-122.5109,37.75235],[-122.5109,37.75235],[-122.5109,37.75236],[-122.51091,37.75236],[-122.51091,37.75236],[-122.51092,37.75237],[-122.51092,37.75237],[-122.51092,37.75238],[-122.51093,37.75238],[-122.51093,37.75238],[-122.51094,37.75239],[-122.51094,37.75239],[-122.51094,37.75239],[-122.51095,37.7524],[-122.51095,37.7524],[-122.51096,37.75241],[-122.51096,37.75241],[-122.51097,37.75241],[-122.51097,37.75242],[-122.51098,37.75243],[-122.51098,37.75243],[-122.51099,37.75244],[-122.51099,37.75244],[-122.51099,37.75245],[-122.511,37.75246],[-122.511,37.75246],[-122.511,37.75247],[-122.51101,37.75248],[-122.51101,37.75248],[-122.51101,37.75249],[-122.51101,37.75249],[-122.51102,37.7525],[-122.51102,37.75251],[-122.51102,37.75251],[-122.51102,37.75252],[-122.51102,37.75253],[-122.51102,37.75253],[-122.51103,37.75254],[-122.51103,37.75255],[-122.51103,37.75255],[-122.51103,37.75256],[-122.51103,37.75257],[-122.51103,37.75257],[-122.51103,37.75258],[-122.51103,37.75259],[-122.51103,37.75259],[-122.51103,37.7526],[-122.51103,37.75261],[-122.51103,37.75261],[-122.51103,37.75262],[-122.51103,37.75263],[-122.51103,37.75263],[-122.51103,37.75264],[-122.51103,37.75264],[-122.51103,37.75281],[-122.51103,37.75291],[-122.51102,37.753],[-122.51102,37.7531],[-122.51101,37.75319],[-122.51104,37.75343],[-122.51107,37.75357],[-122.5111,37.75371],[-122.51111,37.75373],[-122.51111,37.75374],[-122.51112,37.75375],[-122.51112,37.75376],[-122.51112,37.75377],[-122.51113,37.75378],[-122.51113,37.75379],[-122.51114,37.7538],[-122.51117,37.75385],[-122.51119,37.7539],[-122.51121,37.75394],[-122.51124,37.75399],[-122.51126,37.75403],[-122.51127,37.75408],[-122.51129,37.75412],[-122.51129,37.75413],[-122.51129,37.75413],[-122.51129,37.75413],[-122.51128,37.75413],[-122.51128,37.75413],[-122.51128,37.75414],[-122.51128,37.75414],[-122.51128,37.75414],[-122.51128,37.75414],[-122.51127,37.75414],[-122.51127,37.75415],[-122.51127,37.75415],[-122.51127,37.75415],[-122.51127,37.75415],[-122.51127,37.75415],[-122.51127,37.75416],[-122.51126,37.75416],[-122.51126,37.75416],[-122.51126,37.75416],[-122.51126,37.75416],[-122.51126,37.75417],[-122.51126,37.75417],[-122.51126,37.75417],[-122.51126,37.75417],[-122.51126,37.75417],[-122.51125,37.75418],[-122.51125,37.75418],[-122.51125,37.75418],[-122.51125,37.75418],[-122.51125,37.75418],[-122.51125,37.75419],[-122.51125,37.75419],[-122.51125,37.75419],[-122.51125,37.75419],[-122.51125,37.7542],[-122.51125,37.7542],[-122.51125,37.7542],[-122.51125,37.7542],[-122.51125,37.7542],[-122.51125,37.75421],[-122.51125,37.75421],[-122.51125,37.75421],[-122.51125,37.75421],[-122.51125,37.75422],[-122.51125,37.75422],[-122.51125,37.75422],[-122.51125,37.75422],[-122.51125,37.75422],[-122.51125,37.75423],[-122.51125,37.75423],[-122.51125,37.75423],[-122.51125,37.75423],[-122.51125,37.75424],[-122.51125,37.75424],[-122.51125,37.75424],[-122.51125,37.75424],[-122.51125,37.75424],[-122.51125,37.75425],[-122.51125,37.75425],[-122.51125,37.75425],[-122.51125,37.75425],[-122.51126,37.75426],[-122.51126,37.75426],[-122.51126,37.75426],[-122.51126,37.75426],[-122.51126,37.75426],[-122.51126,37.75427],[-122.51126,37.75427],[-122.51126,37.75427],[-122.51126,37.75427],[-122.51127,37.75427],[-122.51127,37.75428],[-122.51127,37.75428],[-122.51127,37.75428],[-122.51127,37.75428],[-122.51127,37.75428],[-122.51127,37.75429],[-122.51128,37.75429],[-122.51128,37.75429],[-122.51128,37.75429],[-122.51128,37.75429],[-122.51128,37.75429],[-122.51128,37.7543],[-122.51128,37.7543],[-122.51129,37.7543],[-122.51129,37.7543],[-122.51129,37.7543],[-122.51129,37.7543],[-122.51129,37.7543],[-122.51129,37.75431],[-122.51129,37.75431],[-122.51129,37.75431],[-122.51129,37.75431],[-122.51129,37.75431],[-122.5113,37.75431],[-122.5113,37.75431],[-122.5113,37.75432],[-122.5113,37.75432],[-122.5113,37.75432],[-122.5113,37.75432],[-122.5113,37.75432],[-122.5113,37.75432],[-122.5113,37.75433],[-122.5113,37.75433],[-122.5113,37.75433],[-122.5113,37.75433],[-122.5113,37.75433],[-122.5113,37.75433],[-122.5113,37.75433],[-122.5113,37.75434],[-122.5113,37.75434],[-122.5113,37.75434],[-122.5113,37.75434],[-122.5113,37.75434],[-122.5113,37.75434],[-122.5113,37.75435],[-122.5113,37.75435],[-122.5113,37.75435],[-122.5113,37.75435],[-122.5113,37.75435],[-122.5113,37.75435],[-122.5113,37.75436],[-122.5113,37.75436],[-122.5113,37.75436],[-122.5113,37.75436],[-122.5113,37.75436],[-122.5113,37.75436],[-122.5113,37.75436],[-122.5113,37.75437],[-122.5113,37.75437],[-122.5113,37.75437],[-122.5113,37.75437],[-122.5113,37.75437],[-122.5113,37.75437],[-122.5113,37.75438],[-122.5113,37.75438],[-122.5113,37.75438],[-122.5113,37.75438],[-122.5113,37.75438],[-122.5113,37.75438],[-122.5113,37.75438],[-122.5113,37.75439],[-122.51129,37.75439],[-122.51129,37.75439],[-122.51129,37.75439],[-122.51129,37.75439],[-122.51129,37.75439],[-122.51129,37.75439],[-122.51129,37.7544],[-122.51129,37.7544],[-122.51129,37.7544],[-122.51129,37.7544],[-122.51128,37.7544],[-122.51128,37.7544],[-122.51128,37.7544],[-122.51128,37.75441],[-122.51128,37.75441],[-122.51128,37.75441],[-122.51128,37.75441],[-122.51128,37.75441],[-122.51127,37.75441],[-122.51127,37.75441],[-122.51127,37.75441],[-122.51127,37.75442],[-122.51127,37.75442],[-122.51127,37.75442],[-122.51127,37.75442],[-122.51126,37.75442],[-122.51126,37.75442],[-122.51126,37.75442],[-122.51126,37.75442],[-122.51126,37.75442],[-122.51126,37.75442],[-122.51125,37.75443],[-122.51125,37.75443],[-122.51125,37.75443],[-122.51125,37.75443],[-122.51125,37.75443],[-122.51125,37.75443],[-122.51124,37.75443],[-122.51124,37.75443],[-122.51124,37.75443],[-122.51124,37.75443],[-122.51124,37.75443],[-122.51123,37.75443],[-122.51121,37.75449],[-122.51117,37.7545],[-122.51119,37.75458],[-122.5112,37.75462],[-122.51117,37.75467],[-122.51119,37.75475],[-122.51116,37.75482],[-122.51117,37.75497],[-122.51119,37.75499],[-122.51118,37.75504],[-122.51115,37.7551],[-122.51114,37.75512],[-122.51113,37.7552],[-122.51114,37.75523],[-122.51115,37.75531],[-122.51117,37.75537],[-122.51119,37.75541],[-122.51121,37.75545],[-122.51122,37.7555],[-122.51125,37.75554],[-122.51125,37.75557],[-122.51127,37.75561],[-122.51127,37.75566],[-122.5113,37.75579],[-122.51129,37.75581],[-122.5113,37.75586],[-122.51133,37.7559],[-122.51134,37.75592],[-122.51135,37.75597],[-122.51136,37.75601],[-122.51137,37.75605],[-122.51138,37.75611],[-122.51139,37.75617],[-122.51142,37.75624],[-122.51144,37.75633],[-122.51145,37.7564],[-122.51145,37.75643],[-122.51147,37.7565],[-122.51147,37.7566],[-122.51149,37.75668],[-122.51151,37.75677],[-122.51151,37.75682],[-122.51151,37.75688],[-122.51154,37.75698],[-122.51151,37.757],[-122.51154,37.75704],[-122.51155,37.75709],[-122.51155,37.75713],[-122.51153,37.7572],[-122.51154,37.75733],[-122.51156,37.75737],[-122.51155,37.75746],[-122.51157,37.75757],[-122.51159,37.75761],[-122.51164,37.75769],[-122.51163,37.7578],[-122.51165,37.75785],[-122.51169,37.75823],[-122.51174,37.75844],[-122.51185,37.75901],[-122.51186,37.75914],[-122.51187,37.75926],[-122.51187,37.75938],[-122.51187,37.75947],[-122.51189,37.75954],[-122.51189,37.75955],[-122.5119,37.75957],[-122.51191,37.75959],[-122.51191,37.7596],[-122.51192,37.75962],[-122.51192,37.75964],[-122.51193,37.75965],[-122.51193,37.75967],[-122.51194,37.75969],[-122.51194,37.75971],[-122.51194,37.75972],[-122.51195,37.75974],[-122.51195,37.75976],[-122.51195,37.75977],[-122.51195,37.75979],[-122.51196,37.75981],[-122.51196,37.75983],[-122.51196,37.75984],[-122.51196,37.75986],[-122.51196,37.75988],[-122.51196,37.7599],[-122.51196,37.75991],[-122.51196,37.75993],[-122.51195,37.75995],[-122.5119,37.76044],[-122.5119,37.76047],[-122.51189,37.76049],[-122.51188,37.76051],[-122.51188,37.76053],[-122.51187,37.76055],[-122.51187,37.76057],[-122.51187,37.7606],[-122.51186,37.76062],[-122.51186,37.76064],[-122.51186,37.76066],[-122.51186,37.76068],[-122.51185,37.76071],[-122.51185,37.76073],[-122.51185,37.76075],[-122.51185,37.76077],[-122.51185,37.7608],[-122.51185,37.76082],[-122.51186,37.76084],[-122.51186,37.76086],[-122.51186,37.76088],[-122.51186,37.76091],[-122.51187,37.76093],[-122.51187,37.76095],[-122.51187,37.76097],[-122.51188,37.76099],[-122.51189,37.76101],[-122.51189,37.76104],[-122.5119,37.76106],[-122.5119,37.76108],[-122.51191,37.7611],[-122.51192,37.76112],[-122.51193,37.76114],[-122.51194,37.76116],[-122.51194,37.76119],[-122.51195,37.76121],[-122.51196,37.76123],[-122.51197,37.76125],[-122.51199,37.76127],[-122.512,37.76129],[-122.51203,37.76132],[-122.51206,37.76135],[-122.51209,37.76142],[-122.51213,37.76153],[-122.51215,37.76157],[-122.5122,37.7616],[-122.5122,37.76163],[-122.51229,37.76191],[-122.51233,37.7621],[-122.51236,37.76218],[-122.5124,37.76228],[-122.51241,37.76241],[-122.51247,37.76252],[-122.51242,37.76268],[-122.5124,37.76279],[-122.51233,37.763],[-122.51232,37.76306],[-122.51227,37.7632],[-122.51235,37.76345],[-122.51237,37.76359],[-122.51237,37.76359],[-122.51034,37.764],[-122.51016,37.76408],[-122.50987,37.76409],[-122.50957,37.7641],[-122.5094,37.76403],[-122.50928,37.76409],[-122.50846,37.76411],[-122.50833,37.76408],[-122.50821,37.76412],[-122.50737,37.76415],[-122.50726,37.76412],[-122.50715,37.76416],[-122.50632,37.7642],[-122.50619,37.76417],[-122.50609,37.76421],[-122.50523,37.76425],[-122.50512,37.76421],[-122.50498,37.76426],[-122.50416,37.7643],[-122.50405,37.76426],[-122.50393,37.7643],[-122.50308,37.76434],[-122.50298,37.76431],[-122.50286,37.76435],[-122.50202,37.76439],[-122.5019,37.76436],[-122.50181,37.76441],[-122.50094,37.76444],[-122.50083,37.76441],[-122.50073,37.76445],[-122.49985,37.76449],[-122.49976,37.76445],[-122.49964,37.7645],[-122.49877,37.76454],[-122.49869,37.7645],[-122.4986,37.76455],[-122.49774,37.76459],[-122.49762,37.76455],[-122.49746,37.7646],[-122.49663,37.76465],[-122.49655,37.7646],[-122.49643,37.76466],[-122.49608,37.76467],[-122.49593,37.76468],[-122.49559,37.7647],[-122.49547,37.76464],[-122.49534,37.76471],[-122.49451,37.76473],[-122.4944,37.76469],[-122.49432,37.76474],[-122.49342,37.76478],[-122.49333,37.76473],[-122.49322,37.76478],[-122.49238,37.76482],[-122.49226,37.76478],[-122.49213,37.76482],[-122.49132,37.76486],[-122.49119,37.76483],[-122.49104,37.76487],[-122.49023,37.76491],[-122.49012,37.76488],[-122.48992,37.76492],[-122.48917,37.76496],[-122.48904,37.76493],[-122.48893,37.76497],[-122.48809,37.765],[-122.48797,37.76497],[-122.48784,37.76502],[-122.48701,37.76506],[-122.4869,37.76502],[-122.48677,37.76507],[-122.48595,37.76511],[-122.48583,37.76507],[-122.48573,37.76512],[-122.48485,37.76516],[-122.48476,37.76512],[-122.48464,37.76517],[-122.4838,37.7652],[-122.48368,37.76516],[-122.48352,37.76521],[-122.48274,37.76524],[-122.48262,37.76521],[-122.48249,37.76525],[-122.48165,37.76529],[-122.48154,37.76526],[-122.48141,37.7653],[-122.48059,37.76534],[-122.48047,37.76531],[-122.48035,37.76535],[-122.47952,37.76538],[-122.4794,37.76535],[-122.47927,37.76539],[-122.47835,37.76544],[-122.47833,37.7654],[-122.4782,37.76545],[-122.47749,37.76549],[-122.47731,37.76545]]]]},"properties":{"nhood":"Sunset/Parkside"}},{"type":"Feature","geometry":{"type":"MultiPolygon","coordinates":[[[[-122.46128,37.725],[-122.46121,37.72495],[-122.46113,37.72496],[-122.46029,37.72479],[-122.46023,37.72475],[-122.46018,37.72477],[-122.45999,37.72473],[-122.45996,37.72469],[-122.45989,37.7247],[-122.45926,37.72457],[-122.45921,37.72453],[-122.45914,37.72455],[-122.45824,37.72436],[-122.45819,37.72432],[-122.45812,37.72433],[-122.45737,37.72417],[-122.45734,37.72414],[-122.4573,37.72416],[-122.45719,37.72413],[-122.45717,37.7241],[-122.45711,37.72412],[-122.45655,37.724],[-122.45652,37.72396],[-122.45647,37.72398],[-122.45618,37.72392],[-122.45615,37.72389],[-122.45609,37.7239],[-122.45517,37.72371],[-122.45514,37.72367],[-122.45507,37.72369],[-122.45416,37.7235],[-122.45412,37.72346],[-122.45404,37.72341],[-122.45316,37.72323],[-122.45311,37.72324],[-122.45304,37.72326],[-122.45237,37.72312],[-122.45233,37.72308],[-122.45222,37.72311],[-122.45171,37.72305],[-122.4516,37.72299],[-122.45147,37.72308],[-122.45066,37.72307],[-122.45007,37.72304],[-122.44989,37.72303],[-122.44962,37.72302],[-122.44956,37.72296],[-122.44948,37.723],[-122.44918,37.723],[-122.4481,37.72301],[-122.44788,37.723],[-122.44791,37.72292],[-122.44799,37.72267],[-122.44812,37.722],[-122.4482,37.72141],[-122.44822,37.72126],[-122.44835,37.72023],[-122.44841,37.71966],[-122.44843,37.71941],[-122.44852,37.71892],[-122.44858,37.71841],[-122.4486,37.71831],[-122.44867,37.71775],[-122.44867,37.71769],[-122.44869,37.7176],[-122.44873,37.71745],[-122.44884,37.71706],[-122.44896,37.71681],[-122.44921,37.71631],[-122.44926,37.71624],[-122.44932,37.71616],[-122.44938,37.71607],[-122.44963,37.71574],[-122.44975,37.71562],[-122.45023,37.71513],[-122.45037,37.71502],[-122.45096,37.7145],[-122.45121,37.71429],[-122.45163,37.71394],[-122.45177,37.71382],[-122.45228,37.71334],[-122.45288,37.71283],[-122.45295,37.71277],[-122.45387,37.71204],[-122.454,37.71196],[-122.4545,37.71163],[-122.45503,37.71132],[-122.4556,37.71108],[-122.45562,37.71107],[-122.45605,37.71093],[-122.45634,37.71083],[-122.45638,37.71082],[-122.45731,37.71065],[-122.45831,37.7106],[-122.459,37.7106],[-122.46086,37.71059],[-122.46116,37.71058],[-122.46235,37.71057],[-122.46256,37.71057],[-122.46348,37.71056],[-122.46418,37.71055],[-122.46437,37.71053],[-122.46477,37.71048],[-122.46494,37.71044],[-122.46599,37.71015],[-122.4662,37.71007],[-122.46679,37.70983],[-122.46716,37.70963],[-122.46721,37.7096],[-122.46772,37.70928],[-122.46816,37.70894],[-122.46847,37.70869],[-122.46894,37.70823],[-122.46906,37.70823],[-122.46924,37.70823],[-122.47088,37.70823],[-122.471,37.70825],[-122.47108,37.70826],[-122.47132,37.70831],[-122.47128,37.70861],[-122.47127,37.70866],[-122.47122,37.70894],[-122.47123,37.70966],[-122.47124,37.71065],[-122.47125,37.71159],[-122.47126,37.71183],[-122.47131,37.71248],[-122.47134,37.71269],[-122.47135,37.7128],[-122.47147,37.71343],[-122.4716,37.71385],[-122.47164,37.71399],[-122.47171,37.71423],[-122.47184,37.71465],[-122.47238,37.71612],[-122.47254,37.71663],[-122.47263,37.71691],[-122.47257,37.71717],[-122.47265,37.7175],[-122.47265,37.7177],[-122.47264,37.71785],[-122.47263,37.7181],[-122.4726,37.71858],[-122.47255,37.71964],[-122.47245,37.72145],[-122.47232,37.72162],[-122.47198,37.72166],[-122.47176,37.72167],[-122.47167,37.72163],[-122.47078,37.72164],[-122.46988,37.72164],[-122.46974,37.72164],[-122.46897,37.72165],[-122.46866,37.72165],[-122.46808,37.72166],[-122.46762,37.72166],[-122.46719,37.72166],[-122.46659,37.72167],[-122.46628,37.72167],[-122.46556,37.72167],[-122.46539,37.72167],[-122.46448,37.72168],[-122.46358,37.72169],[-122.46268,37.72169],[-122.46227,37.7217],[-122.46227,37.72183],[-122.46227,37.72302],[-122.46227,37.72364],[-122.46228,37.72427],[-122.46228,37.72487],[-122.46228,37.72515],[-122.46221,37.72527],[-122.4621,37.72527],[-122.46128,37.725]]]]},"properties":{"nhood":"Oceanview/Merced/Ingleside"}},{"type":"Feature","geometry":{"type":"MultiPolygon","coordinates":[[[[-122.41152,37.81045],[-122.41154,37.81044],[-122.41162,37.81058],[-122.4116,37.81059],[-122.41152,37.81045]]],[[[-122.41176,37.81058],[-122.41177,37.81057],[-122.41179,37.81061],[-122.41178,37.81062],[-122.41176,37.81058]]],[[[-122.41136,37.81051],[-122.41138,37.8105],[-122.41146,37.81064],[-122.41144,37.81065],[-122.41136,37.81051]]],[[[-122.41167,37.81061],[-122.41169,37.8106],[-122.41171,37.81064],[-122.41169,37.81065],[-122.41167,37.81061]]],[[[-122.41159,37.81064],[-122.4116,37.81063],[-122.41162,37.81067],[-122.41161,37.81068],[-122.41159,37.81064]]],[[[-122.41187,37.81059],[-122.41189,37.81058],[-122.41194,37.81068],[-122.41193,37.81068],[-122.41187,37.81059]]],[[[-122.41151,37.81067],[-122.41152,37.81066],[-122.41154,37.8107],[-122.41153,37.8107],[-122.41151,37.81067]]],[[[-122.41178,37.81062],[-122.4118,37.81062],[-122.41186,37.81072],[-122.41184,37.81072],[-122.41178,37.81062]]],[[[-122.41142,37.8107],[-122.41144,37.81069],[-122.41146,37.81073],[-122.41144,37.81073],[-122.41142,37.8107]]],[[[-122.4117,37.81065],[-122.41171,37.81065],[-122.41179,37.81077],[-122.41177,37.81078],[-122.4117,37.81065]]],[[[-122.41161,37.81068],[-122.41163,37.81068],[-122.4117,37.8108],[-122.41168,37.81081],[-122.41161,37.81068]]],[[[-122.41153,37.81071],[-122.41155,37.8107],[-122.41162,37.81083],[-122.4116,37.81083],[-122.41153,37.81071]]],[[[-122.41145,37.81074],[-122.41146,37.81073],[-122.41153,37.81086],[-122.41152,37.81086],[-122.41145,37.81074]]],[[[-122.41137,37.81079],[-122.41139,37.81078],[-122.41145,37.81089],[-122.41143,37.81089],[-122.41137,37.81079]]],[[[-122.41992,37.81157],[-122.41972,37.81113],[-122.41922,37.81089],[-122.41919,37.81093],[-122.4191,37.81092],[-122.41899,37.81084],[-122.41894,37.81088],[-122.41913,37.81102],[-122.41905,37.81109],[-122.41947,37.81138],[-122.41935,37.81149],[-122.41885,37.81147],[-122.41683,37.81013],[-122.41535,37.80916],[-122.41519,37.80916],[-122.41519,37.80916],[-122.41519,37.80916],[-122.41519,37.80916],[-122.41519,37.80916],[-122.41519,37.80916],[-122.41519,37.80916],[-122.41519,37.80916],[-122.41519,37.80916],[-122.41519,37.80916],[-122.41519,37.80916],[-122.41519,37.80916],[-122.41519,37.80916],[-122.41519,37.80916],[-122.4152,37.80916],[-122.4152,37.80916],[-122.4152,37.80916],[-122.4152,37.80916],[-122.4152,37.80916],[-122.4152,37.80916],[-122.4152,37.80916],[-122.4152,37.80916],[-122.4152,37.80916],[-122.4152,37.80916],[-122.4152,37.80916],[-122.4152,37.80916],[-122.4152,37.80916],[-122.4152,37.80917],[-122.4152,37.80917],[-122.4152,37.80917],[-122.4152,37.80917],[-122.4152,37.80917],[-122.4152,37.80917],[-122.4152,37.80917],[-122.4152,37.80917],[-122.4152,37.80917],[-122.4152,37.80917],[-122.4152,37.80917],[-122.4152,37.80917],[-122.4152,37.80917],[-122.4152,37.80917],[-122.4152,37.80917],[-122.4152,37.80917],[-122.4152,37.80917],[-122.4152,37.80917],[-122.41521,37.80917],[-122.41521,37.80917],[-122.41521,37.80917],[-122.41521,37.80917],[-122.41521,37.80917],[-122.41521,37.80917],[-122.41521,37.80917],[-122.41521,37.80918],[-122.41521,37.80918],[-122.41521,37.80918],[-122.41521,37.80918],[-122.41521,37.80918],[-122.41521,37.80918],[-122.41521,37.80918],[-122.41521,37.80918],[-122.41521,37.80918],[-122.41521,37.80918],[-122.41521,37.80918],[-122.41521,37.80918],[-122.41521,37.80918],[-122.41521,37.80918],[-122.41521,37.80918],[-122.41521,37.80918],[-122.41521,37.80918],[-122.41521,37.80918],[-122.41521,37.80918],[-122.41521,37.80918],[-122.41521,37.80918],[-122.41521,37.80918],[-122.41521,37.80918],[-122.41521,37.80919],[-122.41521,37.80919],[-122.41521,37.80919],[-122.41521,37.80919],[-122.41521,37.80919],[-122.41521,37.80919],[-122.41521,37.80919],[-122.41521,37.80919],[-122.41521,37.80919],[-122.41521,37.80919],[-122.4152,37.80919],[-122.4152,37.80919],[-122.4152,37.80919],[-122.4152,37.80919],[-122.4152,37.80919],[-122.4152,37.80919],[-122.4152,37.80919],[-122.4152,37.80919],[-122.4152,37.80919],[-122.4152,37.80919],[-122.4152,37.80919],[-122.4152,37.80919],[-122.4152,37.80919],[-122.4152,37.80919],[-122.4152,37.8092],[-122.4152,37.8092],[-122.4152,37.8092],[-122.4152,37.8092],[-122.4152,37.8092],[-122.4152,37.8092],[-122.4152,37.8092],[-122.4152,37.8092],[-122.4152,37.8092],[-122.4152,37.8092],[-122.4152,37.8092],[-122.4152,37.8092],[-122.4152,37.8092],[-122.4152,37.8092],[-122.4152,37.8092],[-122.4152,37.8092],[-122.4152,37.8092],[-122.41519,37.8092],[-122.41519,37.8092],[-122.41519,37.8092],[-122.41519,37.8092],[-122.41519,37.8092],[-122.41519,37.8092],[-122.41519,37.8092],[-122.41519,37.8092],[-122.41519,37.8092],[-122.41519,37.8092],[-122.41519,37.8092],[-122.41519,37.8092],[-122.41519,37.8092],[-122.41519,37.8092],[-122.41519,37.8092],[-122.41519,37.8092],[-122.41515,37.80923],[-122.41517,37.80924],[-122.41519,37.80923],[-122.41541,37.80936],[-122.41537,37.80941],[-122.41514,37.80926],[-122.41516,37.80925],[-122.41514,37.80924],[-122.41513,37.80925],[-122.41504,37.80919],[-122.41489,37.80924],[-122.41498,37.80929],[-122.41497,37.8093],[-122.41499,37.80932],[-122.41501,37.8093],[-122.41522,37.80944],[-122.41518,37.80948],[-122.41496,37.80935],[-122.41498,37.80933],[-122.41496,37.80931],[-122.41495,37.80932],[-122.41485,37.80926],[-122.41478,37.80928],[-122.41478,37.80937],[-122.41534,37.80975],[-122.41529,37.80984],[-122.41456,37.80956],[-122.41402,37.80947],[-122.41342,37.80924],[-122.41337,37.80932],[-122.4134,37.80934],[-122.41341,37.80935],[-122.41343,37.80936],[-122.41344,37.80938],[-122.41346,37.80939],[-122.41347,37.8094],[-122.41349,37.80941],[-122.4135,37.80942],[-122.41352,37.80943],[-122.41354,37.80944],[-122.41355,37.80946],[-122.41357,37.80947],[-122.41359,37.80948],[-122.41361,37.80949],[-122.41363,37.8095],[-122.41428,37.80995],[-122.4142,37.81002],[-122.41403,37.81014],[-122.41378,37.80991],[-122.41386,37.80985],[-122.41262,37.80908],[-122.4125,37.80907],[-122.4124,37.80912],[-122.4124,37.80912],[-122.4124,37.80912],[-122.4124,37.80912],[-122.4124,37.80912],[-122.4124,37.80912],[-122.4124,37.80913],[-122.4124,37.80913],[-122.4124,37.80913],[-122.4124,37.80913],[-122.4124,37.80913],[-122.4124,37.80913],[-122.4124,37.80913],[-122.4124,37.80913],[-122.4124,37.80913],[-122.4124,37.80913],[-122.4124,37.80913],[-122.4124,37.80913],[-122.4124,37.80914],[-122.4124,37.80914],[-122.4124,37.80914],[-122.4124,37.80914],[-122.4124,37.80914],[-122.4124,37.80914],[-122.4124,37.80914],[-122.4124,37.80914],[-122.4124,37.80914],[-122.4124,37.80914],[-122.4124,37.80914],[-122.4124,37.80914],[-122.4124,37.80915],[-122.4124,37.80915],[-122.4124,37.80915],[-122.4124,37.80915],[-122.4124,37.80915],[-122.4124,37.80915],[-122.4124,37.80915],[-122.41239,37.80915],[-122.41239,37.80915],[-122.41239,37.80915],[-122.41239,37.80915],[-122.41239,37.80915],[-122.41239,37.80915],[-122.41239,37.80916],[-122.41239,37.80916],[-122.41239,37.80916],[-122.41239,37.80916],[-122.41239,37.80916],[-122.41239,37.80916],[-122.41239,37.80916],[-122.41239,37.80916],[-122.41239,37.80916],[-122.41239,37.80916],[-122.41239,37.80916],[-122.41239,37.80916],[-122.41238,37.80916],[-122.41238,37.80916],[-122.41238,37.80916],[-122.41238,37.80917],[-122.41238,37.80917],[-122.41238,37.80917],[-122.41238,37.80917],[-122.41243,37.80922],[-122.41244,37.80921],[-122.41245,37.80921],[-122.41263,37.80939],[-122.41257,37.80943],[-122.4124,37.80925],[-122.4124,37.80923],[-122.41241,37.80923],[-122.41237,37.80918],[-122.41236,37.80918],[-122.41236,37.80918],[-122.41236,37.80918],[-122.41236,37.80918],[-122.41236,37.80918],[-122.41236,37.80918],[-122.41236,37.80918],[-122.41236,37.80918],[-122.41236,37.80918],[-122.41236,37.80918],[-122.41235,37.80918],[-122.41235,37.80918],[-122.41235,37.80918],[-122.41235,37.80918],[-122.41235,37.80918],[-122.41235,37.80918],[-122.41235,37.80918],[-122.41235,37.80918],[-122.41235,37.80918],[-122.41235,37.80918],[-122.41234,37.80918],[-122.41234,37.80918],[-122.41234,37.80918],[-122.41234,37.80918],[-122.41234,37.80918],[-122.41234,37.80918],[-122.41234,37.80918],[-122.41234,37.80918],[-122.41234,37.80918],[-122.41233,37.80918],[-122.41233,37.80918],[-122.41233,37.80918],[-122.41233,37.80918],[-122.41233,37.80918],[-122.41233,37.80918],[-122.41233,37.80918],[-122.41233,37.80918],[-122.41233,37.80918],[-122.41233,37.80918],[-122.41232,37.80918],[-122.41232,37.80918],[-122.41232,37.80918],[-122.41232,37.80918],[-122.41232,37.80918],[-122.41232,37.80918],[-122.41232,37.80918],[-122.41232,37.80918],[-122.41232,37.80918],[-122.41232,37.80918],[-122.41231,37.80918],[-122.41231,37.80918],[-122.41231,37.80918],[-122.41231,37.80918],[-122.41231,37.80917],[-122.41231,37.80917],[-122.41231,37.80917],[-122.41231,37.80917],[-122.41231,37.80917],[-122.41231,37.80917],[-122.4123,37.80917],[-122.4123,37.80917],[-122.4123,37.80917],[-122.4123,37.80917],[-122.4121,37.80928],[-122.4121,37.80928],[-122.4121,37.80928],[-122.4121,37.80928],[-122.4121,37.80928],[-122.4121,37.80929],[-122.4121,37.80929],[-122.4121,37.80929],[-122.4121,37.80929],[-122.4121,37.80929],[-122.4121,37.80929],[-122.4121,37.80929],[-122.4121,37.80929],[-122.4121,37.80929],[-122.4121,37.80929],[-122.4121,37.80929],[-122.4121,37.80929],[-122.4121,37.8093],[-122.4121,37.8093],[-122.4121,37.8093],[-122.4121,37.8093],[-122.4121,37.8093],[-122.4121,37.8093],[-122.4121,37.8093],[-122.4121,37.8093],[-122.4121,37.8093],[-122.4121,37.8093],[-122.4121,37.8093],[-122.4121,37.8093],[-122.4121,37.80931],[-122.4121,37.80931],[-122.4121,37.80931],[-122.4121,37.80931],[-122.4121,37.80931],[-122.4121,37.80931],[-122.4121,37.80931],[-122.4121,37.80931],[-122.4121,37.80931],[-122.4121,37.80931],[-122.41209,37.80931],[-122.41209,37.80931],[-122.41209,37.80931],[-122.41209,37.80932],[-122.41209,37.80932],[-122.41209,37.80932],[-122.41209,37.80932],[-122.41209,37.80932],[-122.41209,37.80932],[-122.41209,37.80932],[-122.41209,37.80932],[-122.41209,37.80932],[-122.41209,37.80932],[-122.41209,37.80932],[-122.41209,37.80932],[-122.41209,37.80932],[-122.41209,37.80932],[-122.41209,37.80933],[-122.41208,37.80933],[-122.41208,37.80933],[-122.41208,37.80933],[-122.41208,37.80933],[-122.41208,37.80933],[-122.41208,37.80933],[-122.41208,37.80933],[-122.41208,37.80933],[-122.41208,37.80933],[-122.41212,37.80938],[-122.41213,37.80937],[-122.41215,37.80938],[-122.41232,37.80956],[-122.41225,37.8096],[-122.41209,37.80941],[-122.4121,37.8094],[-122.41211,37.80939],[-122.41206,37.80934],[-122.41206,37.80934],[-122.41206,37.80934],[-122.41206,37.80934],[-122.41206,37.80934],[-122.41206,37.80934],[-122.41206,37.80934],[-122.41206,37.80934],[-122.41206,37.80934],[-122.41205,37.80934],[-122.41205,37.80934],[-122.41205,37.80934],[-122.41205,37.80934],[-122.41205,37.80934],[-122.41205,37.80934],[-122.41205,37.80934],[-122.41205,37.80934],[-122.41205,37.80934],[-122.41205,37.80934],[-122.41204,37.80934],[-122.41204,37.80934],[-122.41204,37.80934],[-122.41204,37.80934],[-122.41204,37.80934],[-122.41204,37.80934],[-122.41204,37.80934],[-122.41204,37.80934],[-122.41204,37.80934],[-122.41203,37.80934],[-122.41203,37.80934],[-122.41203,37.80934],[-122.41203,37.80934],[-122.41203,37.80934],[-122.41203,37.80934],[-122.41203,37.80934],[-122.41203,37.80934],[-122.41203,37.80934],[-122.41203,37.80934],[-122.41202,37.80934],[-122.41202,37.80934],[-122.41202,37.80934],[-122.41202,37.80934],[-122.41202,37.80934],[-122.41202,37.80934],[-122.41202,37.80934],[-122.41202,37.80934],[-122.41202,37.80934],[-122.41201,37.80934],[-122.41201,37.80934],[-122.41201,37.80934],[-122.41201,37.80934],[-122.41201,37.80934],[-122.41201,37.80934],[-122.41201,37.80934],[-122.41201,37.80934],[-122.41201,37.80934],[-122.41201,37.80934],[-122.41201,37.80934],[-122.412,37.80933],[-122.412,37.80933],[-122.412,37.80933],[-122.412,37.80933],[-122.412,37.80933],[-122.412,37.80933],[-122.41189,37.80939],[-122.41286,37.81052],[-122.41272,37.8106],[-122.41271,37.81058],[-122.41151,37.81124],[-122.41149,37.81122],[-122.41269,37.81056],[-122.41145,37.80911],[-122.41142,37.80912],[-122.41125,37.80892],[-122.4111,37.8089],[-122.41109,37.80891],[-122.41128,37.80914],[-122.41126,37.80915],[-122.41103,37.80889],[-122.41103,37.8089],[-122.41095,37.80889],[-122.41095,37.80888],[-122.41077,37.80885],[-122.41074,37.80885],[-122.41073,37.80887],[-122.41065,37.80886],[-122.41065,37.80884],[-122.41055,37.80882],[-122.41044,37.80933],[-122.41041,37.80929],[-122.4105,37.80881],[-122.41049,37.80881],[-122.4104,37.80931],[-122.41063,37.80972],[-122.41071,37.80969],[-122.41063,37.80955],[-122.41065,37.80955],[-122.41071,37.80967],[-122.41073,37.80967],[-122.41076,37.80966],[-122.41076,37.80965],[-122.41071,37.80956],[-122.41073,37.80956],[-122.41078,37.80964],[-122.41079,37.80965],[-122.41082,37.80964],[-122.41083,37.80963],[-122.41078,37.80954],[-122.41079,37.80953],[-122.41084,37.80962],[-122.41086,37.80963],[-122.41089,37.80961],[-122.41089,37.8096],[-122.41084,37.80951],[-122.41086,37.80951],[-122.41091,37.8096],[-122.41092,37.8096],[-122.41095,37.80959],[-122.41096,37.80958],[-122.4109,37.80949],[-122.41092,37.80948],[-122.41097,37.80958],[-122.41099,37.80958],[-122.41102,37.80957],[-122.41103,37.80956],[-122.41098,37.80946],[-122.41099,37.80946],[-122.41105,37.80955],[-122.41106,37.80955],[-122.41109,37.80954],[-122.41109,37.80953],[-122.41104,37.80944],[-122.41106,37.80943],[-122.41119,37.80968],[-122.41118,37.80968],[-122.41112,37.80957],[-122.4111,37.80957],[-122.41106,37.80958],[-122.41105,37.80959],[-122.41111,37.80971],[-122.4111,37.80971],[-122.41103,37.8096],[-122.41102,37.80959],[-122.41098,37.80961],[-122.41098,37.80962],[-122.41104,37.80973],[-122.41103,37.80974],[-122.41096,37.80962],[-122.41095,37.80962],[-122.41091,37.80963],[-122.41091,37.80964],[-122.41097,37.80976],[-122.41096,37.80976],[-122.41089,37.80965],[-122.41088,37.80965],[-122.41084,37.80966],[-122.41083,37.80967],[-122.4109,37.80978],[-122.41088,37.80979],[-122.41082,37.80968],[-122.41081,37.80967],[-122.41077,37.80968],[-122.41076,37.8097],[-122.41083,37.80981],[-122.41081,37.80982],[-122.41075,37.8097],[-122.41073,37.8097],[-122.41064,37.80973],[-122.4109,37.81019],[-122.41098,37.81016],[-122.4109,37.81003],[-122.41092,37.81002],[-122.41098,37.81014],[-122.411,37.81014],[-122.41104,37.81013],[-122.41104,37.81012],[-122.41098,37.81],[-122.41099,37.81],[-122.41106,37.81011],[-122.41107,37.81012],[-122.41111,37.8101],[-122.41112,37.81009],[-122.41105,37.80998],[-122.41107,37.80997],[-122.41113,37.81009],[-122.41115,37.81009],[-122.41119,37.81008],[-122.41119,37.81006],[-122.41113,37.80995],[-122.41114,37.80994],[-122.41121,37.81006],[-122.41122,37.81006],[-122.41126,37.81005],[-122.41126,37.81004],[-122.4112,37.80992],[-122.41121,37.80992],[-122.41128,37.81003],[-122.41129,37.81004],[-122.41133,37.81002],[-122.41134,37.81001],[-122.41127,37.8099],[-122.41129,37.80989],[-122.41135,37.81001],[-122.41137,37.81001],[-122.4114,37.81],[-122.41141,37.80999],[-122.41134,37.80987],[-122.41135,37.80987],[-122.41142,37.80998],[-122.41144,37.80999],[-122.41147,37.80997],[-122.41148,37.80996],[-122.41141,37.80985],[-122.41143,37.80984],[-122.41149,37.80996],[-122.41151,37.80996],[-122.41155,37.80995],[-122.41155,37.80994],[-122.41149,37.80982],[-122.4115,37.80981],[-122.41157,37.80993],[-122.41158,37.80993],[-122.41162,37.80992],[-122.41162,37.80991],[-122.41156,37.80979],[-122.41157,37.80979],[-122.41164,37.8099],[-122.41165,37.80991],[-122.41169,37.80989],[-122.4117,37.80988],[-122.41163,37.80977],[-122.41164,37.80976],[-122.41171,37.80988],[-122.41173,37.80988],[-122.41176,37.80987],[-122.41176,37.80986],[-122.4117,37.80974],[-122.41171,37.80974],[-122.41188,37.81003],[-122.41186,37.81003],[-122.41178,37.80989],[-122.41177,37.80989],[-122.41172,37.8099],[-122.41172,37.80991],[-122.4118,37.81006],[-122.41179,37.81006],[-122.4117,37.80992],[-122.41169,37.80992],[-122.41165,37.80993],[-122.41164,37.80994],[-122.41173,37.81008],[-122.41171,37.81009],[-122.41163,37.80995],[-122.41162,37.80994],[-122.41157,37.80996],[-122.41156,37.80997],[-122.41164,37.81011],[-122.41163,37.81012],[-122.41155,37.80998],[-122.41153,37.80997],[-122.41149,37.80999],[-122.41149,37.81],[-122.41157,37.81014],[-122.41155,37.81015],[-122.41147,37.81001],[-122.41146,37.81],[-122.41141,37.81002],[-122.41141,37.81003],[-122.41149,37.81017],[-122.41148,37.81017],[-122.41139,37.81003],[-122.41138,37.81003],[-122.41133,37.81005],[-122.41133,37.81006],[-122.41141,37.8102],[-122.41139,37.8102],[-122.41131,37.81006],[-122.4113,37.81006],[-122.41125,37.81007],[-122.41125,37.81008],[-122.41133,37.81023],[-122.41131,37.81023],[-122.41123,37.81009],[-122.41122,37.81009],[-122.41118,37.8101],[-122.41118,37.81011],[-122.41126,37.81025],[-122.41124,37.81026],[-122.41116,37.81012],[-122.41115,37.81011],[-122.41111,37.81013],[-122.4111,37.81014],[-122.41118,37.81028],[-122.41117,37.81028],[-122.41109,37.81014],[-122.41107,37.81014],[-122.41102,37.81016],[-122.41102,37.81017],[-122.4111,37.81031],[-122.41108,37.81031],[-122.411,37.81018],[-122.41099,37.81017],[-122.41091,37.8102],[-122.41122,37.81075],[-122.41131,37.81072],[-122.41122,37.81056],[-122.41123,37.81055],[-122.41131,37.81069],[-122.41133,37.8107],[-122.41137,37.81068],[-122.41137,37.81067],[-122.41129,37.81053],[-122.41131,37.81053],[-122.41139,37.81067],[-122.4114,37.81068],[-122.41152,37.81063],[-122.41153,37.81062],[-122.41145,37.81048],[-122.41146,37.81047],[-122.41154,37.81061],[-122.41156,37.81062],[-122.41168,37.81057],[-122.41168,37.81056],[-122.4116,37.81042],[-122.41162,37.81042],[-122.4117,37.81056],[-122.41171,37.81056],[-122.41174,37.81055],[-122.41175,37.81054],[-122.41169,37.81039],[-122.4117,37.81039],[-122.41176,37.81054],[-122.41183,37.81052],[-122.41176,37.81036],[-122.41178,37.81036],[-122.41185,37.81051],[-122.41192,37.81049],[-122.41192,37.81048],[-122.41184,37.81034],[-122.41186,37.81033],[-122.41194,37.81047],[-122.41192,37.81031],[-122.41194,37.8103],[-122.41195,37.81048],[-122.41207,37.81043],[-122.41208,37.81042],[-122.412,37.81028],[-122.41201,37.81028],[-122.41212,37.81046],[-122.4121,37.81046],[-122.4121,37.81046],[-122.41208,37.81045],[-122.41122,37.81076],[-122.41132,37.81094],[-122.41125,37.81112],[-122.41095,37.81122],[-122.41093,37.81128],[-122.41068,37.81137],[-122.41061,37.81135],[-122.41042,37.81142],[-122.41042,37.81141],[-122.41015,37.81151],[-122.40851,37.81128],[-122.40758,37.8088],[-122.40758,37.8088],[-122.40758,37.8088],[-122.40758,37.8088],[-122.40758,37.8088],[-122.40758,37.8088],[-122.40758,37.8088],[-122.40758,37.8088],[-122.40758,37.8088],[-122.40758,37.8088],[-122.40758,37.8088],[-122.40758,37.8088],[-122.40758,37.8088],[-122.40758,37.8088],[-122.40758,37.8088],[-122.40758,37.8088],[-122.40758,37.8088],[-122.40758,37.8088],[-122.40758,37.8088],[-122.40758,37.8088],[-122.40758,37.8088],[-122.40758,37.8088],[-122.40758,37.8088],[-122.40758,37.8088],[-122.40758,37.8088],[-122.40758,37.8088],[-122.40758,37.8088],[-122.40758,37.8088],[-122.40758,37.8088],[-122.40758,37.8088],[-122.40758,37.8088],[-122.40758,37.8088],[-122.40758,37.8088],[-122.40758,37.8088],[-122.40758,37.8088],[-122.40758,37.8088],[-122.40758,37.8088],[-122.40758,37.8088],[-122.40758,37.8088],[-122.40758,37.8088],[-122.40758,37.8088],[-122.40758,37.8088],[-122.40758,37.8088],[-122.40758,37.8088],[-122.40758,37.8088],[-122.40758,37.8088],[-122.40758,37.8088],[-122.40758,37.8088],[-122.40758,37.8088],[-122.40758,37.8088],[-122.40758,37.8088],[-122.40758,37.8088],[-122.40758,37.8088],[-122.40758,37.8088],[-122.40758,37.8088],[-122.40758,37.8088],[-122.40758,37.8088],[-122.40758,37.8088],[-122.40758,37.8088],[-122.40758,37.8088],[-122.40758,37.8088],[-122.40758,37.8088],[-122.40758,37.8088],[-122.40758,37.8088],[-122.40758,37.8088],[-122.40758,37.8088],[-122.40758,37.8088],[-122.40758,37.8088],[-122.40758,37.8088],[-122.40758,37.8088],[-122.40758,37.80879],[-122.40758,37.80879],[-122.40758,37.80879],[-122.40758,37.80879],[-122.40758,37.80879],[-122.40758,37.80879],[-122.40758,37.80879],[-122.40758,37.80879],[-122.40758,37.80879],[-122.40758,37.80879],[-122.40758,37.80879],[-122.40758,37.80879],[-122.40758,37.80879],[-122.40758,37.80879],[-122.40758,37.80879],[-122.40758,37.80879],[-122.40758,37.80879],[-122.40758,37.80879],[-122.40758,37.80879],[-122.40758,37.80879],[-122.40758,37.80879],[-122.40758,37.80879],[-122.40758,37.80879],[-122.40758,37.80879],[-122.40758,37.80879],[-122.40758,37.80879],[-122.40758,37.80879],[-122.40758,37.80879],[-122.40758,37.80879],[-122.40758,37.80879],[-122.40758,37.80879],[-122.40758,37.80879],[-122.40758,37.80879],[-122.40758,37.80879],[-122.40759,37.80879],[-122.40759,37.80879],[-122.40759,37.80879],[-122.40759,37.80879],[-122.40759,37.80879],[-122.40759,37.80879],[-122.40759,37.80879],[-122.40759,37.80879],[-122.40759,37.80879],[-122.40759,37.80879],[-122.40759,37.80879],[-122.40759,37.80879],[-122.40759,37.80879],[-122.40759,37.80879],[-122.40759,37.80879],[-122.40759,37.80879],[-122.40759,37.80879],[-122.40759,37.80879],[-122.40759,37.80879],[-122.40759,37.80879],[-122.40759,37.80879],[-122.40759,37.80879],[-122.40759,37.80879],[-122.40759,37.80879],[-122.40759,37.80879],[-122.40759,37.80879],[-122.40759,37.80879],[-122.40759,37.80879],[-122.40759,37.80879],[-122.40759,37.80879],[-122.40759,37.80879],[-122.40759,37.80879],[-122.40759,37.80879],[-122.40759,37.80879],[-122.40759,37.80879],[-122.40759,37.80879],[-122.40759,37.80879],[-122.40759,37.80879],[-122.40759,37.80879],[-122.40759,37.80879],[-122.40759,37.80879],[-122.40759,37.80879],[-122.40759,37.80879],[-122.40759,37.80879],[-122.40759,37.80879],[-122.40759,37.80879],[-122.40759,37.80879],[-122.40759,37.80879],[-122.40759,37.80879],[-122.40759,37.80879],[-122.40759,37.80879],[-122.40759,37.80879],[-122.40759,37.80879],[-122.40759,37.80879],[-122.40759,37.80879],[-122.40759,37.80879],[-122.40759,37.8088],[-122.40759,37.8088],[-122.40759,37.8088],[-122.40759,37.8088],[-122.40759,37.8088],[-122.40759,37.8088],[-122.40759,37.8088],[-122.40759,37.8088],[-122.40759,37.8088],[-122.40759,37.8088],[-122.40759,37.8088],[-122.40759,37.8088],[-122.40759,37.8088],[-122.40759,37.8088],[-122.40759,37.8088],[-122.40759,37.8088],[-122.4076,37.8088],[-122.4076,37.8088],[-122.4076,37.8088],[-122.4076,37.8088],[-122.4076,37.8088],[-122.4076,37.8088],[-122.4076,37.8088],[-122.4076,37.8088],[-122.4076,37.8088],[-122.4076,37.8088],[-122.4076,37.8088],[-122.40853,37.81127],[-122.41015,37.81149],[-122.41041,37.8114],[-122.4104,37.81138],[-122.4102,37.81133],[-122.41003,37.8114],[-122.41003,37.81142],[-122.40857,37.81122],[-122.4086,37.81107],[-122.40862,37.81107],[-122.40859,37.81119],[-122.4086,37.8112],[-122.40864,37.81121],[-122.40865,37.8112],[-122.40868,37.81108],[-122.4087,37.81108],[-122.40867,37.8112],[-122.40868,37.81121],[-122.40872,37.81122],[-122.40873,37.81121],[-122.40876,37.81109],[-122.40878,37.81109],[-122.40875,37.81122],[-122.40876,37.81123],[-122.4088,37.81123],[-122.40881,37.81122],[-122.40884,37.8111],[-122.40886,37.8111],[-122.40883,37.81123],[-122.40884,37.81124],[-122.40888,37.81124],[-122.40889,37.81124],[-122.40892,37.81111],[-122.40894,37.81111],[-122.40891,37.81124],[-122.40892,37.81125],[-122.40897,37.81125],[-122.40898,37.81125],[-122.40901,37.81112],[-122.40903,37.81112],[-122.409,37.81125],[-122.40901,37.81126],[-122.40904,37.81126],[-122.40905,37.81126],[-122.40908,37.81113],[-122.4091,37.81114],[-122.40907,37.81126],[-122.40908,37.81127],[-122.40913,37.81128],[-122.40914,37.81127],[-122.40917,37.81114],[-122.40919,37.81115],[-122.40916,37.81127],[-122.40917,37.81128],[-122.40921,37.81129],[-122.40922,37.81128],[-122.40925,37.81116],[-122.40927,37.81116],[-122.40924,37.81128],[-122.40925,37.81129],[-122.40928,37.8113],[-122.40929,37.81129],[-122.40932,37.81117],[-122.40934,37.81117],[-122.40931,37.81129],[-122.40932,37.8113],[-122.40937,37.81131],[-122.40938,37.8113],[-122.40941,37.81118],[-122.40943,37.81118],[-122.4094,37.81131],[-122.40941,37.81132],[-122.40944,37.81132],[-122.40945,37.81131],[-122.40948,37.81119],[-122.4095,37.81119],[-122.40947,37.81132],[-122.40948,37.81133],[-122.40953,37.81133],[-122.40954,37.81133],[-122.40957,37.8112],[-122.40959,37.8112],[-122.40956,37.81133],[-122.40957,37.81134],[-122.40961,37.81134],[-122.40962,37.81134],[-122.40965,37.81121],[-122.40967,37.81122],[-122.40964,37.81134],[-122.40965,37.81135],[-122.40969,37.81136],[-122.4097,37.81135],[-122.40973,37.81122],[-122.40975,37.81123],[-122.40972,37.81135],[-122.40973,37.81136],[-122.40977,37.81137],[-122.40978,37.81136],[-122.40981,37.81123],[-122.40983,37.81124],[-122.4098,37.81136],[-122.40981,37.81137],[-122.40985,37.81138],[-122.40986,37.81137],[-122.40989,37.81125],[-122.40991,37.81125],[-122.40988,37.81137],[-122.40989,37.81138],[-122.40993,37.81139],[-122.40995,37.81138],[-122.40997,37.81126],[-122.40999,37.81126],[-122.41004,37.81135],[-122.41005,37.81136],[-122.41008,37.81135],[-122.41009,37.81134],[-122.41004,37.81124],[-122.41006,37.81124],[-122.41011,37.81135],[-122.41019,37.81132],[-122.41,37.811],[-122.41002,37.81093],[-122.41004,37.81092],[-122.41005,37.81087],[-122.40996,37.81086],[-122.40993,37.81099],[-122.40991,37.81099],[-122.40994,37.81087],[-122.40993,37.81086],[-122.40989,37.81086],[-122.40987,37.81087],[-122.40985,37.81098],[-122.40983,37.81098],[-122.40986,37.81085],[-122.40985,37.81084],[-122.40981,37.81084],[-122.40979,37.81084],[-122.40977,37.81097],[-122.40975,37.81097],[-122.40978,37.81084],[-122.40977,37.81083],[-122.40972,37.81082],[-122.40971,37.81083],[-122.40969,37.81096],[-122.40967,37.81095],[-122.4097,37.81083],[-122.40969,37.81082],[-122.40965,37.81081],[-122.40963,37.81082],[-122.40961,37.81095],[-122.40959,37.81094],[-122.40962,37.81082],[-122.40961,37.81081],[-122.40956,37.8108],[-122.40955,37.81081],[-122.40953,37.81093],[-122.40951,37.81093],[-122.40953,37.81081],[-122.40953,37.8108],[-122.40948,37.81079],[-122.40947,37.8108],[-122.40944,37.81092],[-122.40943,37.81092],[-122.40945,37.81079],[-122.40944,37.81079],[-122.4094,37.81078],[-122.40939,37.81079],[-122.40936,37.81091],[-122.40934,37.81091],[-122.40937,37.81078],[-122.40936,37.81077],[-122.40932,37.81077],[-122.40931,37.81077],[-122.40928,37.8109],[-122.40926,37.8109],[-122.40929,37.81077],[-122.40928,37.81076],[-122.40923,37.81076],[-122.40922,37.81076],[-122.40919,37.81089],[-122.40918,37.81089],[-122.40921,37.81076],[-122.4092,37.81075],[-122.40915,37.81075],[-122.40914,37.81075],[-122.40911,37.81088],[-122.4091,37.81088],[-122.40912,37.81075],[-122.40912,37.81074],[-122.40907,37.81073],[-122.40906,37.81074],[-122.40903,37.81087],[-122.40902,37.81086],[-122.40904,37.81074],[-122.40904,37.81073],[-122.40899,37.81072],[-122.40898,37.81073],[-122.40895,37.81086],[-122.40894,37.81085],[-122.40897,37.81073],[-122.40896,37.81072],[-122.40891,37.81071],[-122.4089,37.81072],[-122.40887,37.81084],[-122.40885,37.81084],[-122.40888,37.81072],[-122.40887,37.81071],[-122.40883,37.8107],[-122.40882,37.81071],[-122.40879,37.81083],[-122.40877,37.81083],[-122.4088,37.8107],[-122.40879,37.8107],[-122.40874,37.81069],[-122.40873,37.8107],[-122.4087,37.81082],[-122.40869,37.81082],[-122.40871,37.81069],[-122.40871,37.81068],[-122.40866,37.81068],[-122.40865,37.81068],[-122.40862,37.81081],[-122.40861,37.81081],[-122.40863,37.81068],[-122.40863,37.81067],[-122.40856,37.81066],[-122.40859,37.81051],[-122.40861,37.81051],[-122.40858,37.81064],[-122.40859,37.81065],[-122.40863,37.81066],[-122.40864,37.81065],[-122.40867,37.81052],[-122.40869,37.81053],[-122.40866,37.81065],[-122.40867,37.81066],[-122.40871,37.81067],[-122.40872,37.81066],[-122.40875,37.81053],[-122.40877,37.81054],[-122.40874,37.81066],[-122.40875,37.81067],[-122.40879,37.81068],[-122.40881,37.81067],[-122.40883,37.81055],[-122.40885,37.81055],[-122.40882,37.81067],[-122.40883,37.81068],[-122.40888,37.81069],[-122.40889,37.81068],[-122.40892,37.81056],[-122.40893,37.81056],[-122.40891,37.81069],[-122.40891,37.8107],[-122.40896,37.8107],[-122.40897,37.8107],[-122.409,37.81057],[-122.40902,37.81057],[-122.40899,37.8107],[-122.409,37.81071],[-122.40904,37.81071],[-122.40905,37.81071],[-122.40908,37.81058],[-122.4091,37.81058],[-122.40907,37.81071],[-122.40908,37.81072],[-122.40912,37.81072],[-122.40913,37.81072],[-122.40916,37.81059],[-122.40918,37.81059],[-122.40915,37.81072],[-122.40916,37.81073],[-122.4092,37.81074],[-122.40921,37.81073],[-122.40924,37.8106],[-122.40926,37.8106],[-122.40923,37.81073],[-122.40924,37.81074],[-122.40929,37.81075],[-122.4093,37.81074],[-122.40932,37.81061],[-122.40934,37.81062],[-122.40931,37.81074],[-122.40932,37.81075],[-122.40937,37.81076],[-122.40938,37.81075],[-122.40941,37.81062],[-122.40942,37.81063],[-122.40939,37.81075],[-122.4094,37.81076],[-122.40945,37.81077],[-122.40946,37.81076],[-122.40948,37.81064],[-122.4095,37.81064],[-122.40948,37.81076],[-122.40948,37.81077],[-122.40953,37.81078],[-122.40954,37.81077],[-122.40957,37.81065],[-122.40958,37.81065],[-122.40956,37.81078],[-122.40957,37.81079],[-122.40961,37.81079],[-122.40962,37.81079],[-122.40965,37.81066],[-122.40967,37.81066],[-122.40964,37.81079],[-122.40965,37.8108],[-122.40969,37.8108],[-122.4097,37.8108],[-122.40973,37.81067],[-122.40975,37.81067],[-122.40972,37.8108],[-122.40973,37.81081],[-122.40977,37.81081],[-122.40978,37.81081],[-122.40981,37.81068],[-122.40983,37.81068],[-122.4098,37.81081],[-122.40981,37.81082],[-122.40986,37.81083],[-122.40987,37.81082],[-122.4099,37.81069],[-122.40991,37.81069],[-122.40989,37.81081],[-122.4099,37.81082],[-122.40994,37.81082],[-122.40995,37.81081],[-122.40997,37.8107],[-122.40999,37.81071],[-122.40996,37.81084],[-122.41005,37.81086],[-122.41006,37.81082],[-122.41004,37.81079],[-122.41005,37.81074],[-122.41008,37.81072],[-122.41009,37.81062],[-122.41008,37.8106],[-122.41009,37.81055],[-122.41012,37.81053],[-122.41014,37.81042],[-122.41012,37.8104],[-122.41013,37.81036],[-122.41009,37.81036],[-122.41006,37.81047],[-122.41005,37.81047],[-122.41007,37.81037],[-122.41006,37.81036],[-122.41004,37.81036],[-122.41003,37.81037],[-122.41001,37.81046],[-122.41,37.81046],[-122.41002,37.81036],[-122.41001,37.81035],[-122.40997,37.81035],[-122.40996,37.81035],[-122.40994,37.81046],[-122.40992,37.81045],[-122.40995,37.81034],[-122.40994,37.81033],[-122.4099,37.81033],[-122.40989,37.81033],[-122.40987,37.81045],[-122.40985,37.81044],[-122.40988,37.81033],[-122.40987,37.81032],[-122.40983,37.81032],[-122.40982,37.81032],[-122.4098,37.81044],[-122.40978,37.81043],[-122.40981,37.81032],[-122.4098,37.81031],[-122.40976,37.81031],[-122.40974,37.81031],[-122.40972,37.81043],[-122.40971,37.81042],[-122.40973,37.81031],[-122.40972,37.8103],[-122.40969,37.8103],[-122.40967,37.8103],[-122.40965,37.81042],[-122.40964,37.81041],[-122.40966,37.8103],[-122.40965,37.81029],[-122.40962,37.81029],[-122.40961,37.81029],[-122.40958,37.81041],[-122.40957,37.81041],[-122.40959,37.81029],[-122.40959,37.81028],[-122.40954,37.81028],[-122.40953,37.81028],[-122.40951,37.8104],[-122.40949,37.8104],[-122.40952,37.81028],[-122.40951,37.81027],[-122.40947,37.81027],[-122.40946,37.81027],[-122.40943,37.81039],[-122.40942,37.81039],[-122.40944,37.81027],[-122.40943,37.81026],[-122.4094,37.81026],[-122.40938,37.81026],[-122.40936,37.81038],[-122.40935,37.81038],[-122.40937,37.81026],[-122.40936,37.81025],[-122.40932,37.81025],[-122.40931,37.81025],[-122.4093,37.81037],[-122.40929,37.81037],[-122.40929,37.81025],[-122.40928,37.81024],[-122.40925,37.81024],[-122.40924,37.81025],[-122.40921,37.81036],[-122.4092,37.81036],[-122.40922,37.81024],[-122.40922,37.81023],[-122.40918,37.81023],[-122.40916,37.81024],[-122.40914,37.81035],[-122.40913,37.81035],[-122.40915,37.81023],[-122.40914,37.81022],[-122.40911,37.81022],[-122.40909,37.81023],[-122.40907,37.81034],[-122.40906,37.81034],[-122.40908,37.81022],[-122.40907,37.81021],[-122.40903,37.81021],[-122.40902,37.81022],[-122.40899,37.81033],[-122.40898,37.81033],[-122.409,37.81021],[-122.40899,37.8102],[-122.40896,37.8102],[-122.40895,37.81021],[-122.40892,37.81032],[-122.40891,37.81032],[-122.40893,37.8102],[-122.40893,37.81019],[-122.40889,37.81019],[-122.40887,37.8102],[-122.40885,37.81031],[-122.40884,37.81031],[-122.40886,37.81019],[-122.40885,37.81018],[-122.40882,37.81018],[-122.4088,37.81019],[-122.40878,37.8103],[-122.40877,37.8103],[-122.40879,37.81019],[-122.40878,37.81018],[-122.40874,37.81017],[-122.40873,37.81018],[-122.4087,37.81029],[-122.40869,37.81029],[-122.40871,37.81017],[-122.4087,37.81017],[-122.40867,37.81016],[-122.40865,37.81017],[-122.40863,37.81028],[-122.40862,37.81028],[-122.40864,37.81016],[-122.40863,37.81016],[-122.4086,37.81015],[-122.40858,37.81016],[-122.40856,37.81027],[-122.40855,37.81027],[-122.40857,37.81016],[-122.40856,37.81015],[-122.40852,37.81014],[-122.40851,37.81015],[-122.40849,37.81026],[-122.40847,37.81026],[-122.4085,37.81015],[-122.40849,37.81014],[-122.40845,37.81013],[-122.40844,37.81014],[-122.40841,37.81025],[-122.4084,37.81025],[-122.40842,37.81014],[-122.40842,37.81013],[-122.40836,37.81012],[-122.40838,37.81],[-122.40839,37.81],[-122.40837,37.8101],[-122.40838,37.81011],[-122.40841,37.81011],[-122.40842,37.8101],[-122.40844,37.81],[-122.40846,37.81001],[-122.40843,37.8101],[-122.40844,37.81011],[-122.40847,37.81012],[-122.40848,37.81011],[-122.4085,37.81001],[-122.40851,37.81001],[-122.40849,37.81011],[-122.4085,37.81012],[-122.40853,37.81012],[-122.40854,37.81012],[-122.40856,37.81002],[-122.40858,37.81002],[-122.40856,37.81012],[-122.40856,37.81013],[-122.40859,37.81013],[-122.4086,37.81013],[-122.40862,37.81003],[-122.40863,37.81003],[-122.40861,37.81013],[-122.40862,37.81014],[-122.40865,37.81014],[-122.40866,37.81013],[-122.40868,37.81004],[-122.4087,37.81004],[-122.40868,37.81014],[-122.40868,37.81015],[-122.40871,37.81015],[-122.40872,37.81014],[-122.40874,37.81004],[-122.40875,37.81005],[-122.40873,37.81014],[-122.40874,37.81015],[-122.40877,37.81016],[-122.40878,37.81015],[-122.4088,37.81005],[-122.40881,37.81005],[-122.40879,37.81015],[-122.4088,37.81016],[-122.40883,37.81016],[-122.40884,37.81016],[-122.40886,37.81006],[-122.40887,37.81006],[-122.40885,37.81016],[-122.40886,37.81017],[-122.40889,37.81017],[-122.4089,37.81017],[-122.40892,37.81007],[-122.40893,37.81007],[-122.40891,37.81017],[-122.40892,37.81018],[-122.40894,37.81018],[-122.40895,37.81017],[-122.40897,37.81008],[-122.40899,37.81008],[-122.40897,37.81018],[-122.40898,37.81018],[-122.40901,37.81019],[-122.40902,37.81018],[-122.40904,37.81008],[-122.40905,37.81009],[-122.40903,37.81018],[-122.40904,37.81019],[-122.40907,37.8102],[-122.40908,37.81019],[-122.4091,37.81009],[-122.40911,37.81009],[-122.40909,37.81019],[-122.4091,37.8102],[-122.40913,37.81021],[-122.40914,37.8102],[-122.40916,37.8101],[-122.40917,37.8101],[-122.40915,37.8102],[-122.40916,37.81021],[-122.40919,37.81021],[-122.4092,37.81021],[-122.40922,37.81011],[-122.40923,37.81011],[-122.40921,37.81021],[-122.40922,37.81022],[-122.40925,37.81022],[-122.40926,37.81021],[-122.40928,37.81012],[-122.40929,37.81012],[-122.40927,37.81022],[-122.40928,37.81023],[-122.4093,37.81023],[-122.40932,37.81022],[-122.40934,37.81012],[-122.40935,37.81013],[-122.40933,37.81022],[-122.40934,37.81023],[-122.40936,37.81024],[-122.40938,37.81023],[-122.4094,37.81013],[-122.40941,37.81013],[-122.40939,37.81023],[-122.4094,37.81024],[-122.40943,37.81025],[-122.40944,37.81024],[-122.40946,37.81014],[-122.40947,37.81014],[-122.40945,37.81024],[-122.40946,37.81025],[-122.40948,37.81025],[-122.40949,37.81025],[-122.40951,37.81015],[-122.40953,37.81015],[-122.40951,37.81025],[-122.40952,37.81026],[-122.40954,37.81026],[-122.40956,37.81025],[-122.40958,37.81016],[-122.40959,37.81016],[-122.40957,37.81026],[-122.40958,37.81027],[-122.40961,37.81027],[-122.40962,37.81026],[-122.40964,37.81016],[-122.40965,37.81017],[-122.40963,37.81026],[-122.40964,37.81027],[-122.40966,37.81028],[-122.40968,37.81027],[-122.4097,37.81017],[-122.40971,37.81017],[-122.40969,37.81027],[-122.4097,37.81028],[-122.40973,37.81029],[-122.40974,37.81028],[-122.40976,37.81018],[-122.40977,37.81018],[-122.40975,37.81028],[-122.40976,37.81029],[-122.40978,37.81029],[-122.4098,37.81029],[-122.40982,37.81019],[-122.40983,37.81019],[-122.40981,37.81029],[-122.40982,37.8103],[-122.40984,37.8103],[-122.40985,37.81029],[-122.40987,37.8102],[-122.40989,37.8102],[-122.40987,37.8103],[-122.40987,37.81031],[-122.4099,37.81031],[-122.40991,37.8103],[-122.40993,37.8102],[-122.40995,37.81021],[-122.40993,37.8103],[-122.40993,37.81031],[-122.40996,37.81032],[-122.40997,37.81031],[-122.41,37.81021],[-122.41001,37.81021],[-122.40999,37.8103],[-122.41,37.81031],[-122.41002,37.81032],[-122.41003,37.81031],[-122.41005,37.81022],[-122.41006,37.81022],[-122.41004,37.81031],[-122.41005,37.81032],[-122.41007,37.81032],[-122.41008,37.81031],[-122.4101,37.81023],[-122.41012,37.81023],[-122.41009,37.81034],[-122.41013,37.81035],[-122.41016,37.81033],[-122.41018,37.81023],[-122.41016,37.81021],[-122.41018,37.8101],[-122.41008,37.80992],[-122.41005,37.80992],[-122.41004,37.80992],[-122.41002,37.81003],[-122.41001,37.81002],[-122.41003,37.80992],[-122.41002,37.80991],[-122.40999,37.80991],[-122.40998,37.80992],[-122.40997,37.81002],[-122.40995,37.81002],[-122.40997,37.80991],[-122.40996,37.8099],[-122.40993,37.8099],[-122.40992,37.80991],[-122.4099,37.81001],[-122.40989,37.81001],[-122.40991,37.80991],[-122.4099,37.8099],[-122.40987,37.80989],[-122.40986,37.8099],[-122.40984,37.81],[-122.40983,37.81],[-122.40984,37.8099],[-122.40983,37.80989],[-122.40981,37.80988],[-122.4098,37.80989],[-122.40978,37.80999],[-122.40977,37.80999],[-122.40978,37.80989],[-122.40977,37.80988],[-122.40975,37.80988],[-122.40974,37.80988],[-122.40971,37.80998],[-122.40969,37.80998],[-122.40972,37.80988],[-122.40972,37.80987],[-122.40969,37.80987],[-122.40967,37.80988],[-122.40966,37.80998],[-122.40964,37.80998],[-122.40966,37.80987],[-122.40965,37.80986],[-122.40962,37.80986],[-122.40961,37.80987],[-122.40959,37.80997],[-122.40958,37.80997],[-122.4096,37.80987],[-122.40959,37.80986],[-122.40956,37.80985],[-122.40955,37.80986],[-122.40953,37.80996],[-122.40952,37.80996],[-122.40954,37.80986],[-122.40953,37.80985],[-122.4095,37.80984],[-122.40949,37.80985],[-122.40947,37.80995],[-122.40946,37.80995],[-122.40948,37.80985],[-122.40947,37.80984],[-122.40944,37.80984],[-122.40943,37.80984],[-122.40941,37.80995],[-122.4094,37.80994],[-122.40941,37.80984],[-122.40941,37.80983],[-122.40937,37.80983],[-122.40936,37.80983],[-122.40935,37.80994],[-122.40933,37.80993],[-122.40935,37.80983],[-122.40934,37.80982],[-122.40932,37.80982],[-122.4093,37.80983],[-122.40929,37.80993],[-122.40927,37.80993],[-122.40929,37.80982],[-122.40928,37.80982],[-122.40925,37.80981],[-122.40924,37.80982],[-122.40922,37.80992],[-122.40921,37.80992],[-122.40923,37.80982],[-122.40922,37.80981],[-122.4092,37.8098],[-122.40918,37.80981],[-122.40917,37.80991],[-122.40915,37.80991],[-122.40917,37.80981],[-122.40916,37.8098],[-122.40913,37.8098],[-122.40912,37.8098],[-122.4091,37.8099],[-122.40909,37.8099],[-122.4091,37.8098],[-122.4091,37.80979],[-122.40907,37.80979],[-122.40906,37.80979],[-122.40904,37.8099],[-122.40903,37.8099],[-122.40905,37.80979],[-122.40904,37.80978],[-122.40901,37.80978],[-122.409,37.80979],[-122.40898,37.80989],[-122.40897,37.80989],[-122.40899,37.80979],[-122.40898,37.80978],[-122.40895,37.80977],[-122.40894,37.80978],[-122.40892,37.80988],[-122.40891,37.80988],[-122.40893,37.80978],[-122.40892,37.80977],[-122.40888,37.80976],[-122.40887,37.80977],[-122.40886,37.80987],[-122.40884,37.80987],[-122.40886,37.80977],[-122.40885,37.80976],[-122.40882,37.80975],[-122.40881,37.80976],[-122.40879,37.80986],[-122.40878,37.80986],[-122.4088,37.80976],[-122.40879,37.80975],[-122.40876,37.80975],[-122.40875,37.80975],[-122.40873,37.80986],[-122.40872,37.80985],[-122.40873,37.80975],[-122.40873,37.80974],[-122.4087,37.80974],[-122.40869,37.80975],[-122.40867,37.80985],[-122.40866,37.80985],[-122.40867,37.80974],[-122.40867,37.80973],[-122.40864,37.80973],[-122.40863,37.80974],[-122.40861,37.80984],[-122.4086,37.80984],[-122.40861,37.80974],[-122.4086,37.80973],[-122.40858,37.80972],[-122.40857,37.80973],[-122.40855,37.80983],[-122.40854,37.80983],[-122.40855,37.80973],[-122.40855,37.80972],[-122.40851,37.80971],[-122.4085,37.80972],[-122.40849,37.80982],[-122.40847,37.80982],[-122.40849,37.80972],[-122.40848,37.80971],[-122.40845,37.80971],[-122.40844,37.80971],[-122.40842,37.80982],[-122.40841,37.80981],[-122.40843,37.80971],[-122.40842,37.8097],[-122.4084,37.8097],[-122.40839,37.80971],[-122.40837,37.80981],[-122.40835,37.80981],[-122.40837,37.8097],[-122.40836,37.80969],[-122.40833,37.80969],[-122.40832,37.8097],[-122.4083,37.8098],[-122.40829,37.8098],[-122.40831,37.80969],[-122.4083,37.80969],[-122.40827,37.80968],[-122.40826,37.80969],[-122.40824,37.80979],[-122.40822,37.80979],[-122.40826,37.80956],[-122.40828,37.80957],[-122.40826,37.80966],[-122.40827,37.80967],[-122.40829,37.80967],[-122.4083,37.80966],[-122.40831,37.80957],[-122.40833,37.80957],[-122.40831,37.80966],[-122.40832,37.80967],[-122.40834,37.80967],[-122.40835,37.80967],[-122.40837,37.80958],[-122.40838,37.80958],[-122.40837,37.80967],[-122.40838,37.80968],[-122.40839,37.80968],[-122.40841,37.80967],[-122.40842,37.80959],[-122.40844,37.80959],[-122.40842,37.80968],[-122.40843,37.80969],[-122.40845,37.80969],[-122.40846,37.80968],[-122.40848,37.80959],[-122.40849,37.80959],[-122.40848,37.80968],[-122.40849,37.80969],[-122.4085,37.8097],[-122.40852,37.80969],[-122.40853,37.8096],[-122.40854,37.8096],[-122.40853,37.80969],[-122.40854,37.8097],[-122.40856,37.8097],[-122.40857,37.8097],[-122.40859,37.80961],[-122.4086,37.80961],[-122.40858,37.8097],[-122.40859,37.80971],[-122.40861,37.80971],[-122.40863,37.8097],[-122.40864,37.80961],[-122.40866,37.80962],[-122.40864,37.80971],[-122.40865,37.80972],[-122.40866,37.80972],[-122.40867,37.80971],[-122.40869,37.80962],[-122.4087,37.80962],[-122.40869,37.80971],[-122.4087,37.80972],[-122.40872,37.80972],[-122.40873,37.80972],[-122.40875,37.80963],[-122.40876,37.80963],[-122.40875,37.80972],[-122.40876,37.80973],[-122.40878,37.80973],[-122.40879,37.80973],[-122.4088,37.80964],[-122.40882,37.80964],[-122.4088,37.80973],[-122.40881,37.80974],[-122.40884,37.80974],[-122.40885,37.80973],[-122.40887,37.80964],[-122.40888,37.80965],[-122.40887,37.80974],[-122.40887,37.80974],[-122.40889,37.80975],[-122.4089,37.80974],[-122.40892,37.80965],[-122.40893,37.80965],[-122.40892,37.80974],[-122.40893,37.80975],[-122.40895,37.80975],[-122.40896,37.80975],[-122.40897,37.80966],[-122.40899,37.80966],[-122.40897,37.80975],[-122.40898,37.80976],[-122.409,37.80976],[-122.40901,37.80975],[-122.40903,37.80967],[-122.40904,37.80967],[-122.40903,37.80976],[-122.40904,37.80977],[-122.40905,37.80977],[-122.40906,37.80976],[-122.40908,37.80967],[-122.40909,37.80967],[-122.40908,37.80976],[-122.40909,37.80977],[-122.40911,37.80978],[-122.40912,37.80977],[-122.40913,37.80968],[-122.40915,37.80968],[-122.40913,37.80977],[-122.40914,37.80978],[-122.40916,37.80978],[-122.40917,37.80978],[-122.40919,37.80969],[-122.4092,37.80969],[-122.40919,37.80978],[-122.4092,37.80979],[-122.40921,37.80979],[-122.40923,37.80978],[-122.40924,37.80969],[-122.40926,37.8097],[-122.40924,37.80978],[-122.40925,37.80979],[-122.40927,37.8098],[-122.40928,37.80979],[-122.4093,37.8097],[-122.40931,37.8097],[-122.40929,37.80979],[-122.4093,37.8098],[-122.40933,37.8098],[-122.40934,37.8098],[-122.40935,37.80971],[-122.40937,37.80971],[-122.40935,37.8098],[-122.40936,37.80981],[-122.40938,37.80981],[-122.40939,37.8098],[-122.40941,37.80971],[-122.40942,37.80972],[-122.4094,37.80981],[-122.40941,37.80982],[-122.40943,37.80982],[-122.40944,37.80981],[-122.40946,37.80972],[-122.40947,37.80972],[-122.40946,37.80981],[-122.40947,37.80982],[-122.40949,37.80983],[-122.4095,37.80982],[-122.40952,37.80973],[-122.40953,37.80973],[-122.40951,37.80982],[-122.40952,37.80983],[-122.40954,37.80983],[-122.40956,37.80983],[-122.40957,37.80974],[-122.40959,37.80974],[-122.40957,37.80983],[-122.40958,37.80984],[-122.4096,37.80984],[-122.40961,37.80983],[-122.40963,37.80974],[-122.40964,37.80975],[-122.40962,37.80984],[-122.40963,37.80985],[-122.40965,37.80985],[-122.40966,37.80984],[-122.40968,37.80975],[-122.40969,37.80975],[-122.40967,37.80984],[-122.40968,37.80985],[-122.40971,37.80986],[-122.40972,37.80985],[-122.40974,37.80976],[-122.40975,37.80976],[-122.40974,37.80985],[-122.40974,37.80986],[-122.40976,37.80986],[-122.40977,37.80986],[-122.40979,37.80977],[-122.4098,37.80977],[-122.40979,37.80986],[-122.4098,37.80987],[-122.40981,37.80987],[-122.40983,37.80986],[-122.40985,37.80977],[-122.40986,37.80977],[-122.40984,37.80986],[-122.40985,37.80987],[-122.40987,37.80988],[-122.40988,37.80987],[-122.4099,37.80978],[-122.40991,37.80978],[-122.4099,37.80984],[-122.40993,37.80987],[-122.41006,37.80989],[-122.40979,37.80941],[-122.40969,37.80945],[-122.40975,37.80948],[-122.40979,37.80948],[-122.40978,37.80959],[-122.40976,37.80959],[-122.40978,37.8095],[-122.40977,37.80949],[-122.40975,37.80949],[-122.40973,37.8095],[-122.40972,37.80958],[-122.40971,37.80958],[-122.40972,37.80949],[-122.40971,37.80948],[-122.40969,37.80948],[-122.40968,37.80949],[-122.40966,37.80958],[-122.40965,37.80957],[-122.40966,37.80949],[-122.40966,37.80948],[-122.40964,37.80948],[-122.40963,37.80948],[-122.40962,37.80957],[-122.4096,37.80957],[-122.40962,37.80948],[-122.40961,37.80947],[-122.40958,37.80947],[-122.40957,37.80947],[-122.40956,37.80956],[-122.40954,37.80956],[-122.40956,37.80947],[-122.40955,37.80946],[-122.40953,37.80946],[-122.40952,37.80947],[-122.40951,37.80955],[-122.40949,37.80955],[-122.40951,37.80947],[-122.4095,37.80946],[-122.40948,37.80945],[-122.40946,37.80946],[-122.40945,37.80955],[-122.40944,37.80955],[-122.40945,37.80946],[-122.40944,37.80945],[-122.40942,37.80945],[-122.40941,37.80945],[-122.4094,37.80954],[-122.40939,37.80954],[-122.4094,37.80945],[-122.40939,37.80944],[-122.40937,37.80944],[-122.40935,37.80945],[-122.40934,37.80953],[-122.40933,37.80953],[-122.40934,37.80944],[-122.40933,37.80943],[-122.40932,37.80943],[-122.4093,37.80944],[-122.40929,37.80953],[-122.40928,37.80952],[-122.40929,37.80944],[-122.40928,37.80943],[-122.40926,37.80942],[-122.40925,37.80943],[-122.40924,37.80952],[-122.40922,37.80952],[-122.40924,37.80943],[-122.40923,37.80942],[-122.4092,37.80942],[-122.40919,37.80942],[-122.40918,37.80951],[-122.40916,37.80951],[-122.40918,37.80942],[-122.40917,37.80941],[-122.40915,37.80941],[-122.40913,37.80942],[-122.40912,37.8095],[-122.40911,37.8095],[-122.40912,37.80941],[-122.40911,37.8094],[-122.40909,37.8094],[-122.40908,37.80941],[-122.40906,37.80949],[-122.40905,37.80949],[-122.40906,37.80941],[-122.40905,37.8094],[-122.40904,37.80939],[-122.40903,37.8094],[-122.40901,37.80949],[-122.409,37.80949],[-122.40901,37.8094],[-122.409,37.80939],[-122.40899,37.80939],[-122.40897,37.80939],[-122.40896,37.80948],[-122.40895,37.80948],[-122.40896,37.80939],[-122.40895,37.80938],[-122.40893,37.80938],[-122.40892,37.80939],[-122.4089,37.80947],[-122.40889,37.80947],[-122.4089,37.80938],[-122.4089,37.80937],[-122.40887,37.80937],[-122.40886,37.80938],[-122.40885,37.80947],[-122.40884,37.80946],[-122.40885,37.80938],[-122.40884,37.80937],[-122.40882,37.80936],[-122.40881,37.80937],[-122.40879,37.80946],[-122.40878,37.80946],[-122.4088,37.80937],[-122.40879,37.80936],[-122.40877,37.80936],[-122.40876,37.80936],[-122.40874,37.80945],[-122.40873,37.80945],[-122.40874,37.80936],[-122.40873,37.80935],[-122.40871,37.80935],[-122.4087,37.80936],[-122.40869,37.80944],[-122.40867,37.80944],[-122.40869,37.80935],[-122.40868,37.80935],[-122.40866,37.80934],[-122.40865,37.80935],[-122.40863,37.80944],[-122.40862,37.80943],[-122.40863,37.80935],[-122.40862,37.80934],[-122.4086,37.80934],[-122.40859,37.80934],[-122.40858,37.80943],[-122.40856,37.80943],[-122.40858,37.80934],[-122.40857,37.80933],[-122.40855,37.80933],[-122.40854,37.80933],[-122.40852,37.80942],[-122.40851,37.80942],[-122.40852,37.80933],[-122.40851,37.80932],[-122.40849,37.80932],[-122.40848,37.80933],[-122.40847,37.80941],[-122.40845,37.80941],[-122.40847,37.80933],[-122.40846,37.80932],[-122.40844,37.80931],[-122.40843,37.80932],[-122.40841,37.80941],[-122.4084,37.8094],[-122.40841,37.80932],[-122.4084,37.80931],[-122.40838,37.80931],[-122.40837,37.80931],[-122.40836,37.8094],[-122.40834,37.8094],[-122.40836,37.80931],[-122.40835,37.8093],[-122.40833,37.8093],[-122.40832,37.8093],[-122.4083,37.80939],[-122.40829,37.80939],[-122.4083,37.8093],[-122.40829,37.80929],[-122.40828,37.80929],[-122.40826,37.8093],[-122.40825,37.80938],[-122.40824,37.80938],[-122.40825,37.8093],[-122.40824,37.80929],[-122.40822,37.80928],[-122.40821,37.80929],[-122.40819,37.80938],[-122.40818,37.80938],[-122.40819,37.80929],[-122.40819,37.80928],[-122.40817,37.80928],[-122.40816,37.80928],[-122.40814,37.80937],[-122.40813,37.80937],[-122.40814,37.80928],[-122.40813,37.80927],[-122.40811,37.80927],[-122.4081,37.80928],[-122.40809,37.80936],[-122.40807,37.80936],[-122.40809,37.80927],[-122.40808,37.80926],[-122.40804,37.80926],[-122.40806,37.80915],[-122.40807,37.80915],[-122.40806,37.80924],[-122.40807,37.80925],[-122.40809,37.80925],[-122.4081,37.80924],[-122.40811,37.80915],[-122.40813,37.80916],[-122.40811,37.80925],[-122.40812,37.80926],[-122.40814,37.80926],[-122.40815,37.80925],[-122.40816,37.80916],[-122.40818,37.80916],[-122.40816,37.80925],[-122.40817,37.80926],[-122.4082,37.80927],[-122.40821,37.80926],[-122.40822,37.80917],[-122.40824,37.80917],[-122.40822,37.80926],[-122.40823,37.80927],[-122.40825,37.80927],[-122.40827,37.80927],[-122.40828,37.80918],[-122.40829,37.80918],[-122.40828,37.80927],[-122.40829,37.80928],[-122.40831,37.80928],[-122.40832,37.80927],[-122.40833,37.80918],[-122.40835,37.80919],[-122.40833,37.80928],[-122.40834,37.80929],[-122.40836,37.80929],[-122.40837,37.80928],[-122.40838,37.80919],[-122.4084,37.80919],[-122.40838,37.80928],[-122.40839,37.80929],[-122.40841,37.8093],[-122.40842,37.80929],[-122.40844,37.8092],[-122.40845,37.8092],[-122.40844,37.80929],[-122.40845,37.8093],[-122.40847,37.8093],[-122.40848,37.8093],[-122.4085,37.80921],[-122.40851,37.80921],[-122.4085,37.8093],[-122.40851,37.80931],[-122.40852,37.80931],[-122.40853,37.8093],[-122.40855,37.80921],[-122.40856,37.80921],[-122.40855,37.80931],[-122.40856,37.80931],[-122.40858,37.80932],[-122.40859,37.80931],[-122.4086,37.80922],[-122.40862,37.80922],[-122.4086,37.80931],[-122.40861,37.80932],[-122.40864,37.80933],[-122.40865,37.80932],[-122.40866,37.80923],[-122.40868,37.80923],[-122.40866,37.80932],[-122.40867,37.80933],[-122.40869,37.80933],[-122.4087,37.80933],[-122.40871,37.80923],[-122.40873,37.80924],[-122.40871,37.80933],[-122.40872,37.80934],[-122.40874,37.80934],[-122.40875,37.80933],[-122.40877,37.80924],[-122.40878,37.80924],[-122.40877,37.80933],[-122.40877,37.80934],[-122.4088,37.80935],[-122.40881,37.80934],[-122.40882,37.80925],[-122.40884,37.80925],[-122.40882,37.80934],[-122.40883,37.80935],[-122.40885,37.80935],[-122.40886,37.80935],[-122.40888,37.80926],[-122.40889,37.80926],[-122.40887,37.80935],[-122.40888,37.80936],[-122.4089,37.80936],[-122.40891,37.80935],[-122.40893,37.80926],[-122.40894,37.80927],[-122.40893,37.80936],[-122.40894,37.80937],[-122.40896,37.80937],[-122.40897,37.80936],[-122.40899,37.80927],[-122.409,37.80927],[-122.40898,37.80936],[-122.40899,37.80937],[-122.40901,37.80938],[-122.40903,37.80937],[-122.40904,37.80928],[-122.40905,37.80928],[-122.40904,37.80937],[-122.40905,37.80938],[-122.40907,37.80938],[-122.40908,37.80938],[-122.4091,37.80929],[-122.40911,37.80929],[-122.4091,37.80938],[-122.4091,37.80939],[-122.40912,37.80939],[-122.40913,37.80938],[-122.40915,37.80929],[-122.40916,37.8093],[-122.40915,37.80939],[-122.40916,37.8094],[-122.40918,37.8094],[-122.40919,37.80939],[-122.40921,37.8093],[-122.40922,37.8093],[-122.40921,37.80939],[-122.40921,37.8094],[-122.40923,37.80941],[-122.40924,37.8094],[-122.40926,37.80931],[-122.40927,37.80931],[-122.40926,37.8094],[-122.40927,37.80941],[-122.40929,37.80941],[-122.4093,37.80941],[-122.40932,37.80932],[-122.40933,37.80932],[-122.40932,37.80941],[-122.40933,37.80942],[-122.40934,37.80942],[-122.40936,37.80941],[-122.40937,37.80932],[-122.40938,37.80933],[-122.40937,37.80942],[-122.40938,37.80943],[-122.4094,37.80943],[-122.40941,37.80942],[-122.40943,37.80933],[-122.40944,37.80933],[-122.40942,37.80942],[-122.40943,37.80943],[-122.40946,37.80944],[-122.40948,37.80934],[-122.40949,37.80934],[-122.40948,37.80944],[-122.40952,37.80944],[-122.40953,37.80935],[-122.40955,37.80935],[-122.40953,37.80945],[-122.40957,37.80945],[-122.40959,37.80935],[-122.4096,37.80935],[-122.40959,37.80945],[-122.40963,37.80946],[-122.40964,37.80936],[-122.40966,37.80936],[-122.40965,37.80943],[-122.40967,37.80944],[-122.40978,37.8094],[-122.40976,37.80936],[-122.40965,37.80909],[-122.40958,37.80907],[-122.40952,37.80906],[-122.4095,37.80917],[-122.40949,37.80917],[-122.4095,37.80908],[-122.4095,37.80907],[-122.40948,37.80907],[-122.40947,37.80907],[-122.40945,37.80916],[-122.40943,37.80916],[-122.40945,37.80907],[-122.40944,37.80906],[-122.40942,37.80906],[-122.40941,37.80907],[-122.40939,37.80915],[-122.40938,37.80915],[-122.4094,37.80907],[-122.40939,37.80906],[-122.40937,37.80905],[-122.40936,37.80906],[-122.40934,37.80915],[-122.40932,37.80914],[-122.40934,37.80906],[-122.40933,37.80905],[-122.40931,37.80905],[-122.4093,37.80905],[-122.40928,37.80914],[-122.40927,37.80914],[-122.40929,37.80905],[-122.40928,37.80904],[-122.40926,37.80904],[-122.40925,37.80905],[-122.40923,37.80913],[-122.40922,37.80913],[-122.40923,37.80904],[-122.40923,37.80903],[-122.40921,37.80903],[-122.40919,37.80904],[-122.40918,37.80912],[-122.40916,37.80912],[-122.40918,37.80904],[-122.40917,37.80903],[-122.40915,37.80902],[-122.40914,37.80903],[-122.40912,37.80912],[-122.40911,37.80912],[-122.40913,37.80903],[-122.40912,37.80902],[-122.4091,37.80902],[-122.40908,37.80902],[-122.40907,37.80911],[-122.40905,37.80911],[-122.40907,37.80902],[-122.40906,37.80901],[-122.40904,37.80901],[-122.40903,37.80902],[-122.40901,37.8091],[-122.409,37.8091],[-122.40901,37.80901],[-122.40901,37.809],[-122.40898,37.809],[-122.40897,37.80901],[-122.40895,37.80909],[-122.40894,37.80909],[-122.40896,37.80901],[-122.40895,37.809],[-122.40893,37.80899],[-122.40892,37.809],[-122.4089,37.80909],[-122.40889,37.80909],[-122.4089,37.809],[-122.4089,37.80899],[-122.40888,37.80899],[-122.40886,37.80899],[-122.40885,37.80908],[-122.40883,37.80908],[-122.40885,37.80899],[-122.40884,37.80898],[-122.40882,37.80898],[-122.40881,37.80899],[-122.40879,37.80907],[-122.40878,37.80907],[-122.40879,37.80898],[-122.40879,37.80897],[-122.40877,37.80897],[-122.40875,37.80898],[-122.40874,37.80906],[-122.40872,37.80906],[-122.40874,37.80898],[-122.40873,37.80897],[-122.40871,37.80896],[-122.4087,37.80897],[-122.40868,37.80906],[-122.40867,37.80906],[-122.40869,37.80897],[-122.40868,37.80896],[-122.40866,37.80896],[-122.40865,37.80896],[-122.40863,37.80905],[-122.40862,37.80905],[-122.40864,37.80896],[-122.40863,37.80895],[-122.40861,37.80895],[-122.4086,37.80896],[-122.40858,37.80904],[-122.40856,37.80904],[-122.40858,37.80896],[-122.40857,37.80895],[-122.40855,37.80894],[-122.40854,37.80895],[-122.40852,37.80904],[-122.40851,37.80903],[-122.40853,37.80895],[-122.40852,37.80894],[-122.4085,37.80894],[-122.40848,37.80894],[-122.40847,37.80903],[-122.40845,37.80903],[-122.40847,37.80894],[-122.40846,37.80893],[-122.40844,37.80893],[-122.40843,37.80893],[-122.40841,37.80902],[-122.4084,37.80902],[-122.40842,37.80893],[-122.40841,37.80892],[-122.40839,37.80892],[-122.40838,37.80893],[-122.40836,37.80901],[-122.40834,37.80901],[-122.40836,37.80893],[-122.40835,37.80892],[-122.40833,37.80891],[-122.40832,37.80892],[-122.4083,37.80901],[-122.40829,37.809],[-122.40831,37.80892],[-122.4083,37.80891],[-122.40828,37.80891],[-122.40827,37.80891],[-122.40825,37.809],[-122.40823,37.809],[-122.40825,37.80891],[-122.40824,37.8089],[-122.40822,37.8089],[-122.40821,37.8089],[-122.40819,37.80899],[-122.40818,37.80899],[-122.40819,37.8089],[-122.40819,37.80889],[-122.40817,37.80889],[-122.40815,37.8089],[-122.40814,37.80898],[-122.40812,37.80898],[-122.40814,37.8089],[-122.40813,37.80889],[-122.40811,37.80888],[-122.4081,37.80889],[-122.40808,37.80898],[-122.40807,37.80897],[-122.40809,37.80889],[-122.40808,37.80888],[-122.40806,37.80888],[-122.40805,37.80888],[-122.40803,37.80897],[-122.40802,37.80897],[-122.40804,37.80888],[-122.40803,37.80887],[-122.408,37.80887],[-122.40799,37.80887],[-122.40797,37.80896],[-122.40796,37.80896],[-122.40798,37.80887],[-122.40797,37.80886],[-122.40795,37.80886],[-122.40794,37.80887],[-122.40792,37.80895],[-122.40791,37.80895],[-122.40793,37.80887],[-122.40792,37.80886],[-122.40787,37.80885],[-122.40789,37.80874],[-122.40791,37.80874],[-122.40789,37.80883],[-122.4079,37.80884],[-122.40792,37.80884],[-122.40793,37.80884],[-122.40795,37.80875],[-122.40796,37.80875],[-122.40795,37.80884],[-122.40795,37.80885],[-122.40797,37.80885],[-122.40798,37.80884],[-122.408,37.80875],[-122.40802,37.80875],[-122.408,37.80885],[-122.408,37.80885],[-122.40803,37.80886],[-122.40804,37.80885],[-122.40806,37.80876],[-122.40807,37.80876],[-122.40806,37.80885],[-122.40806,37.80886],[-122.40808,37.80886],[-122.40809,37.80886],[-122.40811,37.80877],[-122.40813,37.80877],[-122.40811,37.80886],[-122.40812,37.80887],[-122.40813,37.80887],[-122.40815,37.80887],[-122.40816,37.80877],[-122.40818,37.80878],[-122.40816,37.80887],[-122.40817,37.80888],[-122.40819,37.80888],[-122.4082,37.80887],[-122.40822,37.80878],[-122.40823,37.80878],[-122.40821,37.80887],[-122.40822,37.80888],[-122.40825,37.80889],[-122.40826,37.80888],[-122.40828,37.80879],[-122.40829,37.80879],[-122.40827,37.80888],[-122.40828,37.80889],[-122.4083,37.80889],[-122.40831,37.80889],[-122.40833,37.8088],[-122.40835,37.8088],[-122.40833,37.80889],[-122.40833,37.8089],[-122.40836,37.8089],[-122.40837,37.8089],[-122.40839,37.80881],[-122.4084,37.80881],[-122.40838,37.8089],[-122.40839,37.80891],[-122.40841,37.80891],[-122.40842,37.8089],[-122.40844,37.80881],[-122.40846,37.80881],[-122.40844,37.8089],[-122.40845,37.80891],[-122.40847,37.80892],[-122.40848,37.80891],[-122.4085,37.80882],[-122.40851,37.80882],[-122.40849,37.80891],[-122.4085,37.80892],[-122.40852,37.80892],[-122.40853,37.80892],[-122.40855,37.80883],[-122.40856,37.80883],[-122.40855,37.80892],[-122.40855,37.80893],[-122.40858,37.80893],[-122.40859,37.80893],[-122.40861,37.80883],[-122.40862,37.80884],[-122.4086,37.80893],[-122.40861,37.80894],[-122.40863,37.80894],[-122.40865,37.80893],[-122.40866,37.80884],[-122.40868,37.80884],[-122.40866,37.80893],[-122.40867,37.80894],[-122.40868,37.80895],[-122.4087,37.80894],[-122.40872,37.80885],[-122.40873,37.80885],[-122.40871,37.80894],[-122.40872,37.80895],[-122.40873,37.80895],[-122.40875,37.80895],[-122.40877,37.80886],[-122.40878,37.80886],[-122.40876,37.80895],[-122.40877,37.80896],[-122.40879,37.80896],[-122.4088,37.80895],[-122.40882,37.80886],[-122.40883,37.80887],[-122.40881,37.80896],[-122.40882,37.80897],[-122.40885,37.80897],[-122.40886,37.80896],[-122.40888,37.80887],[-122.40889,37.80887],[-122.40887,37.80896],[-122.40888,37.80897],[-122.4089,37.80898],[-122.40891,37.80897],[-122.40893,37.80888],[-122.40894,37.80888],[-122.40892,37.80897],[-122.40893,37.80898],[-122.40895,37.80898],[-122.40896,37.80898],[-122.40898,37.80889],[-122.409,37.80889],[-122.40898,37.80898],[-122.40899,37.80899],[-122.40901,37.80899],[-122.40902,37.80898],[-122.40904,37.80889],[-122.40905,37.8089],[-122.40903,37.80899],[-122.40904,37.809],[-122.40906,37.809],[-122.40908,37.80899],[-122.4091,37.8089],[-122.40911,37.8089],[-122.40909,37.80899],[-122.4091,37.809],[-122.40912,37.80901],[-122.40913,37.809],[-122.40915,37.80891],[-122.40917,37.80891],[-122.40915,37.809],[-122.40916,37.80901],[-122.40917,37.80901],[-122.40919,37.80901],[-122.40921,37.80892],[-122.40922,37.80892],[-122.4092,37.80901],[-122.40921,37.80902],[-122.40923,37.80902],[-122.40924,37.80901],[-122.40926,37.80892],[-122.40927,37.80892],[-122.40925,37.80902],[-122.40926,37.80902],[-122.40928,37.80903],[-122.40929,37.80902],[-122.40931,37.80893],[-122.40933,37.80893],[-122.40931,37.80902],[-122.40931,37.80903],[-122.40934,37.80903],[-122.40935,37.80903],[-122.40937,37.80894],[-122.40938,37.80894],[-122.40936,37.80903],[-122.40937,37.80904],[-122.40939,37.80904],[-122.4094,37.80904],[-122.40942,37.80895],[-122.40944,37.80895],[-122.40942,37.80901],[-122.40947,37.80904],[-122.40956,37.80905],[-122.40955,37.80903],[-122.40955,37.809],[-122.40939,37.80872],[-122.40934,37.80871],[-122.40934,37.8087],[-122.40932,37.80869],[-122.4093,37.8087],[-122.40926,37.80877],[-122.40924,37.80876],[-122.40929,37.80868],[-122.40926,37.80867],[-122.40925,37.80868],[-122.40921,37.80875],[-122.40919,37.80874],[-122.40923,37.80867],[-122.40923,37.80866],[-122.40922,37.80865],[-122.40921,37.80865],[-122.4092,37.80866],[-122.40916,37.80874],[-122.40915,37.80874],[-122.40919,37.80865],[-122.40918,37.80864],[-122.40916,37.80864],[-122.40915,37.80864],[-122.40911,37.80872],[-122.4091,37.80872],[-122.40914,37.80864],[-122.40913,37.80863],[-122.40911,37.80862],[-122.4091,37.80863],[-122.40906,37.80871],[-122.40905,37.80871],[-122.40909,37.80862],[-122.40908,37.80861],[-122.40906,37.80861],[-122.40905,37.80861],[-122.409,37.80869],[-122.40899,37.80869],[-122.40904,37.80861],[-122.40903,37.8086],[-122.40901,37.80859],[-122.40899,37.80859],[-122.40895,37.80869],[-122.40894,37.80869],[-122.40898,37.80859],[-122.40898,37.80858],[-122.40895,37.80857],[-122.40894,37.80858],[-122.40889,37.80868],[-122.40888,37.80867],[-122.40893,37.80858],[-122.40892,37.80857],[-122.40889,37.80856],[-122.40888,37.80856],[-122.40883,37.80866],[-122.40882,37.80865],[-122.40887,37.80856],[-122.40886,37.80855],[-122.40884,37.80854],[-122.40882,37.80854],[-122.40877,37.80865],[-122.40875,37.80864],[-122.4088,37.80854],[-122.4088,37.80853],[-122.40877,37.80852],[-122.40876,37.80852],[-122.4087,37.80863],[-122.40868,37.80862],[-122.40874,37.80852],[-122.40873,37.80851],[-122.4087,37.8085],[-122.40869,37.8085],[-122.40863,37.80861],[-122.40861,37.8086],[-122.40867,37.8085],[-122.40866,37.80849],[-122.40863,37.80848],[-122.40862,37.80848],[-122.40857,37.80859],[-122.40855,37.80858],[-122.4086,37.80848],[-122.40859,37.80847],[-122.40856,37.80846],[-122.40855,37.80846],[-122.40849,37.80858],[-122.40848,37.80857],[-122.40853,37.80846],[-122.40852,37.80845],[-122.40849,37.80844],[-122.40847,37.80844],[-122.40842,37.80855],[-122.4084,37.80855],[-122.40846,37.80843],[-122.40845,37.80842],[-122.40842,37.80841],[-122.4084,37.80842],[-122.40835,37.80853],[-122.40833,37.80853],[-122.40838,37.80841],[-122.40838,37.8084],[-122.40834,37.80839],[-122.40833,37.8084],[-122.40827,37.80851],[-122.40825,37.80851],[-122.40833,37.80836],[-122.40831,37.80831],[-122.40823,37.80828],[-122.40819,37.80829],[-122.4081,37.80847],[-122.40807,37.80847],[-122.40817,37.80826],[-122.40816,37.80825],[-122.40805,37.8082],[-122.40802,37.80821],[-122.40792,37.80843],[-122.40789,37.80842],[-122.408,37.80819],[-122.40799,37.80818],[-122.40793,37.80815],[-122.40791,37.80815],[-122.40781,37.8084],[-122.40779,37.80839],[-122.40791,37.80811],[-122.40786,37.80809],[-122.40783,37.8081],[-122.40787,37.8082],[-122.40787,37.80821],[-122.40766,37.80825],[-122.40771,37.80838],[-122.40761,37.8084],[-122.40751,37.80811],[-122.40755,37.80811],[-122.40754,37.80807],[-122.40746,37.80804],[-122.40745,37.80801],[-122.40749,37.80793],[-122.40743,37.8079],[-122.40735,37.80805],[-122.40664,37.80782],[-122.40682,37.81],[-122.40679,37.81002],[-122.40618,37.81007],[-122.40615,37.81005],[-122.40615,37.81005],[-122.40615,37.81005],[-122.40615,37.81005],[-122.40615,37.81005],[-122.40615,37.81005],[-122.40615,37.81005],[-122.40615,37.81005],[-122.40615,37.81005],[-122.40615,37.81005],[-122.40615,37.81005],[-122.40615,37.81005],[-122.40614,37.81005],[-122.40614,37.81005],[-122.40614,37.81005],[-122.40614,37.81005],[-122.40614,37.81005],[-122.40614,37.81004],[-122.40614,37.81004],[-122.40614,37.81004],[-122.40614,37.81004],[-122.40614,37.81004],[-122.40614,37.81004],[-122.40614,37.81004],[-122.40614,37.81004],[-122.40614,37.81004],[-122.40614,37.81004],[-122.40614,37.81004],[-122.40614,37.81004],[-122.40614,37.81004],[-122.40614,37.81004],[-122.40614,37.81004],[-122.40613,37.81004],[-122.40613,37.81004],[-122.40613,37.81004],[-122.40613,37.81004],[-122.40613,37.81004],[-122.40613,37.81004],[-122.40613,37.81004],[-122.40613,37.81004],[-122.40613,37.81004],[-122.40613,37.81004],[-122.40613,37.81004],[-122.40613,37.81004],[-122.40613,37.81004],[-122.40613,37.81004],[-122.40613,37.81004],[-122.40613,37.81004],[-122.40613,37.81004],[-122.40613,37.81004],[-122.40613,37.81004],[-122.40613,37.81004],[-122.40613,37.81004],[-122.40613,37.81004],[-122.40613,37.81004],[-122.40613,37.81004],[-122.40613,37.81004],[-122.40612,37.81004],[-122.40612,37.81003],[-122.40612,37.81003],[-122.40612,37.81003],[-122.40612,37.81003],[-122.40612,37.81003],[-122.40612,37.81003],[-122.40612,37.81003],[-122.40612,37.81003],[-122.40612,37.81003],[-122.40612,37.81003],[-122.40612,37.81003],[-122.40612,37.81003],[-122.40612,37.81003],[-122.40612,37.81003],[-122.40612,37.81003],[-122.40612,37.81003],[-122.40612,37.81003],[-122.40612,37.81003],[-122.40612,37.81003],[-122.40612,37.81003],[-122.40612,37.81003],[-122.40612,37.81003],[-122.40612,37.81003],[-122.40612,37.81003],[-122.40612,37.81003],[-122.40612,37.81002],[-122.40612,37.81002],[-122.40612,37.81002],[-122.40612,37.81002],[-122.40612,37.81002],[-122.40612,37.81002],[-122.4059,37.80716],[-122.40532,37.80687],[-122.4044,37.80885],[-122.4044,37.80885],[-122.4044,37.80885],[-122.4044,37.80885],[-122.4044,37.80885],[-122.4044,37.80885],[-122.4044,37.80885],[-122.4044,37.80885],[-122.4044,37.80885],[-122.4044,37.80885],[-122.4044,37.80885],[-122.4044,37.80886],[-122.4044,37.80886],[-122.4044,37.80886],[-122.4044,37.80886],[-122.4044,37.80886],[-122.4044,37.80886],[-122.4044,37.80886],[-122.4044,37.80886],[-122.4044,37.80886],[-122.40439,37.80886],[-122.40439,37.80886],[-122.40439,37.80886],[-122.40439,37.80886],[-122.40439,37.80886],[-122.40439,37.80886],[-122.40439,37.80886],[-122.40439,37.80886],[-122.40439,37.80886],[-122.40439,37.80886],[-122.40439,37.80886],[-122.40439,37.80886],[-122.40439,37.80887],[-122.40439,37.80887],[-122.40439,37.80887],[-122.40439,37.80887],[-122.40438,37.80887],[-122.40438,37.80887],[-122.40438,37.80887],[-122.40438,37.80887],[-122.40438,37.80887],[-122.40438,37.80887],[-122.40438,37.80887],[-122.40438,37.80887],[-122.40438,37.80887],[-122.40438,37.80887],[-122.40438,37.80887],[-122.40438,37.80887],[-122.40438,37.80887],[-122.40438,37.80887],[-122.40437,37.80887],[-122.40437,37.80887],[-122.40437,37.80887],[-122.40437,37.80887],[-122.40437,37.80887],[-122.40437,37.80887],[-122.40437,37.80887],[-122.40437,37.80887],[-122.40437,37.80887],[-122.40437,37.80887],[-122.40437,37.80887],[-122.40437,37.80887],[-122.40436,37.80887],[-122.40436,37.80887],[-122.40436,37.80887],[-122.40436,37.80887],[-122.40436,37.80887],[-122.40436,37.80887],[-122.40436,37.80887],[-122.40436,37.80887],[-122.40436,37.80887],[-122.40436,37.80887],[-122.40436,37.80887],[-122.40436,37.80887],[-122.40436,37.80887],[-122.40435,37.80887],[-122.40435,37.80887],[-122.40435,37.80887],[-122.40435,37.80887],[-122.40435,37.80887],[-122.40435,37.80887],[-122.40435,37.80887],[-122.40435,37.80887],[-122.40435,37.80887],[-122.40435,37.80887],[-122.40435,37.80887],[-122.40435,37.80887],[-122.40434,37.80887],[-122.40432,37.80882],[-122.40394,37.80876],[-122.40394,37.80876],[-122.40394,37.80876],[-122.40394,37.80876],[-122.40393,37.80876],[-122.40393,37.80876],[-122.40393,37.80876],[-122.40393,37.80876],[-122.40393,37.80876],[-122.40393,37.80876],[-122.40393,37.80876],[-122.40393,37.80876],[-122.40393,37.80876],[-122.40393,37.80876],[-122.40393,37.80876],[-122.40393,37.80876],[-122.40393,37.80876],[-122.40393,37.80876],[-122.40392,37.80876],[-122.40392,37.80876],[-122.40392,37.80876],[-122.40392,37.80875],[-122.40392,37.80875],[-122.40392,37.80875],[-122.40392,37.80875],[-122.40392,37.80875],[-122.40392,37.80875],[-122.40392,37.80875],[-122.40392,37.80875],[-122.40392,37.80875],[-122.40392,37.80875],[-122.40392,37.80875],[-122.40392,37.80875],[-122.40392,37.80875],[-122.40392,37.80875],[-122.40391,37.80875],[-122.40391,37.80875],[-122.40391,37.80875],[-122.40391,37.80875],[-122.40391,37.80875],[-122.40391,37.80875],[-122.40391,37.80874],[-122.40391,37.80874],[-122.40391,37.80874],[-122.40391,37.80874],[-122.40391,37.80874],[-122.40391,37.80874],[-122.40391,37.80874],[-122.40391,37.80874],[-122.40391,37.80874],[-122.40391,37.80874],[-122.40391,37.80874],[-122.40391,37.80874],[-122.40391,37.80874],[-122.40391,37.80874],[-122.40391,37.80874],[-122.40391,37.80874],[-122.40391,37.80874],[-122.40391,37.80873],[-122.40391,37.80873],[-122.40391,37.80873],[-122.40391,37.80873],[-122.40391,37.80873],[-122.40391,37.80873],[-122.40391,37.80873],[-122.40391,37.80873],[-122.40391,37.80873],[-122.40391,37.80873],[-122.40391,37.80873],[-122.40391,37.80873],[-122.40391,37.80873],[-122.40391,37.80873],[-122.40391,37.80873],[-122.40391,37.80872],[-122.40391,37.80872],[-122.40391,37.80872],[-122.40391,37.80872],[-122.40391,37.80872],[-122.40391,37.80872],[-122.40391,37.80872],[-122.40391,37.80872],[-122.40391,37.80872],[-122.40391,37.80872],[-122.40391,37.80872],[-122.40391,37.80872],[-122.40391,37.80872],[-122.40391,37.80872],[-122.40391,37.80872],[-122.40391,37.80872],[-122.40391,37.80871],[-122.40391,37.80871],[-122.40391,37.80871],[-122.40472,37.80697],[-122.40396,37.80658],[-122.40277,37.80801],[-122.40277,37.80801],[-122.40277,37.80801],[-122.40277,37.80801],[-122.40277,37.80801],[-122.40277,37.80801],[-122.40277,37.80801],[-122.40277,37.80801],[-122.40277,37.80801],[-122.40276,37.80801],[-122.40276,37.80801],[-122.40276,37.80801],[-122.40276,37.80801],[-122.40276,37.80801],[-122.40276,37.80801],[-122.40276,37.80801],[-122.40276,37.80802],[-122.40276,37.80802],[-122.40276,37.80802],[-122.40276,37.80802],[-122.40276,37.80802],[-122.40276,37.80802],[-122.40276,37.80802],[-122.40276,37.80802],[-122.40276,37.80802],[-122.40275,37.80802],[-122.40275,37.80802],[-122.40275,37.80802],[-122.40275,37.80802],[-122.40275,37.80802],[-122.40275,37.80802],[-122.40275,37.80802],[-122.40275,37.80802],[-122.40275,37.80802],[-122.40275,37.80802],[-122.40275,37.80802],[-122.40275,37.80802],[-122.40275,37.80802],[-122.40274,37.80802],[-122.40274,37.80802],[-122.40274,37.80802],[-122.40274,37.80802],[-122.40274,37.80802],[-122.40274,37.80802],[-122.40274,37.80802],[-122.40274,37.80802],[-122.40274,37.80802],[-122.40274,37.80802],[-122.40274,37.80802],[-122.40274,37.80802],[-122.40273,37.80802],[-122.40273,37.80802],[-122.40273,37.80802],[-122.40273,37.80802],[-122.40273,37.80802],[-122.40273,37.80802],[-122.40273,37.80802],[-122.40273,37.80802],[-122.40273,37.80802],[-122.40273,37.80802],[-122.40273,37.80802],[-122.40273,37.80802],[-122.40273,37.80802],[-122.40272,37.80802],[-122.40272,37.80802],[-122.40272,37.80802],[-122.40272,37.80802],[-122.40272,37.80802],[-122.40272,37.80802],[-122.40272,37.80802],[-122.40272,37.80802],[-122.40272,37.80802],[-122.40272,37.80802],[-122.40272,37.80802],[-122.40272,37.80802],[-122.40271,37.80802],[-122.40271,37.80802],[-122.40271,37.80802],[-122.40271,37.80802],[-122.40271,37.80802],[-122.40271,37.80802],[-122.40271,37.80802],[-122.40271,37.80802],[-122.40271,37.80802],[-122.40271,37.80802],[-122.40271,37.80802],[-122.40271,37.80802],[-122.40271,37.80802],[-122.4027,37.80802],[-122.4027,37.80802],[-122.4027,37.80802],[-122.40236,37.80784],[-122.40236,37.80784],[-122.40235,37.80784],[-122.40235,37.80784],[-122.40235,37.80784],[-122.40235,37.80784],[-122.40235,37.80784],[-122.40235,37.80783],[-122.40235,37.80783],[-122.40235,37.80783],[-122.40235,37.80783],[-122.40235,37.80783],[-122.40235,37.80783],[-122.40235,37.80783],[-122.40235,37.80783],[-122.40235,37.80783],[-122.40235,37.80783],[-122.40235,37.80783],[-122.40234,37.80783],[-122.40234,37.80782],[-122.40234,37.80782],[-122.40234,37.80782],[-122.40234,37.80782],[-122.40234,37.80782],[-122.40234,37.80782],[-122.40234,37.80782],[-122.40234,37.80782],[-122.40234,37.80782],[-122.40234,37.80782],[-122.40234,37.80781],[-122.40234,37.80781],[-122.40234,37.80781],[-122.40234,37.80781],[-122.40234,37.80781],[-122.40234,37.80781],[-122.40234,37.80781],[-122.40234,37.80781],[-122.40234,37.80781],[-122.40234,37.80781],[-122.40234,37.80781],[-122.40234,37.8078],[-122.40234,37.8078],[-122.40234,37.8078],[-122.40234,37.8078],[-122.40234,37.8078],[-122.40234,37.8078],[-122.40234,37.8078],[-122.40234,37.8078],[-122.40234,37.8078],[-122.40234,37.8078],[-122.40234,37.80779],[-122.40234,37.80779],[-122.40234,37.80779],[-122.40234,37.80779],[-122.40234,37.80779],[-122.40234,37.80779],[-122.40234,37.80779],[-122.40234,37.80779],[-122.40234,37.80779],[-122.40234,37.80779],[-122.40234,37.80778],[-122.40234,37.80778],[-122.40234,37.80778],[-122.40235,37.80778],[-122.40235,37.80778],[-122.40235,37.80778],[-122.40342,37.80647],[-122.4028,37.80602],[-122.40095,37.80763],[-122.40095,37.80763],[-122.40095,37.80763],[-122.40095,37.80763],[-122.40095,37.80763],[-122.40095,37.80764],[-122.40095,37.80764],[-122.40095,37.80764],[-122.40095,37.80764],[-122.40095,37.80764],[-122.40095,37.80764],[-122.40094,37.80764],[-122.40094,37.80764],[-122.40094,37.80764],[-122.40094,37.80764],[-122.40094,37.80764],[-122.40094,37.80764],[-122.40094,37.80764],[-122.40094,37.80764],[-122.40094,37.80764],[-122.40094,37.80764],[-122.40094,37.80764],[-122.40094,37.80764],[-122.40094,37.80764],[-122.40094,37.80764],[-122.40094,37.80764],[-122.40094,37.80764],[-122.40094,37.80764],[-122.40094,37.80764],[-122.40094,37.80764],[-122.40094,37.80764],[-122.40094,37.80764],[-122.40093,37.80764],[-122.40093,37.80764],[-122.40093,37.80764],[-122.40093,37.80764],[-122.40093,37.80764],[-122.40093,37.80764],[-122.40093,37.80764],[-122.40093,37.80764],[-122.40093,37.80764],[-122.40093,37.80764],[-122.40093,37.80764],[-122.40093,37.80764],[-122.40093,37.80764],[-122.40093,37.80764],[-122.40093,37.80764],[-122.40093,37.80764],[-122.40093,37.80764],[-122.40093,37.80764],[-122.40093,37.80764],[-122.40092,37.80764],[-122.40092,37.80764],[-122.40092,37.80764],[-122.40092,37.80764],[-122.40092,37.80764],[-122.40092,37.80764],[-122.40092,37.80764],[-122.40092,37.80764],[-122.40092,37.80764],[-122.40092,37.80764],[-122.40092,37.80764],[-122.40092,37.80764],[-122.40092,37.80764],[-122.40092,37.80764],[-122.40092,37.80764],[-122.40092,37.80764],[-122.40092,37.80764],[-122.40092,37.80764],[-122.40091,37.80764],[-122.40091,37.80764],[-122.40091,37.80764],[-122.40091,37.80764],[-122.40091,37.80764],[-122.40091,37.80764],[-122.40091,37.80764],[-122.40091,37.80764],[-122.40091,37.80764],[-122.40091,37.80764],[-122.40091,37.80764],[-122.40091,37.80764],[-122.40091,37.80764],[-122.40091,37.80764],[-122.40091,37.80764],[-122.40091,37.80764],[-122.40091,37.80764],[-122.40091,37.80764],[-122.40091,37.80764],[-122.40091,37.80764],[-122.40091,37.80764],[-122.40091,37.80763],[-122.4004,37.80726],[-122.40059,37.80602],[-122.40059,37.80602],[-122.40179,37.80531],[-122.40227,37.80513],[-122.40315,37.80512],[-122.4035,37.80509],[-122.40517,37.80476],[-122.40499,37.80383],[-122.4048,37.8029],[-122.40352,37.80306],[-122.40316,37.8031],[-122.40297,37.80217],[-122.40288,37.8017],[-122.40279,37.80124],[-122.4026,37.80031],[-122.40242,37.79938],[-122.40223,37.79843],[-122.40219,37.79825],[-122.40204,37.79751],[-122.40289,37.7974],[-122.40368,37.7973],[-122.40406,37.79725],[-122.40477,37.79716],[-122.40532,37.79709],[-122.40551,37.79707],[-122.40623,37.79756],[-122.40667,37.79787],[-122.40708,37.79815],[-122.40787,37.7987],[-122.40901,37.79949],[-122.41021,37.80031],[-122.41095,37.80083],[-122.41138,37.80112],[-122.41254,37.80193],[-122.41291,37.80218],[-122.41372,37.80274],[-122.41488,37.80354],[-122.41545,37.80394],[-122.41605,37.80436],[-122.41682,37.80489],[-122.41689,37.80521],[-122.41723,37.80517],[-122.41838,37.80598],[-122.41872,37.80593],[-122.41878,37.80624],[-122.41891,37.80686],[-122.41909,37.8078],[-122.41921,37.80839],[-122.41922,37.80845],[-122.4191,37.80847],[-122.41912,37.80855],[-122.41898,37.80856],[-122.41897,37.80848],[-122.41789,37.80862],[-122.41792,37.80882],[-122.41801,37.80884],[-122.41889,37.80884],[-122.41889,37.80876],[-122.41893,37.80876],[-122.41893,37.80888],[-122.41995,37.8089],[-122.41994,37.80913],[-122.41908,37.80909],[-122.41908,37.80916],[-122.41889,37.80908],[-122.41836,37.80907],[-122.41831,37.80914],[-122.41897,37.8094],[-122.41893,37.80945],[-122.4179,37.80903],[-122.41794,37.80894],[-122.41795,37.80887],[-122.41799,37.80887],[-122.41799,37.80884],[-122.41792,37.80883],[-122.41784,37.80883],[-122.41781,37.80865],[-122.41773,37.80865],[-122.41773,37.80859],[-122.41763,37.80859],[-122.4176,37.80858],[-122.41749,37.80858],[-122.41748,37.80842],[-122.41759,37.80841],[-122.41758,37.80838],[-122.41767,37.80838],[-122.41765,37.80829],[-122.41738,37.80833],[-122.41734,37.80814],[-122.41635,37.80826],[-122.41635,37.80833],[-122.41631,37.80833],[-122.41634,37.80848],[-122.41718,37.8085],[-122.41718,37.80853],[-122.41633,37.80851],[-122.41628,37.80849],[-122.41615,37.8085],[-122.41614,37.80854],[-122.41621,37.80854],[-122.41619,37.80885],[-122.41743,37.80893],[-122.41741,37.80917],[-122.41929,37.8104],[-122.41931,37.81038],[-122.41983,37.81074],[-122.41981,37.81075],[-122.4206,37.81127],[-122.42035,37.81151],[-122.42,37.81128],[-122.41985,37.81132],[-122.41995,37.81156],[-122.41992,37.81157]]],[[[-122.42057,37.81194],[-122.42081,37.81185],[-122.42081,37.81188],[-122.42081,37.81188],[-122.42058,37.81196],[-122.4198,37.81202],[-122.4198,37.81199],[-122.42057,37.81194]]]]},"properties":{"nhood":"North Beach"}},{"type":"Feature","geometry":{"type":"MultiPolygon","coordinates":[[[[-122.42553,37.75655],[-122.42539,37.75512],[-122.42546,37.75503],[-122.42538,37.75494],[-122.42524,37.75352],[-122.4253,37.75343],[-122.42523,37.75336],[-122.42516,37.75263],[-122.42509,37.75193],[-122.42515,37.75184],[-122.42507,37.75172],[-122.42501,37.75115],[-122.42508,37.75103],[-122.42499,37.75093],[-122.42493,37.75035],[-122.425,37.75023],[-122.42491,37.75013],[-122.42487,37.74972],[-122.42485,37.74955],[-122.42492,37.74944],[-122.42483,37.74933],[-122.42477,37.74875],[-122.42485,37.74863],[-122.42492,37.74851],[-122.42486,37.74794],[-122.42477,37.74783],[-122.42458,37.74785],[-122.42288,37.74795],[-122.42249,37.74801],[-122.4223,37.74807],[-122.42139,37.74812],[-122.42138,37.74803],[-122.42133,37.74744],[-122.42141,37.74723],[-122.4217,37.74641],[-122.42192,37.74583],[-122.42222,37.74558],[-122.42228,37.74548],[-122.42228,37.74535],[-122.42229,37.74518],[-122.42237,37.74496],[-122.42244,37.74476],[-122.42271,37.74404],[-122.42267,37.74394],[-122.42276,37.74386],[-122.42304,37.74311],[-122.4233,37.74243],[-122.42329,37.74229],[-122.42423,37.74224],[-122.42581,37.74214],[-122.42652,37.7421],[-122.42685,37.74208],[-122.42788,37.74201],[-122.42873,37.74196],[-122.42891,37.74195],[-122.42995,37.74189],[-122.43089,37.74183],[-122.43112,37.74183],[-122.43202,37.74179],[-122.43222,37.74178],[-122.43244,37.74177],[-122.4326,37.7418],[-122.43278,37.7419],[-122.4329,37.74192],[-122.43326,37.7419],[-122.43331,37.7425],[-122.43338,37.74318],[-122.43332,37.7433],[-122.43462,37.74322],[-122.43556,37.74316],[-122.43554,37.7427],[-122.43551,37.74259],[-122.43546,37.74227],[-122.43539,37.74192],[-122.43543,37.74169],[-122.43553,37.74165],[-122.43562,37.74153],[-122.43558,37.74161],[-122.4358,37.7421],[-122.4361,37.74252],[-122.43647,37.74289],[-122.43723,37.74342],[-122.43751,37.74359],[-122.43768,37.74361],[-122.43774,37.74373],[-122.43953,37.7448],[-122.43976,37.74497],[-122.43997,37.74523],[-122.44009,37.7453],[-122.44127,37.74523],[-122.44127,37.74505],[-122.44137,37.74491],[-122.44171,37.74463],[-122.44201,37.74445],[-122.44227,37.74438],[-122.44263,37.74435],[-122.44264,37.74419],[-122.44274,37.74399],[-122.44289,37.74384],[-122.44374,37.74337],[-122.4439,37.7433],[-122.44415,37.7433],[-122.44436,37.74337],[-122.44466,37.74353],[-122.44521,37.74369],[-122.44541,37.74377],[-122.44559,37.74391],[-122.44568,37.74414],[-122.44573,37.74442],[-122.44579,37.74465],[-122.44587,37.74481],[-122.44603,37.74513],[-122.44618,37.74531],[-122.44634,37.74546],[-122.44643,37.74552],[-122.44674,37.74584],[-122.44682,37.74595],[-122.44685,37.74612],[-122.44728,37.74606],[-122.44738,37.74648],[-122.4474,37.7466],[-122.44684,37.74672],[-122.44665,37.74676],[-122.44619,37.74684],[-122.44541,37.74696],[-122.44505,37.74702],[-122.44485,37.74694],[-122.44478,37.74677],[-122.4446,37.74668],[-122.44456,37.74669],[-122.44479,37.74693],[-122.44482,37.74697],[-122.44474,37.74705],[-122.44462,37.74708],[-122.44443,37.74717],[-122.44429,37.74731],[-122.44417,37.74756],[-122.44416,37.74779],[-122.44422,37.74803],[-122.44427,37.74838],[-122.44409,37.74868],[-122.4437,37.74918],[-122.44355,37.74944],[-122.44344,37.75001],[-122.44335,37.75008],[-122.4434,37.75019],[-122.44326,37.75077],[-122.44321,37.75093],[-122.44306,37.75153],[-122.44299,37.75181],[-122.44285,37.75237],[-122.4427,37.75238],[-122.44253,37.75238],[-122.44249,37.75261],[-122.44224,37.75283],[-122.44206,37.75307],[-122.44189,37.75336],[-122.44181,37.75347],[-122.44131,37.75388],[-122.44116,37.75409],[-122.44108,37.75418],[-122.4409,37.75449],[-122.44077,37.75461],[-122.44045,37.75507],[-122.44035,37.75523],[-122.44003,37.75523],[-122.43965,37.75532],[-122.43897,37.75539],[-122.43886,37.75543],[-122.43777,37.75554],[-122.4378,37.75589],[-122.43674,37.75597],[-122.43564,37.75604],[-122.43467,37.75611],[-122.43455,37.75609],[-122.43233,37.75623],[-122.43177,37.75626],[-122.43012,37.75636],[-122.42789,37.75649],[-122.42679,37.75656],[-122.42561,37.75663],[-122.42553,37.75655]]]]},"properties":{"nhood":"Noe Valley"}},{"type":"Feature","geometry":{"type":"MultiPolygon","coordinates":[[[[-122.44269,37.78264],[-122.44182,37.78231],[-122.44167,37.78223],[-122.44151,37.7821],[-122.44134,37.78124],[-122.44115,37.78029],[-122.44096,37.77936],[-122.44112,37.77937],[-122.44205,37.77924],[-122.44187,37.7783],[-122.44168,37.77737],[-122.44163,37.77716],[-122.44149,37.77644],[-122.4413,37.77551],[-122.44111,37.77457],[-122.44092,37.77363],[-122.44256,37.77342],[-122.44422,37.77321],[-122.4459,37.77299],[-122.4475,37.77279],[-122.44914,37.77258],[-122.45079,37.77237],[-122.45224,37.77218],[-122.45244,37.77219],[-122.45396,37.772],[-122.45408,37.77193],[-122.45428,37.77289],[-122.45445,37.77371],[-122.45464,37.77465],[-122.45468,37.77476],[-122.45525,37.77469],[-122.45628,37.77456],[-122.45837,37.77431],[-122.45844,37.77524],[-122.45846,37.77562],[-122.4585,37.77619],[-122.45858,37.77725],[-122.45864,37.77801],[-122.45873,37.77933],[-122.45886,37.78126],[-122.45873,37.78134],[-122.45782,37.78138],[-122.45773,37.78131],[-122.45765,37.7814],[-122.45663,37.78144],[-122.4564,37.78145],[-122.4563,37.78138],[-122.45623,37.78145],[-122.45563,37.78149],[-122.45552,37.78143],[-122.45547,37.78151],[-122.45538,37.78152],[-122.45528,37.78146],[-122.45521,37.78154],[-122.45428,37.78166],[-122.45418,37.7816],[-122.45407,37.78169],[-122.45327,37.78178],[-122.45317,37.78172],[-122.4531,37.7818],[-122.45225,37.78191],[-122.45214,37.78185],[-122.45206,37.78195],[-122.45123,37.78205],[-122.45112,37.78198],[-122.45105,37.78207],[-122.4502,37.78218],[-122.45009,37.78212],[-122.45003,37.7822],[-122.44908,37.78231],[-122.44899,37.78236],[-122.44806,37.78248],[-122.44737,37.78256],[-122.44732,37.78243],[-122.4473,37.78239],[-122.44677,37.78246],[-122.44585,37.78251],[-122.44583,37.78251],[-122.4458,37.78251],[-122.44571,37.78252],[-122.44444,37.78268],[-122.44279,37.78289],[-122.44269,37.78264]]]]},"properties":{"nhood":"Lone Mountain/USF"}},{"type":"Feature","geometry":{"type":"MultiPolygon","coordinates":[[[[-122.49302,37.78774],[-122.49302,37.78774],[-122.49334,37.7874],[-122.49338,37.78654],[-122.49349,37.7835],[-122.49342,37.78286],[-122.49304,37.78165],[-122.49345,37.78163],[-122.49452,37.78158],[-122.49559,37.78153],[-122.49666,37.78148],[-122.4988,37.78138],[-122.49987,37.78133],[-122.50095,37.78128],[-122.50201,37.78123],[-122.50309,37.78118],[-122.50416,37.78113],[-122.50523,37.78108],[-122.50601,37.78104],[-122.50619,37.78103],[-122.5063,37.781],[-122.50651,37.78086],[-122.50675,37.78077],[-122.50789,37.78072],[-122.50988,37.78063],[-122.51078,37.78206],[-122.51064,37.78212],[-122.51051,37.78212],[-122.51035,37.78206],[-122.51022,37.78203],[-122.5101,37.78206],[-122.50997,37.78216],[-122.50984,37.78219],[-122.50974,37.78219],[-122.50892,37.78201],[-122.50876,37.78205],[-122.50862,37.78222],[-122.50848,37.78228],[-122.50834,37.78228],[-122.50748,37.78219],[-122.50978,37.78403],[-122.50983,37.78442],[-122.50985,37.78479],[-122.50985,37.78479],[-122.50981,37.78482],[-122.50972,37.7849],[-122.50967,37.785],[-122.50957,37.78513],[-122.50948,37.78523],[-122.50935,37.78531],[-122.50927,37.78534],[-122.50923,37.78544],[-122.50912,37.78559],[-122.5088,37.78574],[-122.50866,37.78574],[-122.50857,37.7858],[-122.50849,37.78586],[-122.50845,37.78594],[-122.50826,37.78607],[-122.50824,37.78609],[-122.50822,37.78612],[-122.50813,37.78616],[-122.5081,37.78614],[-122.50804,37.78614],[-122.50796,37.78617],[-122.50792,37.78624],[-122.50789,37.78627],[-122.50781,37.78636],[-122.50779,37.78638],[-122.50779,37.78639],[-122.50779,37.78642],[-122.50775,37.78641],[-122.50772,37.78643],[-122.50769,37.7865],[-122.50772,37.78659],[-122.50763,37.78673],[-122.50753,37.78684],[-122.50742,37.78688],[-122.50734,37.78694],[-122.50725,37.78704],[-122.5072,37.78715],[-122.50711,37.78727],[-122.50705,37.78728],[-122.50697,37.78745],[-122.5069,37.7875],[-122.50674,37.78749],[-122.50672,37.78744],[-122.50665,37.78746],[-122.50653,37.78748],[-122.50649,37.78752],[-122.50643,37.78759],[-122.50634,37.78765],[-122.50629,37.78771],[-122.50627,37.78775],[-122.50626,37.78777],[-122.50624,37.78779],[-122.50622,37.7878],[-122.50618,37.78784],[-122.50613,37.78786],[-122.50616,37.78791],[-122.50612,37.78797],[-122.50612,37.78805],[-122.50609,37.78817],[-122.50605,37.78819],[-122.50585,37.78823],[-122.50575,37.78825],[-122.50566,37.78826],[-122.50561,37.78824],[-122.50552,37.78825],[-122.50542,37.78824],[-122.50533,37.78825],[-122.5052,37.78826],[-122.50511,37.78821],[-122.50502,37.78815],[-122.50498,37.78815],[-122.50494,37.78814],[-122.5049,37.78814],[-122.50489,37.78814],[-122.50489,37.78814],[-122.50489,37.78814],[-122.50488,37.78814],[-122.50488,37.78814],[-122.50487,37.78814],[-122.50487,37.78813],[-122.50487,37.78813],[-122.50486,37.78813],[-122.50486,37.78813],[-122.50486,37.78813],[-122.50485,37.78813],[-122.50485,37.78813],[-122.50484,37.78813],[-122.50484,37.78814],[-122.50484,37.78814],[-122.50483,37.78814],[-122.50483,37.78814],[-122.50483,37.78814],[-122.50482,37.78814],[-122.50482,37.78814],[-122.50481,37.78814],[-122.50481,37.78814],[-122.50481,37.78814],[-122.50481,37.78814],[-122.50481,37.78814],[-122.50481,37.78814],[-122.50481,37.78814],[-122.50481,37.78814],[-122.5048,37.78814],[-122.5048,37.78814],[-122.5048,37.78814],[-122.5048,37.78814],[-122.5048,37.78814],[-122.5048,37.78814],[-122.5048,37.78814],[-122.5048,37.78814],[-122.5048,37.78814],[-122.5048,37.78814],[-122.5048,37.78814],[-122.50479,37.78814],[-122.50479,37.78814],[-122.50479,37.78814],[-122.50479,37.78814],[-122.50479,37.78814],[-122.50479,37.78814],[-122.50479,37.78814],[-122.50479,37.78814],[-122.50479,37.78814],[-122.50479,37.78814],[-122.50479,37.78814],[-122.50478,37.78814],[-122.50478,37.78814],[-122.50478,37.78814],[-122.50478,37.78814],[-122.50478,37.78814],[-122.50478,37.78814],[-122.50478,37.78814],[-122.50478,37.78814],[-122.50478,37.78814],[-122.50478,37.78814],[-122.50478,37.78814],[-122.50478,37.78813],[-122.50477,37.78813],[-122.50477,37.78813],[-122.50477,37.78813],[-122.50477,37.78813],[-122.50477,37.78813],[-122.50477,37.78813],[-122.50477,37.78813],[-122.50477,37.78813],[-122.50477,37.78813],[-122.50477,37.78813],[-122.50477,37.78813],[-122.50477,37.78813],[-122.50477,37.78813],[-122.50477,37.78813],[-122.50476,37.78813],[-122.50476,37.78813],[-122.50476,37.78813],[-122.50476,37.78813],[-122.50476,37.78813],[-122.50476,37.78813],[-122.50476,37.78813],[-122.50476,37.78812],[-122.50476,37.78812],[-122.50476,37.78812],[-122.50476,37.78812],[-122.50476,37.78812],[-122.50476,37.78812],[-122.50476,37.78812],[-122.50476,37.78812],[-122.50476,37.78812],[-122.50476,37.78812],[-122.50475,37.78812],[-122.50475,37.78812],[-122.50475,37.78812],[-122.50475,37.78811],[-122.50475,37.78811],[-122.50475,37.78811],[-122.50475,37.78811],[-122.50475,37.78811],[-122.50475,37.78811],[-122.50474,37.78811],[-122.50474,37.78811],[-122.50474,37.7881],[-122.50474,37.7881],[-122.50474,37.7881],[-122.50474,37.7881],[-122.50474,37.7881],[-122.50474,37.7881],[-122.50473,37.7881],[-122.50473,37.7881],[-122.50473,37.7881],[-122.50473,37.7881],[-122.50473,37.78809],[-122.50473,37.78809],[-122.50473,37.78809],[-122.50472,37.78809],[-122.50472,37.78809],[-122.50472,37.78809],[-122.50472,37.78809],[-122.50472,37.78809],[-122.50472,37.78809],[-122.50471,37.78809],[-122.50471,37.78809],[-122.50471,37.78809],[-122.50471,37.78809],[-122.50471,37.78808],[-122.50471,37.78808],[-122.5047,37.78808],[-122.5047,37.78808],[-122.5047,37.78808],[-122.5047,37.78808],[-122.5047,37.78808],[-122.50469,37.78808],[-122.50469,37.78808],[-122.50469,37.78808],[-122.50469,37.78808],[-122.50469,37.78808],[-122.50469,37.78808],[-122.50468,37.78808],[-122.50468,37.78808],[-122.50468,37.78808],[-122.50468,37.78808],[-122.50468,37.78808],[-122.50467,37.78808],[-122.50467,37.78808],[-122.50467,37.78808],[-122.50467,37.78808],[-122.50467,37.78808],[-122.50466,37.78808],[-122.50466,37.78808],[-122.50466,37.78808],[-122.50466,37.78808],[-122.50466,37.78808],[-122.50466,37.78808],[-122.50465,37.78808],[-122.50465,37.78808],[-122.50465,37.78808],[-122.50464,37.78808],[-122.50464,37.78808],[-122.50464,37.78808],[-122.50463,37.78808],[-122.50463,37.78808],[-122.50463,37.78808],[-122.50462,37.78808],[-122.50462,37.78808],[-122.50462,37.78808],[-122.50461,37.78808],[-122.50461,37.78808],[-122.50461,37.78808],[-122.5046,37.78808],[-122.5046,37.78808],[-122.5046,37.78808],[-122.50459,37.78808],[-122.50459,37.78808],[-122.50459,37.78808],[-122.50458,37.78808],[-122.50458,37.78807],[-122.50458,37.78807],[-122.50457,37.78807],[-122.50457,37.78807],[-122.50457,37.78807],[-122.50456,37.78807],[-122.50456,37.78807],[-122.50455,37.78807],[-122.50455,37.78807],[-122.50455,37.78807],[-122.50454,37.78807],[-122.50454,37.78807],[-122.50454,37.78806],[-122.50453,37.78806],[-122.50453,37.78806],[-122.50453,37.78806],[-122.50452,37.78806],[-122.50452,37.78806],[-122.50452,37.78806],[-122.50451,37.78806],[-122.50451,37.78806],[-122.5045,37.78806],[-122.5045,37.78806],[-122.5045,37.78806],[-122.50449,37.78806],[-122.50449,37.78806],[-122.50449,37.78806],[-122.50448,37.78806],[-122.50448,37.78806],[-122.50448,37.78806],[-122.50447,37.78806],[-122.50447,37.78806],[-122.50447,37.78806],[-122.50446,37.78806],[-122.50446,37.78806],[-122.50446,37.78807],[-122.50415,37.7881],[-122.50407,37.78812],[-122.50405,37.78811],[-122.504,37.78811],[-122.50385,37.78809],[-122.50371,37.78806],[-122.50361,37.78804],[-122.50353,37.78804],[-122.50349,37.78805],[-122.50346,37.78802],[-122.50337,37.78802],[-122.50334,37.78802],[-122.50326,37.78804],[-122.50323,37.78806],[-122.50324,37.78807],[-122.50321,37.78808],[-122.50318,37.78808],[-122.50315,37.78808],[-122.50308,37.7881],[-122.50305,37.78811],[-122.50301,37.78815],[-122.50297,37.78814],[-122.50296,37.78814],[-122.50293,37.78816],[-122.5029,37.78815],[-122.50287,37.7881],[-122.50284,37.78805],[-122.50279,37.78804],[-122.5027,37.78804],[-122.50259,37.78807],[-122.50252,37.78809],[-122.50243,37.7881],[-122.50238,37.78813],[-122.50232,37.78811],[-122.50226,37.78813],[-122.50217,37.7881],[-122.50211,37.78811],[-122.50207,37.78815],[-122.50207,37.78818],[-122.50199,37.78818],[-122.50195,37.78818],[-122.50191,37.78814],[-122.50191,37.78812],[-122.50188,37.78811],[-122.50188,37.78814],[-122.50186,37.78818],[-122.50184,37.78822],[-122.5018,37.78825],[-122.50177,37.78823],[-122.50176,37.78821],[-122.50173,37.78815],[-122.5017,37.78817],[-122.50168,37.78816],[-122.50162,37.78817],[-122.50157,37.7882],[-122.50159,37.78823],[-122.50153,37.78825],[-122.50151,37.7882],[-122.50146,37.78821],[-122.50144,37.78824],[-122.50134,37.78822],[-122.50127,37.78825],[-122.50116,37.7883],[-122.50109,37.78831],[-122.50102,37.78829],[-122.50101,37.78828],[-122.50097,37.7883],[-122.50099,37.78833],[-122.50095,37.78835],[-122.50088,37.78832],[-122.50086,37.7883],[-122.50083,37.78831],[-122.50081,37.78832],[-122.50076,37.78832],[-122.50074,37.7883],[-122.50071,37.78832],[-122.50064,37.78834],[-122.50059,37.78833],[-122.50055,37.78832],[-122.50054,37.78834],[-122.50049,37.78837],[-122.50046,37.78837],[-122.50045,37.78839],[-122.50034,37.78843],[-122.50027,37.78843],[-122.50026,37.78848],[-122.50025,37.78857],[-122.50019,37.78859],[-122.50017,37.78857],[-122.50018,37.78852],[-122.50013,37.78854],[-122.50009,37.78851],[-122.5001,37.78847],[-122.50007,37.78847],[-122.50007,37.78848],[-122.50001,37.78848],[-122.49997,37.78844],[-122.49988,37.78849],[-122.49981,37.78849],[-122.49979,37.78852],[-122.49976,37.78855],[-122.4998,37.78857],[-122.4998,37.78861],[-122.49976,37.78866],[-122.49973,37.78864],[-122.49973,37.78861],[-122.49969,37.78866],[-122.49963,37.78869],[-122.49958,37.7887],[-122.49955,37.78869],[-122.49951,37.78862],[-122.49948,37.78853],[-122.49943,37.78846],[-122.49934,37.78842],[-122.49927,37.78841],[-122.4992,37.78841],[-122.49913,37.7884],[-122.4991,37.78837],[-122.49904,37.78834],[-122.49895,37.78835],[-122.49892,37.78839],[-122.49889,37.78841],[-122.49885,37.78841],[-122.49883,37.78836],[-122.49886,37.78827],[-122.49881,37.78823],[-122.49878,37.78824],[-122.49872,37.78828],[-122.49868,37.78833],[-122.49861,37.78833],[-122.4986,37.78827],[-122.49862,37.78822],[-122.4986,37.78816],[-122.49854,37.78813],[-122.49851,37.78815],[-122.49848,37.78818],[-122.49839,37.78816],[-122.49836,37.78812],[-122.49837,37.78805],[-122.49826,37.78803],[-122.4982,37.78793],[-122.49814,37.78788],[-122.49802,37.78787],[-122.49796,37.78791],[-122.49794,37.78784],[-122.49786,37.78782],[-122.49783,37.78787],[-122.49786,37.78793],[-122.49786,37.78793],[-122.49784,37.78796],[-122.49778,37.78798],[-122.49773,37.78793],[-122.49768,37.78793],[-122.49762,37.78795],[-122.49761,37.78792],[-122.49759,37.78793],[-122.49754,37.78789],[-122.4975,37.78785],[-122.49754,37.78782],[-122.49753,37.78778],[-122.4975,37.78775],[-122.49752,37.78771],[-122.49751,37.78767],[-122.49749,37.78762],[-122.49746,37.78759],[-122.49741,37.78757],[-122.49736,37.78757],[-122.49732,37.7876],[-122.49727,37.78759],[-122.49722,37.78759],[-122.49717,37.78755],[-122.49714,37.78751],[-122.49711,37.78748],[-122.49705,37.78746],[-122.497,37.78746],[-122.49692,37.78744],[-122.4969,37.7874],[-122.49686,37.78737],[-122.49681,37.78735],[-122.49675,37.78737],[-122.49673,37.78734],[-122.49669,37.78736],[-122.49664,37.78731],[-122.49658,37.7873],[-122.49655,37.78729],[-122.49652,37.7873],[-122.49647,37.78731],[-122.49644,37.78731],[-122.49638,37.78732],[-122.49634,37.78733],[-122.49628,37.78733],[-122.49625,37.78735],[-122.4962,37.78737],[-122.49614,37.78739],[-122.49609,37.78742],[-122.49607,37.78744],[-122.49602,37.78745],[-122.49597,37.78747],[-122.49594,37.78749],[-122.49591,37.7875],[-122.49588,37.78751],[-122.49583,37.7875],[-122.49582,37.78751],[-122.49579,37.78753],[-122.49577,37.78754],[-122.49572,37.78755],[-122.49569,37.78755],[-122.49563,37.78756],[-122.49562,37.78756],[-122.4956,37.78757],[-122.49557,37.78758],[-122.49554,37.7876],[-122.49551,37.78762],[-122.49548,37.78762],[-122.49544,37.78765],[-122.4954,37.78766],[-122.49538,37.78766],[-122.49537,37.78767],[-122.49533,37.78772],[-122.49528,37.78774],[-122.49519,37.78774],[-122.49515,37.78775],[-122.49511,37.78775],[-122.49508,37.78776],[-122.49505,37.78778],[-122.49494,37.78779],[-122.49494,37.78782],[-122.49488,37.78784],[-122.49485,37.78783],[-122.4948,37.78783],[-122.49475,37.78789],[-122.49475,37.78795],[-122.49472,37.788],[-122.49469,37.78808],[-122.4947,37.78814],[-122.49464,37.78814],[-122.49455,37.78805],[-122.49452,37.78802],[-122.49453,37.78796],[-122.49451,37.78791],[-122.49452,37.78783],[-122.49451,37.78783],[-122.49449,37.7878],[-122.49446,37.78781],[-122.49443,37.78782],[-122.49442,37.78782],[-122.49441,37.78784],[-122.49441,37.78788],[-122.4944,37.7879],[-122.49435,37.78789],[-122.49435,37.78782],[-122.49434,37.78782],[-122.49431,37.78781],[-122.49427,37.78781],[-122.49416,37.7878],[-122.49413,37.78775],[-122.49411,37.78773],[-122.49408,37.78767],[-122.49401,37.78758],[-122.494,37.78758],[-122.49398,37.78758],[-122.49394,37.7876],[-122.4939,37.78763],[-122.49385,37.78763],[-122.49378,37.78763],[-122.49374,37.78761],[-122.49368,37.78761],[-122.49359,37.78762],[-122.4935,37.78763],[-122.49346,37.78763],[-122.49342,37.78765],[-122.49338,37.78764],[-122.49334,37.78766],[-122.49329,37.78768],[-122.49324,37.78768],[-122.49319,37.78769],[-122.49318,37.78771],[-122.49313,37.78773],[-122.49309,37.78773],[-122.49306,37.78774],[-122.49302,37.78774]]]]},"properties":{"nhood":"Lincoln Park"}},{"type":"Feature","geometry":{"type":"MultiPolygon","coordinates":[[[[-122.47235,37.78723],[-122.47239,37.78714],[-122.47249,37.78677],[-122.47254,37.78641],[-122.47263,37.78632],[-122.47325,37.78629],[-122.47438,37.78624],[-122.4755,37.78618],[-122.47657,37.78613],[-122.47764,37.78608],[-122.47871,37.78603],[-122.47979,37.78598],[-122.48086,37.78593],[-122.48193,37.78588],[-122.48301,37.78583],[-122.48408,37.7858],[-122.48515,37.78575],[-122.48622,37.7857],[-122.48729,37.78565],[-122.48715,37.78378],[-122.48822,37.78374],[-122.48875,37.78371],[-122.48929,37.78369],[-122.48977,37.78367],[-122.49036,37.78364],[-122.49144,37.78359],[-122.49251,37.78354],[-122.49349,37.7835],[-122.49338,37.78654],[-122.49334,37.7874],[-122.49302,37.78774],[-122.49302,37.78774],[-122.493,37.78774],[-122.49297,37.78774],[-122.49296,37.78777],[-122.49291,37.78778],[-122.49285,37.78779],[-122.49286,37.78785],[-122.49283,37.78788],[-122.49277,37.78788],[-122.49277,37.78783],[-122.49274,37.78786],[-122.49269,37.78777],[-122.49268,37.78775],[-122.49263,37.78777],[-122.49257,37.78777],[-122.49251,37.78777],[-122.49245,37.78778],[-122.49238,37.78779],[-122.49231,37.78782],[-122.49222,37.78784],[-122.49218,37.78785],[-122.49212,37.78788],[-122.49208,37.7879],[-122.49206,37.78793],[-122.49188,37.788],[-122.49181,37.78803],[-122.49177,37.78806],[-122.49172,37.7881],[-122.49165,37.78812],[-122.49165,37.78813],[-122.49161,37.78816],[-122.4915,37.78822],[-122.49145,37.78822],[-122.49141,37.78824],[-122.49128,37.78828],[-122.49122,37.78832],[-122.49119,37.78836],[-122.49114,37.78838],[-122.49106,37.78842],[-122.49095,37.7885],[-122.49086,37.78855],[-122.49084,37.78859],[-122.49082,37.78863],[-122.4907,37.78873],[-122.4906,37.78881],[-122.49053,37.78889],[-122.49041,37.78895],[-122.49041,37.78898],[-122.49035,37.789],[-122.49031,37.78903],[-122.49025,37.78906],[-122.49025,37.78908],[-122.49022,37.7891],[-122.49005,37.78922],[-122.48992,37.78935],[-122.48983,37.78948],[-122.4897,37.78948],[-122.48959,37.78945],[-122.4893,37.78941],[-122.48919,37.78934],[-122.48899,37.78928],[-122.48848,37.78944],[-122.4881,37.78943],[-122.48803,37.78953],[-122.48786,37.78959],[-122.48774,37.78957],[-122.48758,37.7895],[-122.48756,37.78947],[-122.48756,37.78943],[-122.48746,37.78947],[-122.48745,37.78943],[-122.48737,37.78943],[-122.4873,37.78948],[-122.48712,37.78961],[-122.48705,37.78971],[-122.48694,37.78984],[-122.48681,37.78996],[-122.48673,37.79004],[-122.48655,37.79015],[-122.48643,37.79024],[-122.48633,37.79036],[-122.48624,37.79041],[-122.48624,37.7905],[-122.4862,37.79054],[-122.48615,37.79061],[-122.48611,37.79069],[-122.48603,37.79076],[-122.48596,37.79082],[-122.48594,37.79084],[-122.48543,37.78982],[-122.48505,37.78953],[-122.48441,37.78964],[-122.48432,37.78995],[-122.48431,37.79007],[-122.48399,37.78977],[-122.48453,37.78922],[-122.4838,37.78774],[-122.48187,37.78722],[-122.481,37.78707],[-122.47985,37.7868],[-122.47878,37.7869],[-122.4777,37.7868],[-122.47662,37.7868],[-122.47555,37.78678],[-122.47443,37.78697],[-122.47332,37.78719],[-122.47247,37.78723],[-122.47235,37.78723]]]]},"properties":{"nhood":"Seacliff"}},{"type":"Feature","geometry":{"type":"MultiPolygon","coordinates":[[[[-122.41147,37.79506],[-122.41136,37.79453],[-122.41054,37.79463],[-122.41007,37.79469],[-122.40972,37.79474],[-122.40954,37.79385],[-122.40954,37.79378],[-122.40949,37.79356],[-122.40936,37.79297],[-122.40926,37.79247],[-122.40917,37.79204],[-122.40886,37.79208],[-122.40836,37.79214],[-122.40809,37.79218],[-122.40754,37.79225],[-122.40742,37.79167],[-122.40734,37.7913],[-122.40721,37.79066],[-122.40715,37.79037],[-122.4075,37.79032],[-122.40787,37.79028],[-122.40797,37.79026],[-122.40879,37.79016],[-122.40872,37.78985],[-122.4086,37.78923],[-122.4084,37.78829],[-122.41006,37.78808],[-122.4117,37.78787],[-122.41234,37.78779],[-122.41253,37.78777],[-122.41274,37.78774],[-122.41335,37.78766],[-122.415,37.78745],[-122.41664,37.78724],[-122.41699,37.7872],[-122.41827,37.78704],[-122.41993,37.78683],[-122.42157,37.78662],[-122.42169,37.78669],[-122.42177,37.78706],[-122.42184,37.78744],[-122.42176,37.78755],[-122.42188,37.78763],[-122.42196,37.788],[-122.42203,37.78838],[-122.42195,37.78849],[-122.42207,37.78857],[-122.42214,37.78894],[-122.42222,37.78931],[-122.42213,37.78941],[-122.42226,37.78949],[-122.42241,37.79024],[-122.42233,37.79037],[-122.42245,37.79047],[-122.4226,37.79118],[-122.42252,37.79129],[-122.42264,37.79137],[-122.42278,37.79207],[-122.42269,37.79217],[-122.42105,37.79238],[-122.4194,37.79259],[-122.41886,37.79266],[-122.41776,37.7928],[-122.41644,37.79297],[-122.41611,37.79301],[-122.41629,37.79389],[-122.41647,37.79478],[-122.41665,37.79567],[-122.4167,37.79592],[-122.41674,37.79611],[-122.41682,37.7965],[-122.41684,37.7966],[-122.41693,37.79705],[-122.41694,37.79708],[-122.41703,37.79754],[-122.41722,37.79847],[-122.41557,37.79868],[-122.41457,37.79881],[-122.41393,37.79889],[-122.41294,37.79901],[-122.41228,37.7991],[-122.4121,37.79816],[-122.41207,37.79806],[-122.41189,37.79713],[-122.41188,37.7971],[-122.41172,37.79629],[-122.41163,37.79585],[-122.41154,37.79541],[-122.41147,37.79506]]]]},"properties":{"nhood":"Nob Hill"}},{"type":"Feature","geometry":{"type":"MultiPolygon","coordinates":[[[[-122.38473,37.78293],[-122.38471,37.78278],[-122.38471,37.78278],[-122.38468,37.78256],[-122.38468,37.78255],[-122.38468,37.78255],[-122.38468,37.78255],[-122.38468,37.78255],[-122.38468,37.78255],[-122.38468,37.78255],[-122.38468,37.78255],[-122.38468,37.78255],[-122.38468,37.78255],[-122.38468,37.78255],[-122.38468,37.78255],[-122.38468,37.78255],[-122.38468,37.78255],[-122.38468,37.78255],[-122.38468,37.78255],[-122.38468,37.78255],[-122.38468,37.78255],[-122.38468,37.78255],[-122.38468,37.78255],[-122.38468,37.78255],[-122.38468,37.78254],[-122.38468,37.78254],[-122.38468,37.78254],[-122.38468,37.78254],[-122.38468,37.78254],[-122.38468,37.78254],[-122.38468,37.78254],[-122.38468,37.78254],[-122.38468,37.78254],[-122.38468,37.78254],[-122.38468,37.78254],[-122.38468,37.78254],[-122.38468,37.78254],[-122.38468,37.78254],[-122.38468,37.78254],[-122.38468,37.78254],[-122.38468,37.78254],[-122.38469,37.78254],[-122.38469,37.78254],[-122.38469,37.78254],[-122.38469,37.78254],[-122.38469,37.78254],[-122.38469,37.78254],[-122.38469,37.78254],[-122.38469,37.78253],[-122.38469,37.78253],[-122.38469,37.78253],[-122.38469,37.78253],[-122.38469,37.78253],[-122.38469,37.78253],[-122.38469,37.78253],[-122.38469,37.78253],[-122.38469,37.78253],[-122.38469,37.78253],[-122.38469,37.78253],[-122.38469,37.78253],[-122.38469,37.78253],[-122.38469,37.78253],[-122.38469,37.78253],[-122.38469,37.78253],[-122.38469,37.78253],[-122.3847,37.78253],[-122.3847,37.78253],[-122.3847,37.78253],[-122.3847,37.78253],[-122.3847,37.78253],[-122.3847,37.78253],[-122.3847,37.78253],[-122.3847,37.78253],[-122.3847,37.78253],[-122.3847,37.78253],[-122.3847,37.78253],[-122.3847,37.78253],[-122.3847,37.78253],[-122.3847,37.78253],[-122.3847,37.78253],[-122.3847,37.78253],[-122.3847,37.78253],[-122.3847,37.78253],[-122.3847,37.78253],[-122.38471,37.78253],[-122.38471,37.78253],[-122.38471,37.78253],[-122.38471,37.78253],[-122.38471,37.78253],[-122.38471,37.78253],[-122.38471,37.78253],[-122.38471,37.78253],[-122.38471,37.78252],[-122.38471,37.78252],[-122.38471,37.78252],[-122.38751,37.78235],[-122.38753,37.78234],[-122.38754,37.78234],[-122.38755,37.78234],[-122.38757,37.78234],[-122.38779,37.78227],[-122.38775,37.7818],[-122.38556,37.78194],[-122.38556,37.78194],[-122.38556,37.78194],[-122.38556,37.78194],[-122.38556,37.78194],[-122.38556,37.78194],[-122.38556,37.78194],[-122.38556,37.78194],[-122.38556,37.78194],[-122.38556,37.78194],[-122.38556,37.78194],[-122.38556,37.78194],[-122.38556,37.78194],[-122.38556,37.78194],[-122.38555,37.78194],[-122.38555,37.78194],[-122.38555,37.78193],[-122.38555,37.78193],[-122.38555,37.78193],[-122.38555,37.78193],[-122.38555,37.78193],[-122.38555,37.78193],[-122.38555,37.78193],[-122.38555,37.78193],[-122.38555,37.78193],[-122.38555,37.78193],[-122.38555,37.78193],[-122.38555,37.78193],[-122.38555,37.78193],[-122.38555,37.78193],[-122.38555,37.78193],[-122.38555,37.78193],[-122.38555,37.78193],[-122.38554,37.78193],[-122.38554,37.78193],[-122.38554,37.78193],[-122.38554,37.78193],[-122.38554,37.78193],[-122.38554,37.78193],[-122.38554,37.78193],[-122.38554,37.78193],[-122.38554,37.78193],[-122.38554,37.78193],[-122.38554,37.78193],[-122.38554,37.78193],[-122.38554,37.78193],[-122.38554,37.78193],[-122.38554,37.78193],[-122.38554,37.78193],[-122.38554,37.78193],[-122.38554,37.78193],[-122.38554,37.78193],[-122.38554,37.78193],[-122.38554,37.78193],[-122.38554,37.78193],[-122.38554,37.78193],[-122.38554,37.78193],[-122.38553,37.78193],[-122.38553,37.78192],[-122.38553,37.78192],[-122.38553,37.78192],[-122.38553,37.78192],[-122.38553,37.78192],[-122.38553,37.78192],[-122.38553,37.78192],[-122.38553,37.78192],[-122.38553,37.78192],[-122.38553,37.78192],[-122.38553,37.78192],[-122.38553,37.78192],[-122.38553,37.78192],[-122.38553,37.78192],[-122.38553,37.78192],[-122.38553,37.78192],[-122.38553,37.78192],[-122.38553,37.78192],[-122.38553,37.78192],[-122.38553,37.78192],[-122.38553,37.78192],[-122.38553,37.78192],[-122.38553,37.78192],[-122.38553,37.78192],[-122.38553,37.78192],[-122.38553,37.78191],[-122.38553,37.78191],[-122.38553,37.78191],[-122.38553,37.78191],[-122.38553,37.78191],[-122.38553,37.78191],[-122.38551,37.78178],[-122.38492,37.78181],[-122.3849,37.78183],[-122.38486,37.7818],[-122.38489,37.78176],[-122.38492,37.78178],[-122.38551,37.78174],[-122.38549,37.7816],[-122.38549,37.7816],[-122.38549,37.7816],[-122.38549,37.7816],[-122.38549,37.7816],[-122.38549,37.7816],[-122.38549,37.7816],[-122.38549,37.7816],[-122.38549,37.7816],[-122.38549,37.7816],[-122.38549,37.7816],[-122.38549,37.7816],[-122.38549,37.7816],[-122.38549,37.7816],[-122.38549,37.7816],[-122.38549,37.7816],[-122.38549,37.7816],[-122.38549,37.7816],[-122.38549,37.7816],[-122.38549,37.7816],[-122.38549,37.7816],[-122.38549,37.7816],[-122.38549,37.78159],[-122.38549,37.78159],[-122.38549,37.78159],[-122.38549,37.78159],[-122.38549,37.78159],[-122.38549,37.78159],[-122.38549,37.78159],[-122.38549,37.78159],[-122.38549,37.78159],[-122.38549,37.78159],[-122.38549,37.78159],[-122.38549,37.78159],[-122.38549,37.78159],[-122.38549,37.78159],[-122.3855,37.78159],[-122.3855,37.78159],[-122.3855,37.78159],[-122.3855,37.78159],[-122.3855,37.78159],[-122.3855,37.78159],[-122.3855,37.78159],[-122.3855,37.78159],[-122.3855,37.78159],[-122.3855,37.78159],[-122.3855,37.78159],[-122.3855,37.78159],[-122.3855,37.78158],[-122.3855,37.78158],[-122.3855,37.78158],[-122.3855,37.78158],[-122.3855,37.78158],[-122.3855,37.78158],[-122.3855,37.78158],[-122.3855,37.78158],[-122.3855,37.78158],[-122.3855,37.78158],[-122.3855,37.78158],[-122.3855,37.78158],[-122.3855,37.78158],[-122.3855,37.78158],[-122.38551,37.78158],[-122.38551,37.78158],[-122.38551,37.78158],[-122.38551,37.78158],[-122.38551,37.78158],[-122.38551,37.78158],[-122.38551,37.78158],[-122.38551,37.78158],[-122.38551,37.78158],[-122.38551,37.78158],[-122.38551,37.78158],[-122.38551,37.78158],[-122.38551,37.78158],[-122.38551,37.78158],[-122.38551,37.78158],[-122.38551,37.78158],[-122.38551,37.78158],[-122.38551,37.78158],[-122.38551,37.78158],[-122.38551,37.78158],[-122.38552,37.78158],[-122.38552,37.78158],[-122.38552,37.78158],[-122.38552,37.78158],[-122.38552,37.78158],[-122.38552,37.78158],[-122.38552,37.78158],[-122.38552,37.78158],[-122.38552,37.78158],[-122.38552,37.78158],[-122.38763,37.78145],[-122.38758,37.78096],[-122.38748,37.78097],[-122.38747,37.78098],[-122.38748,37.7811],[-122.38746,37.7811],[-122.38745,37.78098],[-122.38744,37.78097],[-122.38735,37.78098],[-122.38734,37.78099],[-122.38735,37.78111],[-122.38733,37.78111],[-122.38732,37.78099],[-122.38731,37.78098],[-122.38722,37.78099],[-122.38721,37.78099],[-122.38722,37.78112],[-122.3872,37.78112],[-122.38719,37.781],[-122.38718,37.78099],[-122.38708,37.78099],[-122.38707,37.781],[-122.38708,37.78113],[-122.38706,37.78113],[-122.38705,37.781],[-122.38704,37.781],[-122.38695,37.781],[-122.38694,37.78101],[-122.38695,37.78113],[-122.38693,37.78113],[-122.38692,37.78101],[-122.38691,37.781],[-122.38682,37.78101],[-122.38681,37.78102],[-122.38682,37.78114],[-122.38681,37.78114],[-122.38679,37.78102],[-122.38678,37.78101],[-122.38669,37.78102],[-122.38668,37.78102],[-122.38669,37.78115],[-122.38667,37.78115],[-122.38666,37.78103],[-122.38665,37.78102],[-122.38655,37.78102],[-122.38654,37.78103],[-122.38655,37.78116],[-122.38654,37.78116],[-122.38653,37.78103],[-122.38651,37.78103],[-122.38642,37.78103],[-122.38641,37.78104],[-122.38642,37.78116],[-122.38641,37.78116],[-122.38639,37.78104],[-122.38638,37.78103],[-122.38629,37.78104],[-122.38628,37.78105],[-122.38629,37.78117],[-122.38628,37.78117],[-122.38626,37.78105],[-122.38625,37.78104],[-122.38616,37.78105],[-122.38615,37.78105],[-122.38616,37.78118],[-122.38614,37.78118],[-122.38613,37.78106],[-122.38612,37.78105],[-122.38603,37.78105],[-122.38602,37.78106],[-122.38603,37.78119],[-122.38601,37.78119],[-122.386,37.78106],[-122.38599,37.78106],[-122.38589,37.78106],[-122.38588,37.78107],[-122.38589,37.78119],[-122.38587,37.78119],[-122.38586,37.78107],[-122.38585,37.78106],[-122.38576,37.78107],[-122.38575,37.78108],[-122.38577,37.7812],[-122.38575,37.7812],[-122.38574,37.78108],[-122.38573,37.78107],[-122.38563,37.78108],[-122.38562,37.78109],[-122.38563,37.78121],[-122.38562,37.78121],[-122.3856,37.78109],[-122.38559,37.78108],[-122.3855,37.78108],[-122.38549,37.78109],[-122.3855,37.78122],[-122.38548,37.78122],[-122.38547,37.78109],[-122.38546,37.78109],[-122.38536,37.78109],[-122.38535,37.7811],[-122.38536,37.78122],[-122.38535,37.78122],[-122.38534,37.7811],[-122.38532,37.78109],[-122.38523,37.7811],[-122.38522,37.78111],[-122.38523,37.78123],[-122.38521,37.78123],[-122.3852,37.78111],[-122.38519,37.7811],[-122.3851,37.78111],[-122.38509,37.78112],[-122.3851,37.78124],[-122.38508,37.78124],[-122.38507,37.78112],[-122.38506,37.78111],[-122.38497,37.78111],[-122.38496,37.78112],[-122.38497,37.78125],[-122.38495,37.78125],[-122.38494,37.78112],[-122.38493,37.78112],[-122.38483,37.78112],[-122.38482,37.78113],[-122.38484,37.78125],[-122.38482,37.78125],[-122.38479,37.78098],[-122.38481,37.78098],[-122.38482,37.7811],[-122.38483,37.7811],[-122.38493,37.7811],[-122.38493,37.78109],[-122.38492,37.78097],[-122.38494,37.78097],[-122.38495,37.78109],[-122.38496,37.7811],[-122.38506,37.78109],[-122.38507,37.78108],[-122.38506,37.78096],[-122.38507,37.78096],[-122.38508,37.78108],[-122.38509,37.78109],[-122.38519,37.78108],[-122.3852,37.78107],[-122.38519,37.78096],[-122.38521,37.78096],[-122.38522,37.78107],[-122.38523,37.78108],[-122.38532,37.78107],[-122.38533,37.78107],[-122.38532,37.78095],[-122.38534,37.78095],[-122.38535,37.78106],[-122.38536,37.78107],[-122.38546,37.78107],[-122.38547,37.78106],[-122.38546,37.78094],[-122.38547,37.78094],[-122.38548,37.78106],[-122.3855,37.78106],[-122.38559,37.78106],[-122.3856,37.78105],[-122.38559,37.78093],[-122.38561,37.78093],[-122.38562,37.78105],[-122.38563,37.78106],[-122.38572,37.78105],[-122.38573,37.78104],[-122.38572,37.78093],[-122.38574,37.78093],[-122.38575,37.78104],[-122.38576,37.78105],[-122.38585,37.78104],[-122.38586,37.78104],[-122.38585,37.78092],[-122.38586,37.78092],[-122.38588,37.78103],[-122.38589,37.78104],[-122.38599,37.78104],[-122.386,37.78103],[-122.38599,37.78091],[-122.386,37.78091],[-122.38602,37.78103],[-122.38603,37.78103],[-122.38612,37.78103],[-122.38613,37.78102],[-122.38612,37.7809],[-122.38613,37.7809],[-122.38614,37.78102],[-122.38615,37.78103],[-122.38625,37.78102],[-122.38626,37.78101],[-122.38625,37.7809],[-122.38627,37.78089],[-122.38628,37.78101],[-122.38629,37.78102],[-122.38638,37.78101],[-122.38639,37.78101],[-122.38638,37.78089],[-122.3864,37.78089],[-122.38641,37.781],[-122.38642,37.78101],[-122.38651,37.78101],[-122.38652,37.781],[-122.38651,37.78088],[-122.38653,37.78088],[-122.38654,37.781],[-122.38655,37.781],[-122.38665,37.781],[-122.38666,37.78099],[-122.38664,37.78087],[-122.38666,37.78087],[-122.38667,37.78099],[-122.38668,37.781],[-122.38678,37.78099],[-122.38679,37.78098],[-122.38678,37.78087],[-122.3868,37.78086],[-122.38681,37.78098],[-122.38682,37.78099],[-122.38691,37.78098],[-122.38692,37.78098],[-122.38691,37.78086],[-122.38692,37.78086],[-122.38693,37.78097],[-122.38694,37.78098],[-122.38704,37.78098],[-122.38705,37.78097],[-122.38704,37.78085],[-122.38705,37.78085],[-122.38707,37.78097],[-122.38708,37.78097],[-122.38718,37.78097],[-122.38719,37.78096],[-122.38717,37.78084],[-122.38719,37.78084],[-122.3872,37.78096],[-122.38721,37.78097],[-122.38731,37.78096],[-122.38732,37.78095],[-122.38731,37.78084],[-122.38732,37.78083],[-122.38733,37.78095],[-122.38734,37.78096],[-122.38744,37.78095],[-122.38745,37.78094],[-122.38744,37.78083],[-122.38745,37.78083],[-122.38746,37.78094],[-122.38747,37.78095],[-122.38758,37.78095],[-122.38754,37.78049],[-122.38753,37.78049],[-122.38744,37.78049],[-122.38743,37.7805],[-122.38744,37.7806],[-122.38743,37.7806],[-122.38742,37.7805],[-122.38741,37.78049],[-122.38733,37.7805],[-122.38732,37.78051],[-122.38733,37.78061],[-122.38732,37.78061],[-122.38731,37.78051],[-122.3873,37.7805],[-122.38721,37.7805],[-122.3872,37.78051],[-122.38721,37.78062],[-122.38719,37.78062],[-122.38718,37.78051],[-122.38717,37.78051],[-122.38708,37.78051],[-122.38707,37.78052],[-122.38708,37.78062],[-122.38707,37.78063],[-122.38706,37.78052],[-122.38705,37.78051],[-122.38697,37.78052],[-122.38696,37.78053],[-122.38696,37.78063],[-122.38695,37.78063],[-122.38694,37.78053],[-122.38693,37.78052],[-122.38685,37.78053],[-122.38684,37.78053],[-122.38685,37.78064],[-122.38684,37.78064],[-122.38683,37.78054],[-122.38682,37.78053],[-122.38674,37.78053],[-122.38673,37.78054],[-122.38674,37.78065],[-122.38672,37.78065],[-122.38671,37.78054],[-122.3867,37.78053],[-122.38662,37.78054],[-122.38661,37.78055],[-122.38662,37.78065],[-122.3866,37.78065],[-122.3866,37.78055],[-122.38658,37.78054],[-122.3865,37.78055],[-122.38649,37.78056],[-122.3865,37.78066],[-122.38649,37.78066],[-122.38648,37.78056],[-122.38647,37.78055],[-122.38638,37.78055],[-122.38637,37.78056],[-122.38638,37.78067],[-122.38637,37.78067],[-122.38636,37.78056],[-122.38635,37.78056],[-122.38627,37.78056],[-122.38626,37.78057],[-122.38627,37.78067],[-122.38625,37.78067],[-122.38624,37.78057],[-122.38623,37.78056],[-122.38614,37.78057],[-122.38613,37.78058],[-122.38614,37.78068],[-122.38613,37.78068],[-122.38612,37.78058],[-122.38611,37.78057],[-122.38602,37.78058],[-122.38601,37.78058],[-122.38602,37.78069],[-122.38601,37.78069],[-122.386,37.78058],[-122.38599,37.78058],[-122.3859,37.78058],[-122.38589,37.78059],[-122.3859,37.78069],[-122.38589,37.7807],[-122.38588,37.78059],[-122.38587,37.78058],[-122.38579,37.78059],[-122.38578,37.7806],[-122.38578,37.7807],[-122.38577,37.7807],[-122.38576,37.7806],[-122.38575,37.78059],[-122.38567,37.7806],[-122.38566,37.7806],[-122.38567,37.78071],[-122.38565,37.78071],[-122.38565,37.78061],[-122.38563,37.7806],[-122.38556,37.7806],[-122.38555,37.78061],[-122.38555,37.78072],[-122.38554,37.78072],[-122.38553,37.78061],[-122.38552,37.7806],[-122.38543,37.78061],[-122.38542,37.78062],[-122.38543,37.78072],[-122.38542,37.78072],[-122.38541,37.78062],[-122.3854,37.78061],[-122.38531,37.78062],[-122.3853,37.78063],[-122.38531,37.78073],[-122.3853,37.78073],[-122.38529,37.78063],[-122.38528,37.78062],[-122.38519,37.78062],[-122.38518,37.78063],[-122.38519,37.78074],[-122.38518,37.78074],[-122.38517,37.78063],[-122.38516,37.78063],[-122.38508,37.78063],[-122.38507,37.78064],[-122.38508,37.78074],[-122.38507,37.78074],[-122.38506,37.78064],[-122.38505,37.78063],[-122.38496,37.78064],[-122.38495,37.78065],[-122.38496,37.78075],[-122.38495,37.78075],[-122.38494,37.78065],[-122.38493,37.78064],[-122.38485,37.78064],[-122.38484,37.78065],[-122.38484,37.78076],[-122.38482,37.78076],[-122.3848,37.78053],[-122.38483,37.78052],[-122.38483,37.78062],[-122.38484,37.78062],[-122.38492,37.78062],[-122.38493,37.78061],[-122.38493,37.78052],[-122.38494,37.78052],[-122.38495,37.78061],[-122.38496,37.78062],[-122.38504,37.78061],[-122.38505,37.7806],[-122.38505,37.78051],[-122.38506,37.78051],[-122.38507,37.7806],[-122.38508,37.78061],[-122.38516,37.78061],[-122.38517,37.7806],[-122.38516,37.7805],[-122.38517,37.7805],[-122.38518,37.7806],[-122.38519,37.7806],[-122.38528,37.7806],[-122.38528,37.78059],[-122.38528,37.7805],[-122.38529,37.7805],[-122.3853,37.78059],[-122.38531,37.7806],[-122.3854,37.78059],[-122.38541,37.78058],[-122.3854,37.78049],[-122.38541,37.78049],[-122.38542,37.78058],[-122.38543,37.78059],[-122.38552,37.78058],[-122.38553,37.78058],[-122.38552,37.78048],[-122.38553,37.78048],[-122.38554,37.78057],[-122.38555,37.78058],[-122.38563,37.78058],[-122.38564,37.78057],[-122.38563,37.78048],[-122.38565,37.78048],[-122.38566,37.78057],[-122.38567,37.78058],[-122.38575,37.78057],[-122.38576,37.78056],[-122.38575,37.78047],[-122.38576,37.78047],[-122.38577,37.78056],[-122.38578,37.78057],[-122.38586,37.78056],[-122.38587,37.78055],[-122.38587,37.78046],[-122.38588,37.78046],[-122.38589,37.78055],[-122.3859,37.78056],[-122.38599,37.78056],[-122.386,37.78055],[-122.38599,37.78046],[-122.386,37.78045],[-122.38601,37.78055],[-122.38602,37.78055],[-122.38611,37.78055],[-122.38612,37.78054],[-122.38611,37.78045],[-122.38612,37.78045],[-122.38613,37.78054],[-122.38614,37.78055],[-122.38623,37.78054],[-122.38624,37.78053],[-122.38623,37.78044],[-122.38625,37.78044],[-122.38625,37.78053],[-122.38626,37.78054],[-122.38635,37.78054],[-122.38636,37.78053],[-122.38635,37.78043],[-122.38636,37.78043],[-122.38637,37.78053],[-122.38638,37.78053],[-122.38646,37.78053],[-122.38647,37.78052],[-122.38647,37.78043],[-122.38648,37.78043],[-122.38649,37.78052],[-122.3865,37.78053],[-122.38658,37.78052],[-122.38659,37.78051],[-122.38658,37.78042],[-122.3866,37.78042],[-122.38661,37.78051],[-122.38662,37.78052],[-122.3867,37.78051],[-122.38671,37.78051],[-122.3867,37.78041],[-122.38672,37.78041],[-122.38672,37.78051],[-122.38673,37.78051],[-122.38682,37.78051],[-122.38683,37.7805],[-122.38682,37.78041],[-122.38683,37.78041],[-122.38684,37.7805],[-122.38685,37.78051],[-122.38693,37.7805],[-122.38694,37.78049],[-122.38693,37.7804],[-122.38694,37.7804],[-122.38695,37.78049],[-122.38696,37.7805],[-122.38705,37.78049],[-122.38706,37.78049],[-122.38705,37.78039],[-122.38706,37.78039],[-122.38707,37.78049],[-122.38708,37.78049],[-122.38717,37.78049],[-122.38718,37.78048],[-122.38717,37.78039],[-122.38719,37.78038],[-122.3872,37.78048],[-122.38721,37.78049],[-122.3873,37.78048],[-122.3873,37.78047],[-122.3873,37.78038],[-122.38731,37.78038],[-122.38732,37.78047],[-122.38733,37.78048],[-122.38741,37.78047],[-122.38742,37.78046],[-122.38741,37.78037],[-122.38742,37.78037],[-122.38743,37.78046],[-122.38744,37.78047],[-122.38753,37.78047],[-122.38754,37.78046],[-122.3875,37.78006],[-122.38749,37.78005],[-122.3874,37.78005],[-122.38739,37.78006],[-122.3874,37.78017],[-122.38739,37.78017],[-122.38738,37.78006],[-122.38737,37.78006],[-122.38729,37.78006],[-122.38728,37.78007],[-122.38729,37.78017],[-122.38728,37.78017],[-122.38727,37.78007],[-122.38726,37.78006],[-122.38717,37.78007],[-122.38716,37.78008],[-122.38717,37.78018],[-122.38715,37.78018],[-122.38714,37.78008],[-122.38713,37.78007],[-122.38704,37.78007],[-122.38703,37.78008],[-122.38704,37.78019],[-122.38703,37.78019],[-122.38702,37.78008],[-122.38701,37.78008],[-122.38692,37.78008],[-122.38691,37.78009],[-122.38692,37.78019],[-122.38691,37.78019],[-122.3869,37.78009],[-122.38689,37.78008],[-122.38681,37.78009],[-122.3868,37.7801],[-122.38681,37.7802],[-122.3868,37.7802],[-122.38679,37.7801],[-122.38678,37.78009],[-122.3867,37.78009],[-122.38669,37.7801],[-122.38669,37.78021],[-122.38668,37.78021],[-122.38667,37.7801],[-122.38666,37.7801],[-122.38658,37.7801],[-122.38657,37.78011],[-122.38658,37.78021],[-122.38656,37.78021],[-122.38655,37.78011],[-122.38654,37.7801],[-122.38646,37.78011],[-122.38645,37.78012],[-122.38646,37.78022],[-122.38644,37.78022],[-122.38644,37.78012],[-122.38642,37.78011],[-122.38634,37.78011],[-122.38633,37.78012],[-122.38634,37.78023],[-122.38633,37.78023],[-122.38632,37.78012],[-122.38631,37.78012],[-122.38623,37.78012],[-122.38622,37.78013],[-122.38622,37.78023],[-122.38621,37.78023],[-122.3862,37.78013],[-122.38619,37.78012],[-122.3861,37.78013],[-122.38609,37.78014],[-122.3861,37.78024],[-122.38609,37.78024],[-122.38608,37.78014],[-122.38607,37.78013],[-122.38598,37.78013],[-122.38597,37.78014],[-122.38598,37.78025],[-122.38597,37.78025],[-122.38596,37.78014],[-122.38595,37.78014],[-122.38586,37.78014],[-122.38585,37.78015],[-122.38586,37.78025],[-122.38585,37.78025],[-122.38584,37.78015],[-122.38583,37.78014],[-122.38574,37.78015],[-122.38573,37.78016],[-122.38574,37.78026],[-122.38573,37.78026],[-122.38572,37.78016],[-122.38571,37.78015],[-122.38563,37.78015],[-122.38562,37.78016],[-122.38563,37.78027],[-122.38561,37.78027],[-122.3856,37.78016],[-122.38559,37.78016],[-122.38551,37.78016],[-122.3855,37.78017],[-122.38551,37.78027],[-122.3855,37.78027],[-122.38549,37.78017],[-122.38548,37.78016],[-122.38539,37.78017],[-122.38538,37.78018],[-122.38539,37.78028],[-122.38538,37.78028],[-122.38537,37.78018],[-122.38536,37.78017],[-122.38527,37.78017],[-122.38526,37.78018],[-122.38527,37.78029],[-122.38526,37.78029],[-122.38525,37.78018],[-122.38524,37.78018],[-122.38515,37.78018],[-122.38514,37.78019],[-122.38515,37.78029],[-122.38514,37.78029],[-122.38513,37.78019],[-122.38512,37.78018],[-122.38504,37.78019],[-122.38503,37.7802],[-122.38504,37.7803],[-122.38502,37.7803],[-122.38502,37.7802],[-122.385,37.78019],[-122.38492,37.78019],[-122.38491,37.7802],[-122.38492,37.78031],[-122.3849,37.78031],[-122.3849,37.7802],[-122.38488,37.7802],[-122.3848,37.7802],[-122.38479,37.78021],[-122.3848,37.78031],[-122.38478,37.78031],[-122.38476,37.78008],[-122.38479,37.78008],[-122.38479,37.78017],[-122.3848,37.78018],[-122.38488,37.78017],[-122.38489,37.78017],[-122.38488,37.78007],[-122.3849,37.78007],[-122.38491,37.78016],[-122.38492,37.78017],[-122.385,37.78017],[-122.38501,37.78016],[-122.385,37.78007],[-122.38502,37.78007],[-122.38503,37.78016],[-122.38504,37.78017],[-122.38511,37.78016],[-122.38512,37.78015],[-122.38512,37.78006],[-122.38513,37.78006],[-122.38514,37.78015],[-122.38515,37.78016],[-122.38523,37.78015],[-122.38524,37.78015],[-122.38524,37.78005],[-122.38525,37.78005],[-122.38526,37.78015],[-122.38527,37.78015],[-122.38536,37.78015],[-122.38537,37.78014],[-122.38536,37.78005],[-122.38537,37.78005],[-122.38538,37.78014],[-122.38539,37.78015],[-122.38548,37.78014],[-122.38549,37.78013],[-122.38548,37.78004],[-122.38549,37.78004],[-122.3855,37.78013],[-122.38551,37.78014],[-122.38559,37.78013],[-122.3856,37.78013],[-122.38559,37.78003],[-122.38561,37.78003],[-122.38562,37.78013],[-122.38563,37.78013],[-122.38571,37.78013],[-122.38572,37.78012],[-122.38571,37.78003],[-122.38572,37.78003],[-122.38573,37.78012],[-122.38574,37.78013],[-122.38582,37.78012],[-122.38583,37.78011],[-122.38583,37.78002],[-122.38584,37.78002],[-122.38585,37.78011],[-122.38586,37.78012],[-122.38595,37.78012],[-122.38596,37.78011],[-122.38595,37.78001],[-122.38596,37.78001],[-122.38597,37.78011],[-122.38598,37.78011],[-122.38607,37.78011],[-122.38608,37.7801],[-122.38607,37.78001],[-122.38608,37.78001],[-122.38609,37.7801],[-122.3861,37.78011],[-122.38619,37.7801],[-122.3862,37.78009],[-122.38619,37.78],[-122.38621,37.78],[-122.38621,37.78009],[-122.38622,37.7801],[-122.38631,37.7801],[-122.38632,37.78009],[-122.38631,37.77999],[-122.38632,37.77999],[-122.38633,37.78009],[-122.38634,37.78009],[-122.38642,37.78009],[-122.38643,37.78008],[-122.38642,37.77999],[-122.38644,37.77999],[-122.38645,37.78008],[-122.38646,37.78009],[-122.38654,37.78008],[-122.38655,37.78007],[-122.38654,37.77998],[-122.38656,37.77998],[-122.38657,37.78007],[-122.38658,37.78008],[-122.38666,37.78008],[-122.38667,37.78007],[-122.38666,37.77997],[-122.38668,37.77997],[-122.38668,37.78007],[-122.38669,37.78007],[-122.38678,37.78007],[-122.38679,37.78006],[-122.38678,37.77997],[-122.38679,37.77997],[-122.3868,37.78006],[-122.38681,37.78007],[-122.38689,37.78006],[-122.3869,37.78005],[-122.38689,37.77996],[-122.3869,37.77996],[-122.38691,37.78005],[-122.38692,37.78006],[-122.38701,37.78006],[-122.38702,37.78005],[-122.38701,37.77995],[-122.38702,37.77995],[-122.38703,37.78005],[-122.38704,37.78005],[-122.38713,37.78005],[-122.38714,37.78004],[-122.38713,37.77995],[-122.38715,37.77995],[-122.38715,37.78004],[-122.38717,37.78005],[-122.38725,37.78004],[-122.38726,37.78003],[-122.38726,37.77994],[-122.38727,37.77994],[-122.38728,37.78003],[-122.38729,37.78004],[-122.38737,37.78004],[-122.38737,37.78003],[-122.38737,37.77993],[-122.38738,37.77993],[-122.38739,37.78003],[-122.3874,37.78003],[-122.38749,37.78003],[-122.3875,37.78002],[-122.38746,37.77966],[-122.38745,37.77966],[-122.38738,37.77966],[-122.38737,37.77967],[-122.38738,37.77975],[-122.38736,37.77975],[-122.38736,37.77967],[-122.38734,37.77966],[-122.38728,37.77967],[-122.38727,37.77967],[-122.38727,37.77976],[-122.38726,37.77976],[-122.38725,37.77968],[-122.38724,37.77967],[-122.38717,37.77967],[-122.38716,37.77968],[-122.38717,37.77976],[-122.38716,37.77976],[-122.38715,37.77968],[-122.38714,37.77967],[-122.38707,37.77968],[-122.38706,37.77969],[-122.38707,37.77977],[-122.38705,37.77977],[-122.38704,37.77969],[-122.38703,37.77968],[-122.38697,37.77968],[-122.38696,37.77969],[-122.38697,37.77977],[-122.38695,37.77977],[-122.38695,37.77969],[-122.38693,37.77969],[-122.38687,37.77969],[-122.38686,37.7797],[-122.38687,37.77978],[-122.38685,37.77978],[-122.38684,37.7797],[-122.38683,37.77969],[-122.38676,37.7797],[-122.38676,37.7797],[-122.38676,37.77979],[-122.38675,37.77979],[-122.38674,37.77971],[-122.38673,37.7797],[-122.38666,37.7797],[-122.38665,37.77971],[-122.38666,37.77979],[-122.38664,37.77979],[-122.38664,37.77971],[-122.38663,37.7797],[-122.38656,37.77971],[-122.38655,37.77972],[-122.38655,37.7798],[-122.38654,37.7798],[-122.38653,37.77972],[-122.38652,37.77971],[-122.38645,37.77971],[-122.38644,37.77972],[-122.38645,37.7798],[-122.38644,37.7798],[-122.38643,37.77972],[-122.38642,37.77972],[-122.38635,37.77972],[-122.38634,37.77973],[-122.38635,37.77981],[-122.38634,37.77981],[-122.38633,37.77973],[-122.38632,37.77972],[-122.38625,37.77973],[-122.38624,37.77973],[-122.38624,37.77982],[-122.38623,37.77982],[-122.38622,37.77974],[-122.38621,37.77973],[-122.38615,37.77973],[-122.38614,37.77974],[-122.38615,37.77982],[-122.38614,37.77982],[-122.38613,37.77974],[-122.38612,37.77973],[-122.38605,37.77974],[-122.38604,37.77975],[-122.38605,37.77983],[-122.38603,37.77983],[-122.38603,37.77975],[-122.38601,37.77974],[-122.38595,37.77974],[-122.38594,37.77975],[-122.38594,37.77983],[-122.38593,37.77983],[-122.38592,37.77975],[-122.38591,37.77974],[-122.38584,37.77975],[-122.38583,37.77976],[-122.38584,37.77984],[-122.38583,37.77984],[-122.38582,37.77976],[-122.38581,37.77975],[-122.38574,37.77975],[-122.38573,37.77976],[-122.38574,37.77984],[-122.38573,37.77985],[-122.38572,37.77976],[-122.38571,37.77976],[-122.38563,37.77976],[-122.38563,37.77977],[-122.38563,37.77985],[-122.38562,37.77985],[-122.38561,37.77977],[-122.3856,37.77976],[-122.38553,37.77977],[-122.38552,37.77978],[-122.38553,37.77986],[-122.38551,37.77986],[-122.3855,37.77978],[-122.38549,37.77977],[-122.38542,37.77977],[-122.38541,37.77978],[-122.38542,37.77986],[-122.38541,37.77986],[-122.3854,37.77978],[-122.38539,37.77978],[-122.38532,37.77978],[-122.38531,37.77979],[-122.38532,37.77987],[-122.3853,37.77987],[-122.3853,37.77979],[-122.38529,37.77978],[-122.38523,37.77978],[-122.38522,37.77979],[-122.38522,37.77987],[-122.38521,37.77988],[-122.3852,37.77979],[-122.38519,37.77979],[-122.38512,37.77979],[-122.38511,37.7798],[-122.38512,37.77988],[-122.38511,37.77988],[-122.3851,37.7798],[-122.38509,37.77979],[-122.38502,37.7798],[-122.38501,37.77981],[-122.38502,37.77989],[-122.385,37.77989],[-122.385,37.77981],[-122.38499,37.7798],[-122.38492,37.7798],[-122.38491,37.77981],[-122.38492,37.77989],[-122.3849,37.77989],[-122.38489,37.77981],[-122.38488,37.7798],[-122.38481,37.77981],[-122.3848,37.77982],[-122.38481,37.7799],[-122.38478,37.7799],[-122.38476,37.77969],[-122.38479,37.77969],[-122.3848,37.77978],[-122.38481,37.77979],[-122.38488,37.77978],[-122.38489,37.77977],[-122.38488,37.77969],[-122.38489,37.77969],[-122.3849,37.77977],[-122.38491,37.77978],[-122.38498,37.77978],[-122.38499,37.77977],[-122.38498,37.77968],[-122.385,37.77968],[-122.38501,37.77977],[-122.38502,37.77977],[-122.38508,37.77977],[-122.38509,37.77976],[-122.38509,37.77968],[-122.3851,37.77967],[-122.38511,37.77976],[-122.38512,37.77977],[-122.38519,37.77976],[-122.3852,37.77976],[-122.38519,37.77967],[-122.3852,37.77967],[-122.38521,37.77975],[-122.38522,37.77976],[-122.38528,37.77976],[-122.38529,37.77975],[-122.38528,37.77966],[-122.3853,37.77966],[-122.38531,37.77975],[-122.38532,37.77976],[-122.38539,37.77975],[-122.3854,37.77974],[-122.38539,37.77966],[-122.3854,37.77966],[-122.38541,37.77974],[-122.38542,37.77975],[-122.38549,37.77975],[-122.3855,37.77974],[-122.38549,37.77965],[-122.38551,37.77965],[-122.38551,37.77974],[-122.38553,37.77975],[-122.3856,37.77974],[-122.38561,37.77973],[-122.3856,37.77965],[-122.38561,37.77964],[-122.38562,37.77973],[-122.38563,37.77974],[-122.3857,37.77973],[-122.38571,37.77973],[-122.38571,37.77964],[-122.38572,37.77964],[-122.38573,37.77973],[-122.38574,37.77973],[-122.38581,37.77973],[-122.38582,37.77972],[-122.38581,37.77963],[-122.38582,37.77963],[-122.38583,37.77972],[-122.38584,37.77973],[-122.38591,37.77972],[-122.38592,37.77971],[-122.38591,37.77963],[-122.38592,37.77963],[-122.38593,37.77971],[-122.38594,37.77972],[-122.38601,37.77972],[-122.38602,37.77971],[-122.38601,37.77962],[-122.38603,37.77962],[-122.38604,37.77971],[-122.38605,37.77971],[-122.38612,37.77971],[-122.38612,37.7797],[-122.38612,37.77962],[-122.38613,37.77961],[-122.38614,37.7797],[-122.38615,37.77971],[-122.38621,37.77971],[-122.38622,37.7797],[-122.38621,37.77961],[-122.38622,37.77961],[-122.38623,37.7797],[-122.38624,37.7797],[-122.38632,37.7797],[-122.38633,37.77969],[-122.38632,37.7796],[-122.38633,37.7796],[-122.38634,37.77969],[-122.38635,37.7797],[-122.38642,37.77969],[-122.38642,37.77968],[-122.38642,37.7796],[-122.38643,37.7796],[-122.38644,37.77968],[-122.38645,37.77969],[-122.38652,37.77969],[-122.38653,37.77968],[-122.38652,37.77959],[-122.38653,37.77959],[-122.38654,37.77968],[-122.38655,37.77969],[-122.38662,37.77968],[-122.38663,37.77967],[-122.38662,37.77959],[-122.38664,37.77959],[-122.38665,37.77967],[-122.38666,37.77968],[-122.38673,37.77968],[-122.38674,37.77967],[-122.38673,37.77958],[-122.38674,37.77958],[-122.38675,37.77967],[-122.38676,37.77967],[-122.38683,37.77967],[-122.38684,37.77966],[-122.38683,37.77957],[-122.38685,37.77957],[-122.38685,37.77966],[-122.38687,37.77967],[-122.38693,37.77966],[-122.38694,37.77965],[-122.38693,37.77957],[-122.38695,37.77957],[-122.38696,37.77965],[-122.38697,37.77966],[-122.38703,37.77966],[-122.38704,37.77965],[-122.38703,37.77956],[-122.38705,37.77956],[-122.38705,37.77966],[-122.38714,37.77965],[-122.38715,37.77964],[-122.38714,37.77957],[-122.38715,37.77956],[-122.38716,37.77964],[-122.38717,37.77965],[-122.38724,37.77965],[-122.38725,37.77964],[-122.38724,37.77956],[-122.38726,37.77956],[-122.38726,37.77964],[-122.38727,37.77964],[-122.38734,37.77964],[-122.38735,37.77963],[-122.38734,37.77955],[-122.38736,37.77955],[-122.38737,37.77963],[-122.38738,37.77964],[-122.38745,37.77963],[-122.38746,37.77963],[-122.38743,37.7793],[-122.38742,37.77929],[-122.38734,37.77929],[-122.38733,37.7793],[-122.38734,37.77938],[-122.38732,37.77938],[-122.38732,37.7793],[-122.38731,37.77929],[-122.38724,37.7793],[-122.38723,37.77931],[-122.38723,37.77938],[-122.38722,37.77938],[-122.38721,37.77931],[-122.3872,37.7793],[-122.38713,37.7793],[-122.38712,37.77931],[-122.38713,37.7794],[-122.38711,37.7794],[-122.38711,37.77931],[-122.3871,37.77931],[-122.38703,37.77931],[-122.38702,37.77932],[-122.38702,37.77941],[-122.38701,37.77941],[-122.387,37.77932],[-122.38699,37.77931],[-122.38693,37.77932],[-122.38692,37.77932],[-122.38693,37.77941],[-122.38691,37.77941],[-122.38691,37.77933],[-122.3869,37.77932],[-122.38683,37.77932],[-122.38682,37.77933],[-122.38682,37.77942],[-122.38681,37.77942],[-122.38681,37.77933],[-122.38679,37.77932],[-122.38673,37.77933],[-122.38672,37.77934],[-122.38672,37.77942],[-122.38671,37.77942],[-122.3867,37.77934],[-122.38669,37.77933],[-122.38662,37.77933],[-122.38662,37.77934],[-122.38662,37.77943],[-122.38661,37.77943],[-122.3866,37.77934],[-122.38659,37.77934],[-122.38652,37.77934],[-122.38651,37.77935],[-122.38652,37.77944],[-122.3865,37.77944],[-122.3865,37.77935],[-122.38649,37.77934],[-122.38642,37.77935],[-122.38641,37.77935],[-122.38641,37.77944],[-122.3864,37.77944],[-122.38639,37.77936],[-122.38638,37.77935],[-122.38632,37.77935],[-122.38631,37.77936],[-122.38632,37.77945],[-122.3863,37.77945],[-122.3863,37.77936],[-122.38628,37.77935],[-122.38621,37.77936],[-122.3862,37.77937],[-122.38621,37.77945],[-122.38619,37.77945],[-122.38619,37.77937],[-122.38618,37.77936],[-122.38611,37.77936],[-122.3861,37.77937],[-122.38611,37.77946],[-122.3861,37.77946],[-122.38609,37.77937],[-122.38608,37.77937],[-122.38601,37.77937],[-122.386,37.77938],[-122.38601,37.77946],[-122.38599,37.77947],[-122.38599,37.77938],[-122.38598,37.77937],[-122.38591,37.77938],[-122.3859,37.77938],[-122.38591,37.77947],[-122.38589,37.77947],[-122.38589,37.77938],[-122.38587,37.77938],[-122.3858,37.77938],[-122.38579,37.77939],[-122.3858,37.77948],[-122.38578,37.77948],[-122.38578,37.77939],[-122.38577,37.77938],[-122.3857,37.77939],[-122.38569,37.7794],[-122.38569,37.77948],[-122.38568,37.77948],[-122.38568,37.7794],[-122.38566,37.77939],[-122.3856,37.77939],[-122.38559,37.7794],[-122.38559,37.77949],[-122.38558,37.77949],[-122.38557,37.7794],[-122.38556,37.7794],[-122.38549,37.7794],[-122.38548,37.77941],[-122.38549,37.77949],[-122.38548,37.7795],[-122.38547,37.77941],[-122.38546,37.7794],[-122.38539,37.77941],[-122.38538,37.77941],[-122.38539,37.7795],[-122.38537,37.7795],[-122.38537,37.77941],[-122.38536,37.77941],[-122.38529,37.77941],[-122.38528,37.77942],[-122.38528,37.77951],[-122.38527,37.77951],[-122.38526,37.77942],[-122.38525,37.77941],[-122.38519,37.77942],[-122.38518,37.77943],[-122.38519,37.77951],[-122.38517,37.77951],[-122.38517,37.77943],[-122.38516,37.77942],[-122.38509,37.77942],[-122.38508,37.77943],[-122.38508,37.77952],[-122.38507,37.77952],[-122.38506,37.77943],[-122.38505,37.77942],[-122.38498,37.77943],[-122.38498,37.77944],[-122.38498,37.77952],[-122.38497,37.77952],[-122.38496,37.77944],[-122.38495,37.77943],[-122.38488,37.77943],[-122.38487,37.77944],[-122.38488,37.77953],[-122.38486,37.77953],[-122.38486,37.77944],[-122.38485,37.77944],[-122.38477,37.77944],[-122.38477,37.77945],[-122.38477,37.77954],[-122.38475,37.77954],[-122.38473,37.77933],[-122.38476,37.77933],[-122.38476,37.77941],[-122.38477,37.77942],[-122.38485,37.77942],[-122.38486,37.77941],[-122.38485,37.77932],[-122.38486,37.77932],[-122.38487,37.77941],[-122.38488,37.77942],[-122.38495,37.77941],[-122.38496,37.7794],[-122.38495,37.77932],[-122.38497,37.77932],[-122.38497,37.7794],[-122.38498,37.77941],[-122.38505,37.77941],[-122.38506,37.7794],[-122.38506,37.77931],[-122.38507,37.77931],[-122.38508,37.7794],[-122.38509,37.7794],[-122.38515,37.7794],[-122.38516,37.77939],[-122.38516,37.7793],[-122.38517,37.7793],[-122.38518,37.77939],[-122.38519,37.7794],[-122.38525,37.77939],[-122.38526,37.77939],[-122.38525,37.7793],[-122.38527,37.7793],[-122.38527,37.77938],[-122.38528,37.77939],[-122.38535,37.77939],[-122.38536,37.77938],[-122.38536,37.77929],[-122.38537,37.77929],[-122.38538,37.77938],[-122.38539,37.77939],[-122.38546,37.77938],[-122.38547,37.77937],[-122.38546,37.77929],[-122.38548,37.77929],[-122.38548,37.77937],[-122.38549,37.77938],[-122.38556,37.77938],[-122.38557,37.77937],[-122.38557,37.77928],[-122.38558,37.77928],[-122.38559,37.77937],[-122.3856,37.77937],[-122.38566,37.77937],[-122.38567,37.77936],[-122.38567,37.77928],[-122.38568,37.77927],[-122.38569,37.77936],[-122.3857,37.77937],[-122.38577,37.77936],[-122.38578,37.77936],[-122.38577,37.77927],[-122.38578,37.77927],[-122.38579,37.77935],[-122.3858,37.77936],[-122.38587,37.77936],[-122.38588,37.77935],[-122.38588,37.77926],[-122.38589,37.77926],[-122.3859,37.77935],[-122.38591,37.77936],[-122.38598,37.77935],[-122.38599,37.77934],[-122.38598,37.77926],[-122.38599,37.77926],[-122.386,37.77934],[-122.38601,37.77935],[-122.38608,37.77935],[-122.38609,37.77934],[-122.38608,37.77925],[-122.3861,37.77925],[-122.3861,37.77934],[-122.38611,37.77934],[-122.38618,37.77934],[-122.38618,37.77933],[-122.38618,37.77925],[-122.38619,37.77925],[-122.3862,37.77933],[-122.38621,37.77934],[-122.38628,37.77933],[-122.38629,37.77933],[-122.38629,37.77924],[-122.3863,37.77924],[-122.38631,37.77932],[-122.38632,37.77933],[-122.38638,37.77933],[-122.38639,37.77932],[-122.38639,37.77923],[-122.3864,37.77923],[-122.3864,37.77932],[-122.38642,37.77933],[-122.38649,37.77932],[-122.38649,37.77931],[-122.38649,37.77923],[-122.3865,37.77923],[-122.38651,37.77931],[-122.38652,37.77932],[-122.38659,37.77932],[-122.3866,37.77931],[-122.38659,37.77922],[-122.38661,37.77922],[-122.38661,37.77931],[-122.38662,37.77931],[-122.38669,37.77931],[-122.3867,37.7793],[-122.3867,37.77922],[-122.38671,37.77922],[-122.38671,37.7793],[-122.38673,37.77931],[-122.38679,37.7793],[-122.3868,37.7793],[-122.3868,37.77921],[-122.38681,37.77921],[-122.38682,37.7793],[-122.38683,37.7793],[-122.3869,37.7793],[-122.38691,37.77929],[-122.3869,37.7792],[-122.38691,37.7792],[-122.38692,37.77929],[-122.38693,37.7793],[-122.38699,37.77929],[-122.387,37.77928],[-122.387,37.7792],[-122.38701,37.7792],[-122.38702,37.77928],[-122.38703,37.77929],[-122.3871,37.77929],[-122.38711,37.77928],[-122.3871,37.77919],[-122.38711,37.77919],[-122.38712,37.77928],[-122.38713,37.77929],[-122.3872,37.77928],[-122.38721,37.77927],[-122.3872,37.7792],[-122.38722,37.7792],[-122.38722,37.77927],[-122.38723,37.77928],[-122.3873,37.77928],[-122.38731,37.77927],[-122.38731,37.77919],[-122.38732,37.77919],[-122.38733,37.77927],[-122.38734,37.77927],[-122.38742,37.77927],[-122.38742,37.77926],[-122.3874,37.77894],[-122.38738,37.77893],[-122.38732,37.77894],[-122.38731,37.77895],[-122.38731,37.77901],[-122.3873,37.77901],[-122.38729,37.77895],[-122.38728,37.77894],[-122.38722,37.77894],[-122.38721,37.77895],[-122.38721,37.77901],[-122.3872,37.77901],[-122.3872,37.77895],[-122.38718,37.77894],[-122.38712,37.77895],[-122.38711,37.77896],[-122.38712,37.77903],[-122.38711,37.77903],[-122.3871,37.77896],[-122.38709,37.77895],[-122.38703,37.77895],[-122.38702,37.77896],[-122.38702,37.77903],[-122.38701,37.77903],[-122.387,37.77896],[-122.38699,37.77896],[-122.38693,37.77896],[-122.38692,37.77897],[-122.38693,37.77904],[-122.38691,37.77904],[-122.38691,37.77897],[-122.3869,37.77896],[-122.38684,37.77896],[-122.38683,37.77897],[-122.38683,37.77904],[-122.38682,37.77904],[-122.38681,37.77897],[-122.3868,37.77897],[-122.38674,37.77897],[-122.38673,37.77898],[-122.38673,37.77905],[-122.38672,37.77905],[-122.38671,37.77898],[-122.3867,37.77897],[-122.38664,37.77898],[-122.38663,37.77898],[-122.38663,37.77905],[-122.38662,37.77906],[-122.38661,37.77898],[-122.3866,37.77898],[-122.38655,37.77898],[-122.38654,37.77899],[-122.38655,37.77906],[-122.38653,37.77906],[-122.38653,37.77899],[-122.38652,37.77898],[-122.38645,37.77899],[-122.38644,37.77899],[-122.38645,37.77907],[-122.38643,37.77907],[-122.38643,37.779],[-122.38642,37.77899],[-122.38636,37.77899],[-122.38635,37.779],[-122.38635,37.77907],[-122.38634,37.77907],[-122.38633,37.779],[-122.38632,37.77899],[-122.38626,37.779],[-122.38625,37.77901],[-122.38625,37.77908],[-122.38624,37.77908],[-122.38623,37.77901],[-122.38622,37.779],[-122.38616,37.779],[-122.38615,37.77901],[-122.38616,37.77908],[-122.38615,37.77908],[-122.38614,37.77901],[-122.38613,37.779],[-122.38607,37.77901],[-122.38606,37.77902],[-122.38606,37.77909],[-122.38605,37.77909],[-122.38604,37.77902],[-122.38603,37.77901],[-122.38596,37.77901],[-122.38595,37.77902],[-122.38596,37.77909],[-122.38594,37.77909],[-122.38594,37.77902],[-122.38593,37.77902],[-122.38587,37.77902],[-122.38586,37.77903],[-122.38586,37.7791],[-122.38585,37.7791],[-122.38584,37.77903],[-122.38583,37.77902],[-122.38577,37.77903],[-122.38576,37.77903],[-122.38576,37.7791],[-122.38575,37.77911],[-122.38574,37.77903],[-122.38573,37.77903],[-122.38567,37.77903],[-122.38567,37.77904],[-122.38567,37.77911],[-122.38566,37.77911],[-122.38565,37.77904],[-122.38564,37.77903],[-122.38558,37.77904],[-122.38557,37.77904],[-122.38557,37.77912],[-122.38556,37.77912],[-122.38555,37.77905],[-122.38554,37.77904],[-122.38548,37.77904],[-122.38547,37.77905],[-122.38548,37.77912],[-122.38546,37.77912],[-122.38546,37.77905],[-122.38545,37.77904],[-122.38539,37.77905],[-122.38538,37.77906],[-122.38538,37.77913],[-122.38537,37.77913],[-122.38536,37.77906],[-122.38535,37.77905],[-122.38529,37.77905],[-122.38528,37.77906],[-122.38528,37.77913],[-122.38527,37.77913],[-122.38526,37.77906],[-122.38525,37.77905],[-122.38519,37.77906],[-122.38519,37.77907],[-122.38519,37.77914],[-122.38518,37.77914],[-122.38517,37.77907],[-122.38516,37.77906],[-122.38509,37.77906],[-122.38508,37.77907],[-122.38509,37.77914],[-122.38508,37.77914],[-122.38507,37.77907],[-122.38506,37.77907],[-122.385,37.77907],[-122.38499,37.77908],[-122.385,37.77915],[-122.38498,37.77915],[-122.38498,37.77908],[-122.38497,37.77907],[-122.38491,37.77907],[-122.3849,37.77908],[-122.3849,37.77915],[-122.38489,37.77915],[-122.38488,37.77908],[-122.38487,37.77908],[-122.38481,37.77908],[-122.3848,37.77909],[-122.3848,37.77916],[-122.38478,37.77916],[-122.38477,37.77898],[-122.38479,37.77898],[-122.38479,37.77905],[-122.3848,37.77906],[-122.38487,37.77906],[-122.38488,37.77905],[-122.38487,37.77897],[-122.38489,37.77897],[-122.38489,37.77905],[-122.38491,37.77905],[-122.38497,37.77905],[-122.38498,37.77904],[-122.38497,37.77897],[-122.38498,37.77897],[-122.38499,37.77904],[-122.385,37.77905],[-122.38506,37.77905],[-122.38507,37.77904],[-122.38506,37.77896],[-122.38508,37.77896],[-122.38508,37.77904],[-122.38509,37.77904],[-122.38516,37.77904],[-122.38517,37.77903],[-122.38516,37.77896],[-122.38518,37.77896],[-122.38518,37.77903],[-122.38519,37.77904],[-122.38525,37.77904],[-122.38526,37.77903],[-122.38525,37.77895],[-122.38527,37.77895],[-122.38527,37.77903],[-122.38528,37.77903],[-122.38535,37.77903],[-122.38536,37.77902],[-122.38535,37.77895],[-122.38537,37.77894],[-122.38537,37.77902],[-122.38538,37.77903],[-122.38544,37.77902],[-122.38545,37.77902],[-122.38545,37.77894],[-122.38546,37.77894],[-122.38547,37.77901],[-122.38548,37.77902],[-122.38554,37.77902],[-122.38555,37.77901],[-122.38555,37.77893],[-122.38556,37.77893],[-122.38557,37.77901],[-122.38558,37.77902],[-122.38564,37.77901],[-122.38565,37.779],[-122.38564,37.77893],[-122.38566,37.77893],[-122.38566,37.779],[-122.38567,37.77901],[-122.38573,37.77901],[-122.38574,37.779],[-122.38574,37.77892],[-122.38575,37.77892],[-122.38576,37.779],[-122.38577,37.77901],[-122.38583,37.779],[-122.38584,37.77899],[-122.38583,37.77892],[-122.38585,37.77892],[-122.38585,37.77899],[-122.38586,37.779],[-122.38593,37.779],[-122.38594,37.77899],[-122.38593,37.77891],[-122.38594,37.77891],[-122.38595,37.77899],[-122.38596,37.77899],[-122.38603,37.77899],[-122.38604,37.77898],[-122.38603,37.77891],[-122.38605,37.77891],[-122.38605,37.77898],[-122.38607,37.77899],[-122.38613,37.77899],[-122.38614,37.77898],[-122.38613,37.7789],[-122.38615,37.7789],[-122.38615,37.77898],[-122.38616,37.77898],[-122.38622,37.77898],[-122.38623,37.77897],[-122.38622,37.7789],[-122.38624,37.77889],[-122.38624,37.77897],[-122.38625,37.77898],[-122.38632,37.77897],[-122.38633,37.77897],[-122.38632,37.77889],[-122.38634,37.77889],[-122.38634,37.77896],[-122.38635,37.77897],[-122.38641,37.77897],[-122.38642,37.77896],[-122.38642,37.77888],[-122.38643,37.77888],[-122.38644,37.77896],[-122.38645,37.77897],[-122.38651,37.77896],[-122.38652,37.77895],[-122.38652,37.77888],[-122.38653,37.77888],[-122.38654,37.77895],[-122.38655,37.77896],[-122.3866,37.77896],[-122.38661,37.77895],[-122.38661,37.77887],[-122.38662,37.77887],[-122.38663,37.77895],[-122.38664,37.77896],[-122.3867,37.77895],[-122.38671,37.77894],[-122.3867,37.77887],[-122.38672,37.77887],[-122.38672,37.77894],[-122.38673,37.77895],[-122.3868,37.77895],[-122.38681,37.77894],[-122.3868,37.77886],[-122.38682,37.77886],[-122.38682,37.77894],[-122.38683,37.77894],[-122.38689,37.77894],[-122.3869,37.77893],[-122.3869,37.77886],[-122.38691,37.77886],[-122.38692,37.77893],[-122.38693,37.77894],[-122.38699,37.77894],[-122.387,37.77893],[-122.38699,37.77885],[-122.38701,37.77885],[-122.38701,37.77893],[-122.38702,37.77893],[-122.38709,37.77893],[-122.3871,37.77892],[-122.38709,37.77885],[-122.3871,37.77885],[-122.38711,37.77892],[-122.38712,37.77893],[-122.38718,37.77892],[-122.38719,37.77892],[-122.38719,37.77885],[-122.3872,37.77885],[-122.38721,37.77892],[-122.38722,37.77892],[-122.38728,37.77892],[-122.38729,37.77891],[-122.38728,37.77884],[-122.3873,37.77884],[-122.3873,37.77891],[-122.38731,37.77892],[-122.38738,37.77891],[-122.38739,37.7789],[-122.38736,37.77861],[-122.38735,37.77861],[-122.38729,37.77861],[-122.38728,37.77862],[-122.38728,37.77868],[-122.38727,37.77868],[-122.38726,37.77862],[-122.38725,37.77861],[-122.38719,37.77861],[-122.38718,37.77862],[-122.38718,37.77869],[-122.38717,37.77869],[-122.38716,37.77862],[-122.38715,37.77862],[-122.38709,37.77862],[-122.38708,37.77863],[-122.38709,37.7787],[-122.38708,37.7787],[-122.38707,37.77863],[-122.38706,37.77862],[-122.38699,37.77863],[-122.38699,37.77863],[-122.38699,37.77871],[-122.38698,37.77871],[-122.38697,37.77864],[-122.38696,37.77863],[-122.3869,37.77863],[-122.38689,37.77864],[-122.3869,37.77871],[-122.38688,37.77871],[-122.38688,37.77864],[-122.38687,37.77863],[-122.3868,37.77864],[-122.38679,37.77865],[-122.3868,37.77872],[-122.38678,37.77872],[-122.38678,37.77865],[-122.38676,37.77864],[-122.38671,37.77864],[-122.3867,37.77865],[-122.3867,37.77872],[-122.38669,37.77873],[-122.38668,37.77865],[-122.38667,37.77864],[-122.38661,37.77865],[-122.3866,37.77866],[-122.38661,37.77873],[-122.3866,37.77873],[-122.38659,37.77866],[-122.38658,37.77865],[-122.38651,37.77865],[-122.3865,37.77866],[-122.38651,37.77874],[-122.38649,37.77874],[-122.38649,37.77866],[-122.38648,37.77866],[-122.38642,37.77866],[-122.38641,37.77867],[-122.38641,37.77874],[-122.3864,37.77874],[-122.38639,37.77867],[-122.38638,37.77866],[-122.38632,37.77866],[-122.38631,37.77867],[-122.38631,37.77875],[-122.3863,37.77875],[-122.38629,37.77867],[-122.38628,37.77867],[-122.38622,37.77867],[-122.38621,37.77868],[-122.38622,37.77875],[-122.3862,37.77875],[-122.3862,37.77868],[-122.38619,37.77867],[-122.38613,37.77868],[-122.38612,37.77868],[-122.38612,37.77876],[-122.38611,37.77876],[-122.3861,37.77869],[-122.38609,37.77868],[-122.38603,37.77868],[-122.38602,37.77869],[-122.38602,37.77876],[-122.38601,37.77876],[-122.386,37.77869],[-122.38599,37.77868],[-122.38593,37.77869],[-122.38592,37.7787],[-122.38593,37.77877],[-122.38592,37.77877],[-122.38591,37.7787],[-122.3859,37.77869],[-122.38583,37.77869],[-122.38582,37.7787],[-122.38583,37.77877],[-122.38582,37.77878],[-122.38581,37.7787],[-122.3858,37.77869],[-122.38574,37.7787],[-122.38573,37.77871],[-122.38574,37.77878],[-122.38572,37.77878],[-122.38572,37.77871],[-122.38571,37.7787],[-122.38564,37.7787],[-122.38563,37.77871],[-122.38564,37.77879],[-122.38563,37.77879],[-122.38562,37.77871],[-122.38561,37.77871],[-122.38555,37.77871],[-122.38554,37.77872],[-122.38555,37.77879],[-122.38553,37.77879],[-122.38553,37.77872],[-122.38552,37.77871],[-122.38545,37.77871],[-122.38544,37.77872],[-122.38545,37.7788],[-122.38543,37.7788],[-122.38543,37.77872],[-122.38542,37.77872],[-122.38535,37.77872],[-122.38535,37.77873],[-122.38535,37.7788],[-122.38534,37.7788],[-122.38533,37.77873],[-122.38532,37.77872],[-122.38526,37.77873],[-122.38525,37.77873],[-122.38525,37.77881],[-122.38524,37.77881],[-122.38523,37.77874],[-122.38522,37.77873],[-122.38516,37.77873],[-122.38515,37.77874],[-122.38515,37.77881],[-122.38513,37.77882],[-122.38511,37.77863],[-122.38514,37.77863],[-122.38514,37.77871],[-122.38516,37.77871],[-122.38522,37.77871],[-122.38523,37.7787],[-122.38523,37.77863],[-122.38524,37.77863],[-122.38525,37.7787],[-122.38526,37.77871],[-122.38532,37.7787],[-122.38533,37.77869],[-122.38532,37.77862],[-122.38534,37.77862],[-122.38534,37.77869],[-122.38535,37.7787],[-122.38542,37.7787],[-122.38543,37.77869],[-122.38542,37.77862],[-122.38543,37.77862],[-122.38544,37.77869],[-122.38545,37.7787],[-122.38551,37.77869],[-122.38552,37.77868],[-122.38552,37.77861],[-122.38553,37.77861],[-122.38554,37.77868],[-122.38555,37.77869],[-122.38561,37.77869],[-122.38562,37.77868],[-122.38561,37.77861],[-122.38562,37.7786],[-122.38563,37.77868],[-122.38564,37.77868],[-122.38571,37.77868],[-122.38571,37.77867],[-122.38571,37.7786],[-122.38572,37.7786],[-122.38573,37.77867],[-122.38574,37.77868],[-122.3858,37.77868],[-122.38581,37.77867],[-122.3858,37.77859],[-122.38582,37.77859],[-122.38582,37.77867],[-122.38583,37.77867],[-122.3859,37.77867],[-122.38591,37.77866],[-122.3859,37.77859],[-122.38591,37.77859],[-122.38592,37.77866],[-122.38593,37.77867],[-122.38599,37.77866],[-122.386,37.77866],[-122.386,37.77858],[-122.38601,37.77858],[-122.38602,37.77865],[-122.38603,37.77866],[-122.38609,37.77866],[-122.3861,37.77865],[-122.38609,37.77858],[-122.38611,37.77858],[-122.38611,37.77865],[-122.38612,37.77866],[-122.38618,37.77865],[-122.38619,37.77864],[-122.38619,37.77857],[-122.3862,37.77857],[-122.38621,37.77865],[-122.38628,37.77865],[-122.38629,37.77864],[-122.38628,37.77857],[-122.3863,37.77857],[-122.3863,37.77864],[-122.38632,37.77865],[-122.38638,37.77864],[-122.38639,37.77863],[-122.38638,37.77856],[-122.3864,37.77856],[-122.3864,37.77863],[-122.38642,37.77864],[-122.38647,37.77864],[-122.38648,37.77863],[-122.38648,37.77856],[-122.38649,37.77855],[-122.3865,37.77863],[-122.38651,37.77863],[-122.38658,37.77863],[-122.38659,37.77862],[-122.38658,37.77855],[-122.38659,37.77855],[-122.3866,37.77862],[-122.38661,37.77863],[-122.38667,37.77863],[-122.38668,37.77862],[-122.38667,37.77854],[-122.38669,37.77854],[-122.38669,37.77862],[-122.38671,37.77862],[-122.38676,37.77862],[-122.38677,37.77861],[-122.38677,37.77854],[-122.38678,37.77854],[-122.38679,37.77861],[-122.3868,37.77862],[-122.38686,37.77861],[-122.38687,37.77861],[-122.38687,37.77853],[-122.38688,37.77853],[-122.38689,37.7786],[-122.3869,37.77861],[-122.38696,37.77861],[-122.38697,37.7786],[-122.38696,37.77853],[-122.38698,37.77853],[-122.38698,37.7786],[-122.38699,37.77861],[-122.38706,37.7786],[-122.38707,37.77859],[-122.38706,37.77852],[-122.38707,37.77852],[-122.38708,37.77859],[-122.38709,37.7786],[-122.38715,37.7786],[-122.38716,37.77859],[-122.38715,37.77853],[-122.38717,37.77853],[-122.38717,37.77859],[-122.38718,37.7786],[-122.38725,37.77859],[-122.38726,37.77858],[-122.38725,37.77852],[-122.38727,37.77852],[-122.38727,37.77858],[-122.38728,37.77859],[-122.38735,37.77859],[-122.38736,37.77858],[-122.38734,37.77836],[-122.38534,37.77848],[-122.38529,37.77845],[-122.38533,37.77841],[-122.38537,37.77844],[-122.38751,37.77832],[-122.38751,37.77834],[-122.38769,37.77834],[-122.38762,37.77821],[-122.39041,37.77714],[-122.39035,37.77709],[-122.38986,37.7765],[-122.38981,37.7765],[-122.38982,37.77659],[-122.38768,37.77672],[-122.38763,37.77675],[-122.38762,37.77675],[-122.38762,37.77675],[-122.38761,37.77675],[-122.38761,37.77675],[-122.3876,37.77675],[-122.3876,37.77675],[-122.38759,37.77675],[-122.38758,37.77675],[-122.38758,37.77675],[-122.38757,37.77675],[-122.38757,37.77675],[-122.38756,37.77675],[-122.38756,37.77674],[-122.38755,37.77674],[-122.38755,37.77674],[-122.38754,37.77674],[-122.38754,37.77674],[-122.38753,37.77674],[-122.38753,37.77674],[-122.38752,37.77674],[-122.38752,37.77674],[-122.38751,37.77674],[-122.38751,37.77673],[-122.3875,37.77673],[-122.38749,37.77673],[-122.38749,37.77673],[-122.38748,37.77673],[-122.38748,37.77673],[-122.38748,37.77672],[-122.38747,37.77672],[-122.38747,37.77672],[-122.38746,37.77672],[-122.38746,37.77672],[-122.38745,37.77671],[-122.38745,37.77671],[-122.38744,37.77671],[-122.38744,37.77671],[-122.38743,37.7767],[-122.38743,37.7767],[-122.38742,37.7767],[-122.38742,37.7767],[-122.38742,37.77669],[-122.38741,37.77669],[-122.38741,37.77669],[-122.3874,37.77669],[-122.3874,37.77668],[-122.3874,37.77668],[-122.38739,37.77668],[-122.38739,37.77667],[-122.38738,37.77667],[-122.38738,37.77667],[-122.38738,37.77666],[-122.38737,37.77666],[-122.38737,37.77666],[-122.38737,37.77665],[-122.38736,37.77665],[-122.38736,37.77665],[-122.38736,37.77664],[-122.38735,37.77664],[-122.38735,37.77664],[-122.38735,37.77663],[-122.38734,37.77663],[-122.38734,37.77663],[-122.38734,37.77662],[-122.38734,37.77662],[-122.38733,37.77661],[-122.38733,37.77661],[-122.38733,37.77661],[-122.38733,37.7766],[-122.38732,37.7766],[-122.38732,37.77659],[-122.38732,37.77659],[-122.38732,37.77659],[-122.38732,37.77658],[-122.38731,37.77658],[-122.38731,37.77657],[-122.38731,37.77657],[-122.38731,37.77657],[-122.38731,37.77656],[-122.38731,37.77656],[-122.38731,37.77655],[-122.38731,37.77655],[-122.3873,37.77655],[-122.3873,37.77654],[-122.3873,37.77654],[-122.3873,37.77653],[-122.3873,37.77653],[-122.3873,37.77652],[-122.3873,37.77652],[-122.3873,37.77652],[-122.3873,37.77651],[-122.3873,37.77651],[-122.3873,37.7765],[-122.3873,37.7765],[-122.3873,37.77649],[-122.3873,37.77649],[-122.3873,37.77649],[-122.3873,37.77648],[-122.3873,37.77648],[-122.38731,37.77632],[-122.3871,37.77633],[-122.38708,37.7761],[-122.38503,37.77634],[-122.38503,37.77634],[-122.38503,37.77634],[-122.38503,37.77634],[-122.38503,37.77634],[-122.38503,37.77634],[-122.38503,37.77634],[-122.38503,37.77634],[-122.38503,37.77634],[-122.38503,37.77634],[-122.38503,37.77634],[-122.38502,37.77634],[-122.38502,37.77634],[-122.38502,37.77634],[-122.38502,37.77634],[-122.38502,37.77634],[-122.38502,37.77634],[-122.38502,37.77634],[-122.38502,37.77634],[-122.38502,37.77633],[-122.38502,37.77633],[-122.38502,37.77633],[-122.38502,37.77633],[-122.38502,37.77633],[-122.38502,37.77633],[-122.38501,37.77633],[-122.38501,37.77633],[-122.38501,37.77633],[-122.38501,37.77633],[-122.38501,37.77633],[-122.38501,37.77633],[-122.38501,37.77633],[-122.38501,37.77633],[-122.38501,37.77633],[-122.38501,37.77633],[-122.38501,37.77633],[-122.38501,37.77633],[-122.38501,37.77633],[-122.38501,37.77633],[-122.38501,37.77633],[-122.385,37.77633],[-122.385,37.77633],[-122.385,37.77633],[-122.385,37.77633],[-122.385,37.77633],[-122.385,37.77633],[-122.385,37.77633],[-122.385,37.77633],[-122.385,37.77633],[-122.385,37.77633],[-122.385,37.77633],[-122.385,37.77633],[-122.385,37.77633],[-122.385,37.77633],[-122.385,37.77633],[-122.385,37.77632],[-122.385,37.77632],[-122.385,37.77632],[-122.38499,37.77632],[-122.38499,37.77632],[-122.38499,37.77632],[-122.38499,37.77632],[-122.38499,37.77632],[-122.38499,37.77632],[-122.38499,37.77632],[-122.38499,37.77632],[-122.38499,37.77632],[-122.38499,37.77632],[-122.38499,37.77632],[-122.38499,37.77632],[-122.38499,37.77632],[-122.38499,37.77632],[-122.38499,37.77632],[-122.38499,37.77632],[-122.38499,37.77632],[-122.38499,37.77632],[-122.38499,37.77631],[-122.38499,37.77631],[-122.38499,37.77631],[-122.38499,37.77631],[-122.38499,37.77631],[-122.38499,37.77631],[-122.38499,37.77631],[-122.38499,37.77631],[-122.38499,37.77631],[-122.38499,37.77631],[-122.38499,37.77631],[-122.38499,37.77631],[-122.38499,37.77631],[-122.38503,37.77628],[-122.38483,37.77539],[-122.38488,37.77539],[-122.38488,37.77533],[-122.387,37.77508],[-122.38692,37.77433],[-122.38181,37.77462],[-122.38146,37.77192],[-122.38467,37.77334],[-122.38468,37.77334],[-122.38468,37.77335],[-122.38469,37.77335],[-122.3847,37.77335],[-122.3847,37.77335],[-122.38471,37.77335],[-122.38471,37.77336],[-122.38472,37.77336],[-122.38472,37.77336],[-122.38473,37.77336],[-122.38473,37.77336],[-122.38474,37.77336],[-122.38475,37.77337],[-122.38475,37.77337],[-122.38476,37.77337],[-122.38476,37.77337],[-122.38477,37.77337],[-122.38478,37.77337],[-122.38478,37.77337],[-122.38479,37.77337],[-122.38479,37.77337],[-122.3848,37.77337],[-122.38481,37.77337],[-122.38481,37.77338],[-122.38482,37.77338],[-122.38482,37.77338],[-122.38483,37.77338],[-122.38484,37.77338],[-122.38484,37.77338],[-122.38485,37.77338],[-122.38485,37.77338],[-122.38486,37.77338],[-122.38487,37.77338],[-122.38676,37.77327],[-122.38658,37.77285],[-122.38658,37.77285],[-122.38657,37.77285],[-122.38657,37.77285],[-122.38657,37.77285],[-122.38657,37.77285],[-122.38657,37.77285],[-122.38657,37.77285],[-122.38657,37.77285],[-122.38657,37.77284],[-122.38657,37.77284],[-122.38657,37.77284],[-122.38657,37.77284],[-122.38657,37.77284],[-122.38657,37.77284],[-122.38657,37.77284],[-122.38657,37.77284],[-122.38657,37.77284],[-122.38657,37.77284],[-122.38657,37.77284],[-122.38657,37.77284],[-122.38657,37.77284],[-122.38657,37.77284],[-122.38657,37.77283],[-122.38657,37.77283],[-122.38657,37.77283],[-122.38657,37.77283],[-122.38657,37.77283],[-122.38657,37.77283],[-122.38657,37.77283],[-122.38657,37.77283],[-122.38657,37.77283],[-122.38657,37.77283],[-122.38657,37.77283],[-122.38657,37.77283],[-122.38658,37.77283],[-122.38658,37.77283],[-122.38658,37.77282],[-122.38658,37.77282],[-122.38658,37.77282],[-122.38658,37.77282],[-122.38658,37.77282],[-122.38658,37.77282],[-122.38658,37.77282],[-122.38658,37.77282],[-122.38658,37.77282],[-122.38658,37.77282],[-122.38658,37.77282],[-122.38658,37.77282],[-122.38658,37.77282],[-122.38658,37.77282],[-122.38658,37.77282],[-122.38658,37.77281],[-122.38658,37.77281],[-122.38658,37.77281],[-122.38658,37.77281],[-122.38658,37.77281],[-122.38658,37.77281],[-122.38658,37.77281],[-122.38659,37.77281],[-122.38659,37.77281],[-122.38659,37.77281],[-122.38659,37.77281],[-122.38659,37.77281],[-122.38659,37.77281],[-122.38659,37.77281],[-122.38659,37.77281],[-122.38659,37.77281],[-122.38659,37.77281],[-122.38659,37.77281],[-122.38659,37.77281],[-122.38659,37.77281],[-122.38659,37.7728],[-122.38659,37.7728],[-122.3866,37.7728],[-122.3866,37.7728],[-122.3866,37.7728],[-122.3866,37.7728],[-122.3866,37.7728],[-122.3866,37.7728],[-122.3866,37.7728],[-122.3866,37.7728],[-122.3866,37.7728],[-122.3866,37.7728],[-122.3866,37.7728],[-122.3866,37.7728],[-122.3866,37.7728],[-122.38661,37.7728],[-122.38661,37.7728],[-122.38672,37.77277],[-122.38671,37.77276],[-122.38671,37.77276],[-122.38671,37.77275],[-122.3867,37.77274],[-122.3867,37.77274],[-122.3867,37.77273],[-122.3867,37.77273],[-122.3867,37.77272],[-122.38669,37.77271],[-122.38669,37.77271],[-122.38669,37.7727],[-122.38669,37.77269],[-122.38669,37.77269],[-122.38669,37.77268],[-122.38669,37.77268],[-122.38669,37.77267],[-122.38668,37.77266],[-122.38668,37.77266],[-122.38668,37.77265],[-122.38668,37.77264],[-122.38668,37.77264],[-122.38668,37.77263],[-122.38668,37.77262],[-122.38668,37.77262],[-122.38668,37.77261],[-122.38668,37.77261],[-122.38669,37.7726],[-122.38669,37.77259],[-122.38669,37.77259],[-122.38669,37.77258],[-122.38666,37.77249],[-122.38666,37.77249],[-122.38666,37.77249],[-122.38666,37.77249],[-122.38666,37.77249],[-122.38666,37.77249],[-122.38666,37.77249],[-122.38666,37.77249],[-122.38666,37.77249],[-122.38666,37.77249],[-122.38666,37.77249],[-122.38666,37.77249],[-122.38666,37.77249],[-122.38666,37.77249],[-122.38666,37.77249],[-122.38666,37.77249],[-122.38666,37.77248],[-122.38666,37.77248],[-122.38666,37.77248],[-122.38666,37.77248],[-122.38666,37.77248],[-122.38666,37.77248],[-122.38666,37.77248],[-122.38666,37.77248],[-122.38666,37.77248],[-122.38666,37.77248],[-122.38666,37.77248],[-122.38666,37.77248],[-122.38666,37.77248],[-122.38666,37.77248],[-122.38666,37.77248],[-122.38666,37.77248],[-122.38666,37.77247],[-122.38666,37.77247],[-122.38666,37.77247],[-122.38666,37.77247],[-122.38666,37.77247],[-122.38666,37.77247],[-122.38666,37.77247],[-122.38666,37.77247],[-122.38666,37.77247],[-122.38666,37.77247],[-122.38666,37.77247],[-122.38666,37.77247],[-122.38666,37.77247],[-122.38666,37.77247],[-122.38666,37.77247],[-122.38666,37.77247],[-122.38666,37.77247],[-122.38666,37.77246],[-122.38666,37.77246],[-122.38666,37.77246],[-122.38666,37.77246],[-122.38667,37.77246],[-122.38667,37.77246],[-122.38667,37.77246],[-122.38667,37.77246],[-122.38667,37.77246],[-122.38667,37.77246],[-122.38667,37.77246],[-122.38667,37.77246],[-122.38667,37.77246],[-122.38667,37.77246],[-122.38667,37.77246],[-122.38667,37.77246],[-122.38667,37.77246],[-122.38667,37.77246],[-122.38667,37.77246],[-122.38667,37.77246],[-122.38667,37.77245],[-122.38667,37.77245],[-122.38667,37.77245],[-122.38667,37.77245],[-122.38668,37.77245],[-122.38668,37.77245],[-122.38668,37.77245],[-122.38668,37.77245],[-122.38668,37.77245],[-122.38668,37.77245],[-122.38668,37.77245],[-122.38668,37.77245],[-122.38668,37.77245],[-122.38668,37.77245],[-122.38668,37.77245],[-122.38668,37.77245],[-122.38668,37.77245],[-122.38668,37.77245],[-122.38668,37.77245],[-122.38669,37.77245],[-122.38669,37.77245],[-122.38669,37.77245],[-122.38669,37.77245],[-122.38669,37.77245],[-122.38669,37.77245],[-122.38671,37.77244],[-122.38668,37.77236],[-122.38664,37.77237],[-122.38663,37.77234],[-122.38662,37.77231],[-122.38661,37.77228],[-122.3866,37.77226],[-122.38659,37.77223],[-122.38658,37.7722],[-122.38658,37.77217],[-122.38657,37.77214],[-122.38656,37.77212],[-122.38656,37.77209],[-122.38655,37.77206],[-122.38655,37.77203],[-122.38655,37.772],[-122.38654,37.77198],[-122.38654,37.77195],[-122.38644,37.77194],[-122.38646,37.77168],[-122.38641,37.77168],[-122.38642,37.77163],[-122.38637,37.77163],[-122.38637,37.77159],[-122.38635,37.77159],[-122.38635,37.77156],[-122.38637,37.77156],[-122.38638,37.77146],[-122.38628,37.77145],[-122.38629,37.77141],[-122.38625,37.7714],[-122.38621,37.77139],[-122.38618,37.77134],[-122.38617,37.77134],[-122.38617,37.77134],[-122.38617,37.77134],[-122.38617,37.77134],[-122.38617,37.77134],[-122.38617,37.77134],[-122.38616,37.77134],[-122.38616,37.77134],[-122.38616,37.77134],[-122.38616,37.77134],[-122.38616,37.77134],[-122.38616,37.77134],[-122.38616,37.77134],[-122.38615,37.77134],[-122.38615,37.77134],[-122.38615,37.77134],[-122.38615,37.77134],[-122.38615,37.77134],[-122.38615,37.77134],[-122.38615,37.77134],[-122.38614,37.77134],[-122.38614,37.77134],[-122.38614,37.77134],[-122.38614,37.77134],[-122.38614,37.77134],[-122.38614,37.77134],[-122.38614,37.77134],[-122.38614,37.77134],[-122.38613,37.77134],[-122.38613,37.77133],[-122.38613,37.77133],[-122.38613,37.77133],[-122.38613,37.77133],[-122.38613,37.77133],[-122.38613,37.77133],[-122.38613,37.77133],[-122.38612,37.77133],[-122.38612,37.77133],[-122.38612,37.77133],[-122.38612,37.77133],[-122.38612,37.77133],[-122.38612,37.77133],[-122.38612,37.77133],[-122.38612,37.77133],[-122.38612,37.77132],[-122.38611,37.77132],[-122.38611,37.77132],[-122.38611,37.77132],[-122.38611,37.77132],[-122.38611,37.77132],[-122.38611,37.77132],[-122.38611,37.77132],[-122.38611,37.77132],[-122.38611,37.77132],[-122.38611,37.77132],[-122.3861,37.77131],[-122.3861,37.77131],[-122.3861,37.77131],[-122.3861,37.77131],[-122.3861,37.77131],[-122.3861,37.77131],[-122.3861,37.77131],[-122.3861,37.77131],[-122.3861,37.77131],[-122.3861,37.77131],[-122.3861,37.7713],[-122.3861,37.7713],[-122.3861,37.7713],[-122.3861,37.7713],[-122.3861,37.7713],[-122.38609,37.7713],[-122.38609,37.7713],[-122.38609,37.7713],[-122.38609,37.7713],[-122.38609,37.77129],[-122.38609,37.77129],[-122.38609,37.77129],[-122.38609,37.77129],[-122.38609,37.77129],[-122.38614,37.77127],[-122.38609,37.77118],[-122.38605,37.7712],[-122.38605,37.7712],[-122.38605,37.7712],[-122.38605,37.7712],[-122.38605,37.7712],[-122.38605,37.7712],[-122.38605,37.7712],[-122.38605,37.7712],[-122.38605,37.7712],[-122.38605,37.7712],[-122.38605,37.7712],[-122.38605,37.7712],[-122.38605,37.7712],[-122.38605,37.7712],[-122.38605,37.7712],[-122.38605,37.7712],[-122.38605,37.7712],[-122.38605,37.7712],[-122.38604,37.7712],[-122.38604,37.7712],[-122.38604,37.7712],[-122.38604,37.7712],[-122.38604,37.7712],[-122.38604,37.7712],[-122.38604,37.7712],[-122.38604,37.7712],[-122.38604,37.7712],[-122.38604,37.7712],[-122.38604,37.7712],[-122.38604,37.7712],[-122.38604,37.7712],[-122.38604,37.7712],[-122.38604,37.7712],[-122.38604,37.7712],[-122.38604,37.7712],[-122.38604,37.7712],[-122.38603,37.7712],[-122.38603,37.7712],[-122.38603,37.7712],[-122.38603,37.7712],[-122.38603,37.7712],[-122.38603,37.7712],[-122.38603,37.7712],[-122.38603,37.7712],[-122.38603,37.7712],[-122.38603,37.7712],[-122.38603,37.7712],[-122.38603,37.7712],[-122.38603,37.7712],[-122.38603,37.7712],[-122.38603,37.7712],[-122.38603,37.7712],[-122.38603,37.7712],[-122.38603,37.7712],[-122.38603,37.7712],[-122.38603,37.7712],[-122.38602,37.7712],[-122.38602,37.7712],[-122.38602,37.7712],[-122.38602,37.7712],[-122.38602,37.7712],[-122.38602,37.7712],[-122.38602,37.7712],[-122.38602,37.7712],[-122.38602,37.7712],[-122.38602,37.7712],[-122.38602,37.7712],[-122.38602,37.7712],[-122.38602,37.7712],[-122.38602,37.7712],[-122.38602,37.7712],[-122.38602,37.7712],[-122.38602,37.7712],[-122.38602,37.77119],[-122.38602,37.77119],[-122.38602,37.77119],[-122.38602,37.77119],[-122.38602,37.77119],[-122.38602,37.77119],[-122.38601,37.77119],[-122.38601,37.77119],[-122.38601,37.77119],[-122.38601,37.77119],[-122.38601,37.77119],[-122.38601,37.77119],[-122.38601,37.77119],[-122.38601,37.77119],[-122.38601,37.77119],[-122.38601,37.77119],[-122.38601,37.77119],[-122.38601,37.77119],[-122.38601,37.77119],[-122.38601,37.77119],[-122.38601,37.77119],[-122.38604,37.77117],[-122.3859,37.771],[-122.3859,37.771],[-122.3859,37.771],[-122.3859,37.771],[-122.3859,37.771],[-122.3859,37.771],[-122.3859,37.771],[-122.3859,37.771],[-122.3859,37.771],[-122.38589,37.771],[-122.38589,37.771],[-122.38589,37.77099],[-122.38589,37.77099],[-122.38589,37.77099],[-122.38589,37.77099],[-122.38589,37.77099],[-122.38589,37.77099],[-122.38589,37.77099],[-122.38589,37.77099],[-122.38589,37.77099],[-122.38589,37.77099],[-122.38589,37.77099],[-122.38589,37.77099],[-122.38589,37.77099],[-122.38589,37.77099],[-122.38589,37.77099],[-122.38589,37.77099],[-122.38589,37.77099],[-122.38589,37.77099],[-122.38589,37.77099],[-122.38589,37.77099],[-122.38589,37.77099],[-122.38589,37.77099],[-122.38592,37.77082],[-122.38592,37.77082],[-122.38592,37.77082],[-122.38592,37.77082],[-122.38592,37.77082],[-122.38592,37.77082],[-122.38592,37.77082],[-122.38592,37.77082],[-122.38592,37.77082],[-122.38592,37.77082],[-122.38592,37.77082],[-122.38592,37.77082],[-122.38592,37.77082],[-122.38592,37.77082],[-122.38592,37.77082],[-122.38592,37.77082],[-122.38592,37.77082],[-122.38592,37.77082],[-122.38592,37.77082],[-122.38592,37.77082],[-122.38592,37.77082],[-122.38592,37.77082],[-122.38592,37.77082],[-122.38592,37.77082],[-122.38592,37.77082],[-122.38592,37.77082],[-122.38592,37.77082],[-122.38592,37.77082],[-122.38592,37.77081],[-122.38592,37.77081],[-122.38592,37.77081],[-122.38592,37.77081],[-122.38585,37.77069],[-122.38585,37.77069],[-122.38585,37.77069],[-122.38585,37.77069],[-122.38585,37.77069],[-122.38585,37.77069],[-122.38585,37.77069],[-122.38585,37.77069],[-122.38585,37.77069],[-122.38585,37.77069],[-122.38584,37.77069],[-122.38584,37.77069],[-122.38584,37.77069],[-122.38584,37.77069],[-122.38584,37.77069],[-122.38584,37.77069],[-122.38584,37.77069],[-122.38584,37.77068],[-122.38584,37.77068],[-122.38584,37.77068],[-122.38584,37.77068],[-122.38584,37.77068],[-122.38584,37.77068],[-122.38584,37.77068],[-122.38584,37.77068],[-122.38584,37.77068],[-122.38584,37.77068],[-122.38584,37.77068],[-122.38584,37.77068],[-122.38584,37.77068],[-122.38584,37.77068],[-122.38584,37.77068],[-122.38584,37.77068],[-122.38583,37.77068],[-122.38583,37.77068],[-122.38583,37.77068],[-122.38583,37.77068],[-122.38583,37.77068],[-122.38583,37.77068],[-122.38583,37.77068],[-122.38583,37.77068],[-122.38583,37.77068],[-122.38583,37.77068],[-122.38583,37.77068],[-122.38583,37.77068],[-122.38583,37.77068],[-122.38583,37.77068],[-122.38583,37.77068],[-122.38583,37.77068],[-122.38583,37.77068],[-122.38583,37.77068],[-122.38582,37.77068],[-122.38582,37.77068],[-122.38582,37.77068],[-122.38582,37.77068],[-122.38582,37.77068],[-122.38582,37.77068],[-122.38582,37.77068],[-122.38582,37.77068],[-122.38582,37.77068],[-122.38582,37.77068],[-122.38582,37.77068],[-122.38582,37.77068],[-122.38582,37.77068],[-122.38582,37.77068],[-122.38582,37.77068],[-122.38582,37.77068],[-122.38582,37.77068],[-122.38581,37.77068],[-122.38581,37.77068],[-122.38581,37.77068],[-122.38581,37.77068],[-122.38581,37.77068],[-122.38581,37.77068],[-122.38581,37.77068],[-122.38581,37.77068],[-122.38581,37.77068],[-122.38581,37.77068],[-122.38581,37.77068],[-122.38581,37.77068],[-122.38581,37.77068],[-122.38581,37.77068],[-122.38581,37.77068],[-122.38581,37.77068],[-122.38581,37.77068],[-122.3858,37.77068],[-122.3858,37.77068],[-122.3858,37.77068],[-122.3858,37.77068],[-122.3858,37.77068],[-122.3858,37.77068],[-122.3858,37.77068],[-122.3858,37.77068],[-122.3858,37.77068],[-122.3858,37.77068],[-122.3858,37.77068],[-122.3858,37.77068],[-122.3858,37.77068],[-122.3858,37.77068],[-122.3858,37.77068],[-122.3858,37.77068],[-122.3858,37.77068],[-122.3858,37.77068],[-122.3858,37.77068],[-122.38579,37.77068],[-122.38579,37.77068],[-122.38579,37.77068],[-122.38579,37.77068],[-122.38579,37.77068],[-122.38579,37.77068],[-122.38579,37.77068],[-122.38579,37.77068],[-122.38579,37.77068],[-122.38579,37.77069],[-122.38579,37.77069],[-122.38579,37.77069],[-122.38579,37.77069],[-122.38579,37.77069],[-122.38579,37.77069],[-122.38579,37.77069],[-122.38579,37.77069],[-122.38579,37.77069],[-122.38579,37.77069],[-122.38579,37.77069],[-122.38579,37.77069],[-122.38579,37.77069],[-122.38579,37.77069],[-122.38579,37.77069],[-122.38579,37.77069],[-122.38579,37.77069],[-122.38579,37.77069],[-122.38578,37.77069],[-122.38578,37.77069],[-122.38578,37.77069],[-122.38578,37.77069],[-122.38578,37.77069],[-122.38578,37.77069],[-122.38578,37.77069],[-122.38578,37.7707],[-122.38578,37.7707],[-122.38578,37.7707],[-122.38578,37.7707],[-122.38578,37.7707],[-122.38578,37.7707],[-122.38578,37.7707],[-122.38578,37.7707],[-122.38578,37.7707],[-122.38578,37.7707],[-122.38578,37.7707],[-122.38578,37.7707],[-122.38578,37.7707],[-122.38578,37.7707],[-122.38578,37.7707],[-122.38578,37.7707],[-122.38578,37.7707],[-122.38578,37.7707],[-122.38578,37.7707],[-122.3858,37.77125],[-122.38562,37.77216],[-122.38555,37.77215],[-122.38568,37.77144],[-122.38551,37.77143],[-122.38547,37.77153],[-122.38534,37.77165],[-122.38529,37.77163],[-122.38564,37.77085],[-122.38568,37.77076],[-122.38572,37.77064],[-122.38572,37.77059],[-122.38556,37.77064],[-122.38316,37.76971],[-122.38338,37.76933],[-122.38557,37.77018],[-122.38549,37.76999],[-122.38548,37.76984],[-122.38502,37.76886],[-122.38489,37.76888],[-122.38479,37.76866],[-122.38501,37.76859],[-122.38501,37.76853],[-122.38504,37.7685],[-122.38501,37.76843],[-122.38508,37.76841],[-122.38504,37.76834],[-122.38511,37.76832],[-122.38517,37.7683],[-122.38515,37.76818],[-122.38515,37.76817],[-122.38515,37.76817],[-122.38515,37.76816],[-122.38515,37.76816],[-122.38515,37.76816],[-122.38515,37.76815],[-122.38515,37.76815],[-122.38515,37.76814],[-122.38515,37.76814],[-122.3847,37.76817],[-122.38462,37.76807],[-122.38388,37.76812],[-122.38384,37.76775],[-122.38246,37.76783],[-122.38244,37.76769],[-122.3849,37.76754],[-122.38487,37.76724],[-122.38582,37.76726],[-122.38593,37.76703],[-122.38662,37.76567],[-122.38761,37.76448],[-122.38792,37.76438],[-122.38804,37.76563],[-122.38816,37.76696],[-122.3891,37.7669],[-122.39029,37.76683],[-122.39059,37.76682],[-122.39092,37.76679],[-122.39098,37.76679],[-122.393,37.76667],[-122.39397,37.76661],[-122.39392,37.76607],[-122.39391,37.76592],[-122.39388,37.76561],[-122.39386,37.76546],[-122.39385,37.76531],[-122.39483,37.76525],[-122.39581,37.76519],[-122.39677,37.76513],[-122.39774,37.76507],[-122.3987,37.76501],[-122.39966,37.76496],[-122.40063,37.7649],[-122.4016,37.76484],[-122.40256,37.76478],[-122.40353,37.76472],[-122.4045,37.76466],[-122.40462,37.76596],[-122.40475,37.76726],[-122.40487,37.76853],[-122.40499,37.76971],[-122.40439,37.76975],[-122.40408,37.76997],[-122.40388,37.77006],[-122.40166,37.77182],[-122.39965,37.7734],[-122.39952,37.77351],[-122.39943,37.77357],[-122.40021,37.7742],[-122.40057,37.77448],[-122.40098,37.77481],[-122.40091,37.77486],[-122.39876,37.77657],[-122.39797,37.77594],[-122.39721,37.77533],[-122.39498,37.77709],[-122.39386,37.77798],[-122.39354,37.77823],[-122.39329,37.77843],[-122.39275,37.77885],[-122.39221,37.77928],[-122.39106,37.78018],[-122.39053,37.78061],[-122.38975,37.78122],[-122.38939,37.78151],[-122.38917,37.78165],[-122.389,37.78171],[-122.38876,37.7818],[-122.38834,37.7818],[-122.38831,37.7818],[-122.3881,37.78191],[-122.38807,37.78211],[-122.38807,37.78245],[-122.38763,37.78282],[-122.38755,37.7828],[-122.38754,37.7828],[-122.38753,37.7828],[-122.38752,37.7828],[-122.38752,37.7828],[-122.38751,37.7828],[-122.3875,37.78279],[-122.38749,37.78279],[-122.38748,37.78279],[-122.38747,37.78279],[-122.38746,37.78279],[-122.38745,37.78279],[-122.38744,37.78279],[-122.38743,37.78279],[-122.38742,37.78279],[-122.38741,37.78279],[-122.3874,37.78279],[-122.38739,37.78279],[-122.38738,37.78279],[-122.38737,37.78279],[-122.38736,37.78279],[-122.38735,37.78279],[-122.38624,37.78286],[-122.38475,37.78294],[-122.38475,37.78294],[-122.38475,37.78294],[-122.38475,37.78294],[-122.38475,37.78294],[-122.38475,37.78294],[-122.38473,37.78293],[-122.38473,37.78293],[-122.38473,37.78293],[-122.38473,37.78293],[-122.38473,37.78293]]],[[[-122.38432,37.77893],[-122.38516,37.77816],[-122.38518,37.77818],[-122.38434,37.77894],[-122.38434,37.77895],[-122.38433,37.77895],[-122.38433,37.77895],[-122.38432,37.77896],[-122.38432,37.77896],[-122.38431,37.77897],[-122.38431,37.77897],[-122.38431,37.77898],[-122.3843,37.77898],[-122.3843,37.77898],[-122.3843,37.77899],[-122.38429,37.77899],[-122.38429,37.779],[-122.38429,37.779],[-122.38428,37.77901],[-122.38428,37.77901],[-122.38428,37.77902],[-122.38428,37.77902],[-122.38427,37.77903],[-122.38427,37.77903],[-122.38427,37.77904],[-122.38427,37.77904],[-122.38426,37.77905],[-122.38426,37.77905],[-122.38426,37.77906],[-122.38426,37.77906],[-122.38426,37.77907],[-122.38425,37.77907],[-122.38425,37.77908],[-122.38425,37.77908],[-122.38425,37.77909],[-122.38425,37.77909],[-122.38425,37.7791],[-122.38425,37.77911],[-122.38425,37.77911],[-122.38424,37.77912],[-122.38424,37.77912],[-122.38424,37.77913],[-122.38424,37.77913],[-122.38424,37.77914],[-122.38424,37.77915],[-122.38451,37.78203],[-122.38449,37.78203],[-122.38422,37.77915],[-122.38422,37.77914],[-122.38422,37.77914],[-122.38422,37.77913],[-122.38422,37.77912],[-122.38422,37.77912],[-122.38422,37.77911],[-122.38422,37.77911],[-122.38422,37.7791],[-122.38422,37.7791],[-122.38422,37.77909],[-122.38422,37.77908],[-122.38422,37.77908],[-122.38423,37.77907],[-122.38423,37.77907],[-122.38423,37.77906],[-122.38423,37.77906],[-122.38423,37.77905],[-122.38424,37.77904],[-122.38424,37.77904],[-122.38424,37.77903],[-122.38424,37.77903],[-122.38424,37.77902],[-122.38425,37.77902],[-122.38425,37.77901],[-122.38425,37.77901],[-122.38426,37.779],[-122.38426,37.779],[-122.38426,37.77899],[-122.38427,37.77899],[-122.38427,37.77898],[-122.38427,37.77898],[-122.38428,37.77897],[-122.38428,37.77897],[-122.38429,37.77896],[-122.38429,37.77896],[-122.38429,37.77895],[-122.3843,37.77895],[-122.3843,37.77894],[-122.38431,37.77894],[-122.38431,37.77893],[-122.38432,37.77893]]]]},"properties":{"nhood":"Mission Bay"}},{"type":"Feature","geometry":{"type":"MultiPolygon","coordinates":[[[[-122.41096,37.76943],[-122.41093,37.76941],[-122.41091,37.76943],[-122.41089,37.76945],[-122.40974,37.77035],[-122.40904,37.76979],[-122.40844,37.76932],[-122.40801,37.76924],[-122.4079,37.76934],[-122.40774,37.76947],[-122.40764,37.76954],[-122.40762,37.76956],[-122.40759,37.76959],[-122.407,37.77005],[-122.40621,37.76946],[-122.40594,37.76966],[-122.40584,37.76967],[-122.40559,37.76968],[-122.40541,37.76969],[-122.4052,37.7697],[-122.40499,37.76971],[-122.40487,37.76853],[-122.40475,37.76726],[-122.40462,37.76596],[-122.4045,37.76466],[-122.40484,37.76464],[-122.40509,37.76463],[-122.40506,37.76431],[-122.4051,37.76385],[-122.4052,37.76348],[-122.40526,37.76332],[-122.40532,37.76314],[-122.40538,37.76297],[-122.40565,37.76243],[-122.40593,37.76201],[-122.40602,37.76186],[-122.40615,37.76164],[-122.40628,37.76139],[-122.40648,37.76073],[-122.40649,37.76069],[-122.40649,37.76025],[-122.40639,37.7598],[-122.40626,37.75945],[-122.40624,37.75942],[-122.4061,37.7592],[-122.4059,37.75893],[-122.40554,37.75854],[-122.40505,37.75819],[-122.40484,37.75803],[-122.40444,37.75775],[-122.40417,37.75753],[-122.40377,37.75714],[-122.40369,37.75702],[-122.40354,37.7568],[-122.4034,37.75647],[-122.40331,37.75617],[-122.40325,37.75576],[-122.40313,37.75448],[-122.40301,37.7532],[-122.40298,37.75275],[-122.40301,37.75245],[-122.40317,37.75191],[-122.40322,37.75172],[-122.40326,37.75162],[-122.40336,37.75135],[-122.40338,37.75093],[-122.40331,37.75089],[-122.40351,37.75028],[-122.40374,37.74958],[-122.40378,37.74943],[-122.40431,37.74932],[-122.40478,37.74922],[-122.40481,37.74921],[-122.40481,37.74924],[-122.40489,37.74921],[-122.40502,37.74918],[-122.40509,37.74915],[-122.40524,37.74913],[-122.4055,37.74908],[-122.40568,37.74904],[-122.40631,37.74894],[-122.4065,37.74888],[-122.40673,37.74882],[-122.40676,37.74877],[-122.40689,37.74877],[-122.40715,37.74869],[-122.40777,37.74847],[-122.40788,37.74841],[-122.40807,37.7484],[-122.4086,37.7484],[-122.40871,37.74835],[-122.40885,37.7484],[-122.40955,37.74839],[-122.40965,37.74833],[-122.40975,37.74838],[-122.41045,37.74837],[-122.41055,37.74832],[-122.41065,37.74836],[-122.41135,37.74834],[-122.41148,37.7483],[-122.41163,37.74834],[-122.41259,37.74832],[-122.41354,37.7483],[-122.41367,37.74825],[-122.41382,37.74829],[-122.41483,37.74827],[-122.41492,37.74823],[-122.41503,37.74827],[-122.41573,37.74826],[-122.41586,37.74821],[-122.41601,37.74825],[-122.41805,37.74821],[-122.41822,37.74817],[-122.41836,37.7482],[-122.41917,37.74818],[-122.42014,37.74816],[-122.42028,37.74812],[-122.42047,37.74816],[-122.4213,37.74814],[-122.42139,37.74812],[-122.4223,37.74807],[-122.42249,37.74801],[-122.42288,37.74795],[-122.42458,37.74785],[-122.42477,37.74783],[-122.42486,37.74794],[-122.42492,37.74851],[-122.42485,37.74863],[-122.42477,37.74875],[-122.42483,37.74933],[-122.42492,37.74944],[-122.42485,37.74955],[-122.42487,37.74972],[-122.42491,37.75013],[-122.425,37.75023],[-122.42493,37.75035],[-122.42499,37.75093],[-122.42508,37.75103],[-122.42501,37.75115],[-122.42507,37.75172],[-122.42515,37.75184],[-122.42509,37.75193],[-122.42516,37.75263],[-122.42523,37.75336],[-122.4253,37.75343],[-122.42524,37.75352],[-122.42538,37.75494],[-122.42546,37.75503],[-122.42539,37.75512],[-122.42553,37.75655],[-122.42561,37.75663],[-122.42555,37.75672],[-122.4256,37.75735],[-122.42569,37.75743],[-122.42563,37.75752],[-122.42568,37.75814],[-122.42577,37.75823],[-122.42569,37.75835],[-122.42575,37.75891],[-122.42584,37.75903],[-122.42577,37.75915],[-122.42582,37.75971],[-122.42592,37.75983],[-122.42585,37.75995],[-122.42598,37.76131],[-122.42608,37.76143],[-122.426,37.76155],[-122.42605,37.7621],[-122.42615,37.76216],[-122.42606,37.76222],[-122.4261,37.76263],[-122.42613,37.76291],[-122.42623,37.76303],[-122.42615,37.76315],[-122.42623,37.76392],[-122.42632,37.76397],[-122.42624,37.76406],[-122.42628,37.76451],[-122.42638,37.76465],[-122.42631,37.76479],[-122.4264,37.76571],[-122.42649,37.76577],[-122.42641,37.76584],[-122.42644,37.76618],[-122.42654,37.76627],[-122.42646,37.76636],[-122.42652,37.76701],[-122.42662,37.76707],[-122.42653,37.76713],[-122.4266,37.76776],[-122.42669,37.76787],[-122.42662,37.76799],[-122.42671,37.76898],[-122.42686,37.76904],[-122.42695,37.76918],[-122.42656,37.76948],[-122.42631,37.7696],[-122.42628,37.76968],[-122.42496,37.77073],[-122.42485,37.77075],[-122.42483,37.77083],[-122.42401,37.77147],[-122.42373,37.7717],[-122.42362,37.77172],[-122.4236,37.7718],[-122.42327,37.77206],[-122.42273,37.77248],[-122.42262,37.7725],[-122.4226,37.77259],[-122.42219,37.77291],[-122.42205,37.77302],[-122.42194,37.77304],[-122.42192,37.77312],[-122.42109,37.77377],[-122.42081,37.774],[-122.4207,37.77401],[-122.42067,37.77409],[-122.42039,37.77432],[-122.42025,37.77436],[-122.42023,37.77444],[-122.41936,37.77513],[-122.41926,37.77515],[-122.41917,37.77528],[-122.4187,37.77564],[-122.41866,37.77556],[-122.41751,37.77465],[-122.4171,37.77432],[-122.41658,37.77391],[-122.4161,37.77353],[-122.41556,37.7731],[-122.415,37.77265],[-122.41439,37.77216],[-122.41403,37.77186],[-122.41248,37.77063],[-122.41099,37.76946],[-122.41096,37.76943]]]]},"properties":{"nhood":"Mission"}},{"type":"Feature","geometry":{"type":"MultiPolygon","coordinates":[[[[-122.42649,37.80816],[-122.4265,37.80816],[-122.42649,37.80816],[-122.42649,37.80816]]],[[[-122.42652,37.80815],[-122.42652,37.80815],[-122.42653,37.80829],[-122.42654,37.8083],[-122.42653,37.80829],[-122.42652,37.80815]]],[[[-122.4266,37.80863],[-122.4266,37.80862],[-122.4266,37.80863],[-122.4266,37.80864],[-122.4266,37.80863]]],[[[-122.42662,37.80882],[-122.42664,37.80879],[-122.42664,37.80879],[-122.42662,37.80882],[-122.42662,37.80882]]],[[[-122.42662,37.80891],[-122.42662,37.80889],[-122.42662,37.80891],[-122.42662,37.80891],[-122.42662,37.80891]]],[[[-122.42661,37.80911],[-122.42661,37.8091],[-122.42661,37.80911],[-122.42661,37.80911],[-122.42661,37.80911]]],[[[-122.42654,37.80944],[-122.42654,37.80944],[-122.42654,37.80944],[-122.42653,37.80944],[-122.42654,37.80944]]],[[[-122.42284,37.81026],[-122.42137,37.80916],[-122.42121,37.80919],[-122.42104,37.80896],[-122.42094,37.80897],[-122.42091,37.8088],[-122.42086,37.8088],[-122.42072,37.8089],[-122.42076,37.80908],[-122.42069,37.80908],[-122.42068,37.80902],[-122.42042,37.80902],[-122.42036,37.809],[-122.42038,37.80893],[-122.42067,37.80896],[-122.42064,37.80876],[-122.42054,37.80877],[-122.42046,37.8083],[-122.41922,37.80845],[-122.41921,37.80839],[-122.41909,37.8078],[-122.41891,37.80686],[-122.41878,37.80624],[-122.41872,37.80593],[-122.41838,37.80598],[-122.41723,37.80517],[-122.41689,37.80521],[-122.41682,37.80489],[-122.41605,37.80436],[-122.41545,37.80394],[-122.41488,37.80354],[-122.41372,37.80274],[-122.41291,37.80218],[-122.41285,37.80189],[-122.41275,37.80143],[-122.41266,37.80096],[-122.41253,37.80032],[-122.41247,37.80003],[-122.41242,37.79977],[-122.41241,37.79972],[-122.41228,37.7991],[-122.41294,37.79901],[-122.41393,37.79889],[-122.41457,37.79881],[-122.41557,37.79868],[-122.41722,37.79847],[-122.41703,37.79754],[-122.41694,37.79708],[-122.41693,37.79705],[-122.41684,37.7966],[-122.41682,37.7965],[-122.41674,37.79611],[-122.4167,37.79592],[-122.41665,37.79567],[-122.41647,37.79478],[-122.41629,37.79389],[-122.41611,37.79301],[-122.41644,37.79297],[-122.41776,37.7928],[-122.41886,37.79266],[-122.4194,37.79259],[-122.42105,37.79238],[-122.42269,37.79217],[-122.42282,37.79226],[-122.42296,37.79294],[-122.42287,37.79305],[-122.42299,37.79313],[-122.42313,37.79383],[-122.42305,37.79394],[-122.42317,37.79402],[-122.42331,37.79471],[-122.42323,37.79482],[-122.42335,37.7949],[-122.42349,37.79561],[-122.42341,37.79574],[-122.42354,37.79584],[-122.42369,37.79658],[-122.4236,37.79669],[-122.42373,37.79677],[-122.42381,37.79716],[-122.42388,37.79751],[-122.42379,37.79762],[-122.42391,37.7977],[-122.42407,37.79845],[-122.42398,37.79855],[-122.4241,37.79863],[-122.42425,37.79938],[-122.42417,37.79949],[-122.42429,37.79957],[-122.42444,37.80031],[-122.42436,37.80042],[-122.42448,37.80049],[-122.42462,37.8012],[-122.42454,37.8013],[-122.42467,37.80143],[-122.42482,37.80218],[-122.42473,37.80228],[-122.42485,37.80236],[-122.425,37.80311],[-122.42492,37.80321],[-122.42504,37.80329],[-122.42519,37.80403],[-122.42511,37.80415],[-122.42523,37.80423],[-122.42538,37.80497],[-122.4253,37.80508],[-122.42549,37.80601],[-122.42563,37.80646],[-122.42578,37.80672],[-122.42626,37.80719],[-122.42649,37.80765],[-122.42659,37.80807],[-122.42661,37.80815],[-122.42647,37.80807],[-122.42647,37.80805],[-122.42647,37.80802],[-122.42646,37.80798],[-122.42645,37.80794],[-122.42644,37.8079],[-122.42643,37.80787],[-122.42642,37.80783],[-122.42641,37.8078],[-122.4264,37.80776],[-122.42638,37.80772],[-122.42637,37.80769],[-122.42636,37.80765],[-122.42634,37.80762],[-122.42632,37.80758],[-122.42629,37.80755],[-122.42629,37.80755],[-122.42612,37.80764],[-122.42601,37.80751],[-122.42595,37.80754],[-122.42607,37.80768],[-122.42604,37.80769],[-122.42579,37.80741],[-122.42581,37.80739],[-122.42584,37.80743],[-122.42586,37.80742],[-122.42591,37.80747],[-122.4259,37.80748],[-122.42593,37.80752],[-122.42597,37.8075],[-122.42593,37.80746],[-122.4261,37.80736],[-122.42611,37.80737],[-122.42612,37.80735],[-122.42613,37.80735],[-122.42613,37.80735],[-122.42609,37.80732],[-122.42606,37.80729],[-122.42602,37.80726],[-122.42598,37.80723],[-122.42594,37.8072],[-122.4259,37.80717],[-122.42587,37.80715],[-122.42583,37.80712],[-122.42578,37.80709],[-122.42574,37.80707],[-122.4257,37.80704],[-122.42566,37.80702],[-122.42562,37.807],[-122.42557,37.80697],[-122.42553,37.80695],[-122.42549,37.80693],[-122.42544,37.80691],[-122.4254,37.80689],[-122.42535,37.80687],[-122.42531,37.80685],[-122.42526,37.80683],[-122.42521,37.80681],[-122.42516,37.80679],[-122.42512,37.80677],[-122.42507,37.80676],[-122.42502,37.80674],[-122.42497,37.80673],[-122.42492,37.80671],[-122.42487,37.8067],[-122.4248,37.80668],[-122.42477,37.80667],[-122.42474,37.80667],[-122.42472,37.80666],[-122.42469,37.80665],[-122.42466,37.80665],[-122.42463,37.80664],[-122.4246,37.80664],[-122.42457,37.80663],[-122.42455,37.80663],[-122.42452,37.80662],[-122.42449,37.80662],[-122.42446,37.80662],[-122.42443,37.80661],[-122.4244,37.80661],[-122.42437,37.80661],[-122.42434,37.80661],[-122.42431,37.80661],[-122.42428,37.8066],[-122.42425,37.8066],[-122.42422,37.8066],[-122.42419,37.8066],[-122.42416,37.80661],[-122.42414,37.80661],[-122.42411,37.80661],[-122.42408,37.80661],[-122.42405,37.80661],[-122.42402,37.80662],[-122.42399,37.80662],[-122.42396,37.80662],[-122.42393,37.80663],[-122.4239,37.80663],[-122.42387,37.80664],[-122.42385,37.80664],[-122.42382,37.80665],[-122.42379,37.80665],[-122.42376,37.80666],[-122.42371,37.80667],[-122.42365,37.80669],[-122.42359,37.80672],[-122.42353,37.80674],[-122.42346,37.80677],[-122.4234,37.8068],[-122.42334,37.80683],[-122.42328,37.80686],[-122.42322,37.80689],[-122.42316,37.80692],[-122.4231,37.80695],[-122.42304,37.80698],[-122.42298,37.80702],[-122.42292,37.80705],[-122.42287,37.80709],[-122.42281,37.80712],[-122.42267,37.80721],[-122.42254,37.8073],[-122.42241,37.80738],[-122.42228,37.80747],[-122.42216,37.80756],[-122.42204,37.80765],[-122.42192,37.80775],[-122.4218,37.80784],[-122.42168,37.80794],[-122.42154,37.80806],[-122.42153,37.80807],[-122.42179,37.80837],[-122.42176,37.8084],[-122.42149,37.80811],[-122.42132,37.80828],[-122.42137,37.80832],[-122.4214,37.80834],[-122.42142,37.80835],[-122.42154,37.80847],[-122.42152,37.80848],[-122.42159,37.80854],[-122.42156,37.80856],[-122.42149,37.8085],[-122.42148,37.80851],[-122.42137,37.80839],[-122.42134,37.80836],[-122.42134,37.80835],[-122.4213,37.8083],[-122.42106,37.80856],[-122.42105,37.80855],[-122.4211,37.8088],[-122.42149,37.80913],[-122.42145,37.80916],[-122.42289,37.81022],[-122.42284,37.81026]]],[[[-122.42444,37.81072],[-122.42443,37.81072],[-122.42441,37.81072],[-122.42441,37.81071],[-122.4244,37.8107],[-122.4244,37.8107],[-122.4244,37.8107],[-122.42439,37.8107],[-122.42439,37.8107],[-122.42439,37.81069],[-122.42438,37.81069],[-122.42438,37.81069],[-122.42438,37.81069],[-122.42437,37.81068],[-122.42437,37.81068],[-122.42437,37.81068],[-122.42436,37.81068],[-122.42436,37.81068],[-122.42436,37.81067],[-122.42436,37.81067],[-122.42435,37.81067],[-122.42435,37.81067],[-122.42435,37.81066],[-122.42435,37.81066],[-122.42434,37.81066],[-122.42434,37.81065],[-122.42434,37.81065],[-122.42434,37.81065],[-122.42434,37.81065],[-122.42433,37.81064],[-122.42433,37.81064],[-122.42433,37.81064],[-122.42433,37.81063],[-122.42433,37.81063],[-122.42432,37.81063],[-122.42432,37.81063],[-122.42432,37.81062],[-122.42432,37.81062],[-122.42432,37.81062],[-122.42432,37.81061],[-122.42431,37.81061],[-122.42431,37.81061],[-122.42432,37.81059],[-122.42431,37.8106],[-122.42431,37.8106],[-122.42431,37.81059],[-122.42431,37.81059],[-122.42431,37.81059],[-122.42431,37.81059],[-122.4243,37.81058],[-122.4243,37.81058],[-122.4243,37.81058],[-122.4243,37.81058],[-122.4243,37.81057],[-122.4243,37.81057],[-122.4243,37.81057],[-122.4243,37.81057],[-122.4243,37.81056],[-122.4243,37.81056],[-122.4243,37.81056],[-122.4243,37.81056],[-122.4243,37.81055],[-122.4243,37.81055],[-122.4243,37.81055],[-122.4243,37.81054],[-122.4243,37.81054],[-122.4243,37.81054],[-122.4243,37.81054],[-122.4243,37.81053],[-122.4243,37.81053],[-122.4243,37.81053],[-122.4243,37.81053],[-122.4243,37.81052],[-122.4243,37.81052],[-122.4243,37.81052],[-122.4243,37.81052],[-122.4243,37.81051],[-122.4243,37.81051],[-122.42431,37.81051],[-122.42431,37.8105],[-122.42431,37.8105],[-122.42431,37.8105],[-122.42431,37.8105],[-122.42431,37.81049],[-122.42431,37.81049],[-122.42431,37.81049],[-122.42431,37.81049],[-122.42432,37.81048],[-122.42432,37.81048],[-122.42432,37.81048],[-122.42432,37.81048],[-122.42432,37.81048],[-122.42432,37.81047],[-122.42432,37.81047],[-122.42433,37.81047],[-122.42433,37.81047],[-122.42433,37.81046],[-122.42433,37.81046],[-122.42433,37.81046],[-122.42434,37.81046],[-122.42434,37.81045],[-122.42434,37.81045],[-122.42434,37.81045],[-122.42434,37.81045],[-122.42435,37.81045],[-122.42435,37.81044],[-122.42435,37.81044],[-122.42435,37.81044],[-122.42435,37.81044],[-122.42436,37.81044],[-122.42436,37.81043],[-122.42436,37.81043],[-122.42436,37.81043],[-122.42437,37.81043],[-122.42437,37.81043],[-122.42437,37.81043],[-122.42438,37.81042],[-122.42438,37.81042],[-122.42438,37.81042],[-122.42438,37.81042],[-122.42439,37.81042],[-122.42439,37.81042],[-122.42439,37.81042],[-122.4244,37.81041],[-122.4244,37.81041],[-122.4244,37.81041],[-122.4244,37.81041],[-122.42441,37.81041],[-122.42441,37.81041],[-122.42441,37.81041],[-122.42442,37.81041],[-122.42442,37.8104],[-122.42442,37.8104],[-122.42443,37.8104],[-122.42443,37.8104],[-122.42443,37.8104],[-122.42444,37.8104],[-122.42444,37.8104],[-122.42444,37.8104],[-122.42445,37.8104],[-122.42445,37.8104],[-122.42445,37.8104],[-122.42445,37.8104],[-122.42446,37.8104],[-122.42446,37.8104],[-122.42446,37.81039],[-122.42447,37.81039],[-122.42447,37.81039],[-122.42448,37.81039],[-122.42448,37.81039],[-122.42448,37.81039],[-122.42449,37.81039],[-122.42449,37.81039],[-122.42449,37.81039],[-122.4245,37.81039],[-122.4245,37.81039],[-122.4245,37.81039],[-122.42451,37.81039],[-122.42451,37.81039],[-122.42451,37.81039],[-122.42452,37.81039],[-122.42452,37.81039],[-122.42452,37.81039],[-122.42453,37.8104],[-122.42453,37.8104],[-122.42453,37.8104],[-122.42454,37.8104],[-122.42454,37.8104],[-122.42454,37.8104],[-122.42455,37.8104],[-122.42455,37.8104],[-122.42455,37.8104],[-122.42456,37.8104],[-122.42456,37.8104],[-122.42456,37.8104],[-122.42456,37.8104],[-122.42457,37.81041],[-122.42457,37.81041],[-122.42457,37.81041],[-122.42458,37.81041],[-122.42458,37.81041],[-122.42458,37.81041],[-122.42459,37.81041],[-122.42459,37.81041],[-122.42459,37.81041],[-122.42459,37.81042],[-122.4246,37.81042],[-122.4246,37.81042],[-122.4246,37.81042],[-122.42461,37.81042],[-122.42461,37.81042],[-122.42461,37.81043],[-122.42461,37.81043],[-122.42462,37.81043],[-122.42462,37.81043],[-122.42462,37.81043],[-122.42462,37.81043],[-122.42463,37.81044],[-122.42463,37.81044],[-122.42463,37.81044],[-122.42463,37.81044],[-122.42464,37.81044],[-122.42464,37.81045],[-122.42464,37.81045],[-122.42464,37.81045],[-122.42464,37.81045],[-122.42465,37.81045],[-122.42465,37.81046],[-122.42465,37.81046],[-122.42465,37.81046],[-122.42465,37.81046],[-122.42466,37.81047],[-122.42466,37.81047],[-122.42466,37.81047],[-122.42466,37.81047],[-122.42466,37.81047],[-122.42466,37.81048],[-122.42467,37.81048],[-122.42467,37.81048],[-122.42467,37.81048],[-122.42467,37.81049],[-122.42467,37.81049],[-122.42467,37.81049],[-122.42467,37.81049],[-122.42468,37.8105],[-122.42468,37.8105],[-122.42468,37.8105],[-122.42468,37.8105],[-122.42468,37.81051],[-122.42468,37.81051],[-122.42468,37.81051],[-122.42468,37.81051],[-122.42468,37.81052],[-122.42468,37.81052],[-122.42468,37.81052],[-122.42468,37.81053],[-122.42468,37.81053],[-122.42469,37.81053],[-122.42469,37.81053],[-122.42469,37.81054],[-122.42469,37.81054],[-122.42469,37.81054],[-122.42469,37.81054],[-122.42469,37.81055],[-122.42469,37.81055],[-122.42469,37.81055],[-122.4247,37.81054],[-122.42469,37.81056],[-122.42469,37.81056],[-122.42469,37.81056],[-122.42469,37.81056],[-122.42469,37.81056],[-122.42469,37.81056],[-122.42469,37.81056],[-122.42469,37.81056],[-122.42469,37.81057],[-122.42469,37.81057],[-122.42469,37.81057],[-122.42469,37.81057],[-122.42469,37.81057],[-122.42469,37.81057],[-122.42469,37.81057],[-122.42469,37.81057],[-122.42469,37.81058],[-122.42469,37.81058],[-122.42469,37.81058],[-122.42469,37.81058],[-122.42469,37.81058],[-122.42469,37.81058],[-122.42469,37.81058],[-122.42469,37.81058],[-122.42469,37.81058],[-122.42469,37.81059],[-122.42469,37.81059],[-122.42469,37.81059],[-122.42469,37.81059],[-122.4247,37.81059],[-122.4247,37.81059],[-122.4247,37.81059],[-122.4247,37.81059],[-122.4247,37.81059],[-122.4247,37.81059],[-122.4247,37.8106],[-122.4247,37.8106],[-122.4247,37.8106],[-122.4247,37.8106],[-122.4247,37.8106],[-122.4247,37.8106],[-122.42471,37.8106],[-122.42471,37.8106],[-122.42471,37.8106],[-122.42471,37.8106],[-122.42471,37.81061],[-122.42471,37.81061],[-122.42471,37.81061],[-122.42471,37.81061],[-122.42471,37.81061],[-122.42471,37.81061],[-122.42472,37.81061],[-122.42472,37.81061],[-122.42472,37.81061],[-122.42472,37.81061],[-122.42472,37.81061],[-122.42472,37.81061],[-122.42472,37.81061],[-122.42472,37.81062],[-122.42473,37.81062],[-122.42473,37.81062],[-122.42473,37.81062],[-122.42473,37.81062],[-122.42473,37.81062],[-122.42473,37.81062],[-122.42473,37.81062],[-122.42473,37.81062],[-122.42474,37.81062],[-122.42474,37.81062],[-122.42474,37.81062],[-122.42474,37.81062],[-122.42474,37.81062],[-122.42474,37.81062],[-122.42474,37.81062],[-122.42475,37.81062],[-122.42475,37.81062],[-122.42475,37.81062],[-122.42475,37.81062],[-122.42475,37.81063],[-122.42475,37.81063],[-122.42475,37.81063],[-122.42476,37.81063],[-122.42476,37.81063],[-122.42476,37.81063],[-122.42476,37.81063],[-122.42476,37.81063],[-122.42484,37.81063],[-122.42478,37.81063],[-122.42479,37.81063],[-122.4248,37.81063],[-122.42481,37.81063],[-122.42482,37.81063],[-122.42483,37.81063],[-122.42484,37.81063],[-122.42485,37.81063],[-122.42488,37.81063],[-122.42491,37.81063],[-122.42494,37.81062],[-122.42497,37.81062],[-122.425,37.81062],[-122.42503,37.81062],[-122.42506,37.81061],[-122.42509,37.81061],[-122.42512,37.8106],[-122.42514,37.8106],[-122.42517,37.81059],[-122.4252,37.81059],[-122.42523,37.81058],[-122.42526,37.81058],[-122.42528,37.81057],[-122.42531,37.81056],[-122.42534,37.81056],[-122.42537,37.81055],[-122.42539,37.81054],[-122.42542,37.81053],[-122.42545,37.81052],[-122.42548,37.81051],[-122.4255,37.8105],[-122.42553,37.81049],[-122.42555,37.81048],[-122.42558,37.81047],[-122.42561,37.81046],[-122.42563,37.81045],[-122.42566,37.81044],[-122.42568,37.81043],[-122.42571,37.81041],[-122.42573,37.8104],[-122.42575,37.81039],[-122.42578,37.81037],[-122.4258,37.81036],[-122.42582,37.81035],[-122.42585,37.81033],[-122.42587,37.81032],[-122.42589,37.8103],[-122.42591,37.81029],[-122.42593,37.81027],[-122.42596,37.81026],[-122.42598,37.81024],[-122.42603,37.81021],[-122.42604,37.81018],[-122.42607,37.81015],[-122.4261,37.81013],[-122.42612,37.8101],[-122.42615,37.81007],[-122.42617,37.81005],[-122.4262,37.81002],[-122.42622,37.80999],[-122.42625,37.80996],[-122.42627,37.80993],[-122.42629,37.80991],[-122.42631,37.80988],[-122.42633,37.80985],[-122.42635,37.80982],[-122.42637,37.80979],[-122.42639,37.80976],[-122.42641,37.80973],[-122.42642,37.80969],[-122.42644,37.80966],[-122.42646,37.80963],[-122.42647,37.8096],[-122.42649,37.80957],[-122.42649,37.80957],[-122.42667,37.80964],[-122.42663,37.80974],[-122.42662,37.80974],[-122.42662,37.80975],[-122.42653,37.8099],[-122.42653,37.80991],[-122.42652,37.80991],[-122.42641,37.81006],[-122.42628,37.81021],[-122.42622,37.81027],[-122.42622,37.81027],[-122.42622,37.81027],[-122.42617,37.81031],[-122.42615,37.81033],[-122.42615,37.81034],[-122.42601,37.81044],[-122.426,37.81044],[-122.426,37.81045],[-122.42587,37.81052],[-122.42574,37.81059],[-122.42574,37.81059],[-122.42573,37.81059],[-122.42557,37.81066],[-122.42556,37.81066],[-122.42556,37.81066],[-122.42538,37.81072],[-122.42523,37.81075],[-122.42522,37.81075],[-122.42521,37.81076],[-122.42506,37.81078],[-122.42506,37.81078],[-122.42506,37.81078],[-122.4249,37.81079],[-122.4249,37.81079],[-122.42488,37.8108],[-122.42485,37.81079],[-122.42483,37.81079],[-122.42482,37.81079],[-122.4248,37.81079],[-122.42479,37.81079],[-122.42477,37.81079],[-122.42476,37.81079],[-122.42474,37.81079],[-122.42473,37.81079],[-122.42471,37.81079],[-122.4247,37.81079],[-122.42468,37.81078],[-122.42467,37.81078],[-122.42466,37.81078],[-122.42464,37.81078],[-122.42463,37.81078],[-122.42461,37.81077],[-122.4246,37.81077],[-122.42458,37.81077],[-122.42457,37.81076],[-122.42455,37.81076],[-122.42454,37.81075],[-122.42453,37.81075],[-122.42451,37.81075],[-122.4245,37.81074],[-122.42448,37.81074],[-122.42447,37.81073],[-122.42446,37.81073],[-122.42444,37.81072]]],[[[-122.42356,37.81015],[-122.42339,37.80994],[-122.42339,37.80994],[-122.42339,37.80994],[-122.42339,37.80994],[-122.42339,37.80994],[-122.42339,37.80994],[-122.42339,37.80994],[-122.42339,37.80994],[-122.42338,37.80994],[-122.42338,37.80994],[-122.42338,37.80994],[-122.42338,37.80994],[-122.42338,37.80994],[-122.42338,37.80994],[-122.42338,37.80994],[-122.42338,37.80994],[-122.42338,37.80995],[-122.42338,37.80995],[-122.42338,37.80995],[-122.42338,37.80995],[-122.42338,37.80995],[-122.42337,37.80995],[-122.42337,37.80995],[-122.42337,37.80995],[-122.42337,37.80995],[-122.42337,37.80995],[-122.42337,37.80995],[-122.42337,37.80995],[-122.42337,37.80995],[-122.42337,37.80995],[-122.42337,37.80995],[-122.42337,37.80995],[-122.42337,37.80995],[-122.42336,37.80995],[-122.42336,37.80995],[-122.42336,37.80995],[-122.42336,37.80995],[-122.42336,37.80995],[-122.42336,37.80995],[-122.42336,37.80995],[-122.42336,37.80995],[-122.42336,37.80995],[-122.42336,37.80995],[-122.42336,37.80995],[-122.42336,37.80995],[-122.42335,37.80995],[-122.42335,37.80995],[-122.42335,37.80995],[-122.42335,37.80995],[-122.42335,37.80995],[-122.42335,37.80995],[-122.42335,37.80995],[-122.42335,37.80995],[-122.42335,37.80995],[-122.42335,37.80995],[-122.42335,37.80995],[-122.42334,37.80995],[-122.42334,37.80995],[-122.42334,37.80995],[-122.42334,37.80995],[-122.42334,37.80995],[-122.42334,37.80995],[-122.42334,37.80995],[-122.42334,37.80995],[-122.42334,37.80995],[-122.42334,37.80995],[-122.42334,37.80995],[-122.42333,37.80995],[-122.42333,37.80995],[-122.42333,37.80995],[-122.42333,37.80995],[-122.42333,37.80995],[-122.42333,37.80995],[-122.42333,37.80995],[-122.42333,37.80995],[-122.42333,37.80995],[-122.42333,37.80995],[-122.42333,37.80995],[-122.42333,37.80995],[-122.42332,37.80995],[-122.42332,37.80995],[-122.42332,37.80995],[-122.42332,37.80995],[-122.42332,37.80995],[-122.42332,37.80995],[-122.42332,37.80995],[-122.42332,37.80994],[-122.42332,37.80994],[-122.42332,37.80994],[-122.42332,37.80994],[-122.42332,37.80994],[-122.42332,37.80994],[-122.42331,37.80994],[-122.42331,37.80994],[-122.42331,37.80994],[-122.42331,37.80994],[-122.42331,37.80994],[-122.42331,37.80994],[-122.42331,37.80994],[-122.42331,37.80994],[-122.42331,37.80994],[-122.42331,37.80994],[-122.42331,37.80994],[-122.42331,37.80994],[-122.42331,37.80994],[-122.42331,37.80993],[-122.42331,37.80993],[-122.42331,37.80993],[-122.42331,37.80993],[-122.4233,37.80993],[-122.4233,37.80993],[-122.4233,37.80993],[-122.4233,37.80993],[-122.4233,37.80993],[-122.4233,37.80993],[-122.4233,37.80993],[-122.4233,37.80993],[-122.4233,37.80993],[-122.4233,37.80993],[-122.4233,37.80993],[-122.4233,37.80993],[-122.4233,37.80992],[-122.4233,37.80992],[-122.4233,37.80992],[-122.4233,37.80992],[-122.4233,37.80992],[-122.4233,37.80992],[-122.4233,37.80992],[-122.4233,37.80992],[-122.4233,37.80992],[-122.4233,37.80992],[-122.4233,37.80992],[-122.4233,37.80992],[-122.4233,37.80992],[-122.4233,37.80992],[-122.4233,37.80991],[-122.4233,37.80991],[-122.4233,37.80991],[-122.4233,37.80991],[-122.4233,37.80991],[-122.4233,37.80991],[-122.4233,37.80991],[-122.4233,37.80991],[-122.4233,37.80991],[-122.4233,37.80991],[-122.4233,37.80991],[-122.4233,37.80991],[-122.4233,37.80991],[-122.4233,37.80991],[-122.4233,37.8099],[-122.4233,37.8099],[-122.4233,37.8099],[-122.4233,37.8099],[-122.4233,37.8099],[-122.4233,37.8099],[-122.4233,37.8099],[-122.4233,37.8099],[-122.4233,37.8099],[-122.4233,37.8099],[-122.4233,37.8099],[-122.4233,37.8099],[-122.4233,37.8099],[-122.4233,37.8099],[-122.4233,37.8099],[-122.4233,37.80989],[-122.4233,37.80989],[-122.4233,37.80989],[-122.4233,37.80989],[-122.4233,37.80989],[-122.4233,37.80989],[-122.4233,37.80989],[-122.4233,37.80989],[-122.4233,37.80989],[-122.42331,37.80989],[-122.42331,37.80989],[-122.42331,37.80989],[-122.42331,37.80989],[-122.42331,37.80989],[-122.42331,37.80989],[-122.42331,37.80989],[-122.42331,37.80988],[-122.42331,37.80988],[-122.42331,37.80988],[-122.42331,37.80988],[-122.42331,37.80988],[-122.42331,37.80988],[-122.42331,37.80988],[-122.42331,37.80988],[-122.42331,37.80988],[-122.42331,37.80988],[-122.42332,37.80988],[-122.42332,37.80988],[-122.42332,37.80988],[-122.42332,37.80988],[-122.42332,37.80988],[-122.42332,37.80988],[-122.42332,37.80988],[-122.42332,37.80988],[-122.42332,37.80988],[-122.42332,37.80988],[-122.42332,37.80988],[-122.42332,37.80988],[-122.42332,37.80987],[-122.42333,37.80987],[-122.42333,37.80987],[-122.42333,37.80987],[-122.42333,37.80987],[-122.42333,37.80987],[-122.42333,37.80987],[-122.42333,37.80987],[-122.42333,37.80987],[-122.42333,37.80987],[-122.42333,37.80987],[-122.42333,37.80987],[-122.42333,37.80987],[-122.42334,37.80987],[-122.42334,37.80987],[-122.42334,37.80987],[-122.42334,37.80987],[-122.42334,37.80987],[-122.42334,37.80987],[-122.42334,37.80987],[-122.42334,37.80987],[-122.42334,37.80987],[-122.42334,37.80987],[-122.42334,37.80987],[-122.42335,37.80987],[-122.42335,37.80987],[-122.42335,37.80987],[-122.42335,37.80987],[-122.42335,37.80987],[-122.42335,37.80987],[-122.42335,37.80987],[-122.42335,37.80987],[-122.42335,37.80987],[-122.42335,37.80987],[-122.42335,37.80987],[-122.42336,37.80987],[-122.42336,37.80987],[-122.42336,37.80987],[-122.42336,37.80987],[-122.42336,37.80987],[-122.42336,37.80987],[-122.42336,37.80987],[-122.42336,37.80987],[-122.42336,37.80987],[-122.42336,37.80987],[-122.42336,37.80987],[-122.42337,37.80987],[-122.42337,37.80987],[-122.42337,37.80987],[-122.42337,37.80987],[-122.42337,37.80987],[-122.42337,37.80987],[-122.42337,37.80987],[-122.42337,37.80987],[-122.42337,37.80987],[-122.42337,37.80987],[-122.42337,37.80987],[-122.42337,37.80987],[-122.42338,37.80988],[-122.42338,37.80988],[-122.42338,37.80988],[-122.42338,37.80988],[-122.42338,37.80988],[-122.42338,37.80988],[-122.42338,37.80988],[-122.42338,37.80988],[-122.42338,37.80988],[-122.42338,37.80988],[-122.42338,37.80988],[-122.42338,37.80988],[-122.42338,37.80988],[-122.42338,37.80988],[-122.42339,37.80988],[-122.42339,37.80988],[-122.42339,37.80988],[-122.42339,37.80988],[-122.42339,37.80988],[-122.42339,37.80988],[-122.42339,37.80988],[-122.42339,37.80988],[-122.42339,37.80989],[-122.42339,37.80989],[-122.42339,37.80989],[-122.42339,37.80989],[-122.42339,37.80989],[-122.42339,37.80989],[-122.42339,37.80989],[-122.42339,37.80989],[-122.42339,37.80989],[-122.42339,37.80989],[-122.4234,37.80989],[-122.4234,37.80989],[-122.4234,37.80989],[-122.4234,37.80989],[-122.42359,37.81014],[-122.42366,37.81037],[-122.42362,37.8106],[-122.42349,37.81082],[-122.42327,37.81098],[-122.42081,37.81188],[-122.42081,37.81188],[-122.42081,37.81185],[-122.42325,37.81096],[-122.42346,37.8108],[-122.42359,37.81059],[-122.42362,37.81037],[-122.42356,37.81015]]]]},"properties":{"nhood":"Russian Hill"}},{"type":"Feature","geometry":{"type":"MultiPolygon","coordinates":[[[[-122.42662,37.80889],[-122.42664,37.80879],[-122.42664,37.80879],[-122.42664,37.80879],[-122.42662,37.80882],[-122.42662,37.8088],[-122.42661,37.80871],[-122.4266,37.80864],[-122.4266,37.80863],[-122.4266,37.80862],[-122.42658,37.80854],[-122.42657,37.80846],[-122.42655,37.80837],[-122.42654,37.8083],[-122.42653,37.80829],[-122.42652,37.80815],[-122.42652,37.80815],[-122.42652,37.80815],[-122.4265,37.80816],[-122.42649,37.80816],[-122.42648,37.80813],[-122.42648,37.80809],[-122.42647,37.80807],[-122.42661,37.80815],[-122.42659,37.80807],[-122.42649,37.80765],[-122.42626,37.80719],[-122.42578,37.80672],[-122.42563,37.80646],[-122.42549,37.80601],[-122.4253,37.80508],[-122.42538,37.80497],[-122.42523,37.80423],[-122.42511,37.80415],[-122.42519,37.80403],[-122.42504,37.80329],[-122.42492,37.80321],[-122.425,37.80311],[-122.42485,37.80236],[-122.42473,37.80228],[-122.42482,37.80218],[-122.42467,37.80143],[-122.42454,37.8013],[-122.42462,37.8012],[-122.42448,37.80049],[-122.42436,37.80042],[-122.42444,37.80031],[-122.42429,37.79957],[-122.42417,37.79949],[-122.42425,37.79938],[-122.4241,37.79863],[-122.42398,37.79855],[-122.42407,37.79845],[-122.42391,37.7977],[-122.42379,37.79762],[-122.42388,37.79751],[-122.42381,37.79716],[-122.42373,37.79677],[-122.4236,37.79669],[-122.42448,37.79658],[-122.42525,37.79648],[-122.42689,37.79627],[-122.42751,37.79619],[-122.42792,37.79614],[-122.42854,37.79606],[-122.4286,37.79605],[-122.42957,37.79593],[-122.43018,37.79585],[-122.43183,37.79564],[-122.43347,37.79544],[-122.43511,37.79523],[-122.43676,37.79502],[-122.43695,37.79595],[-122.43859,37.79574],[-122.44023,37.79553],[-122.4419,37.79532],[-122.44357,37.79511],[-122.44522,37.7949],[-122.44673,37.79471],[-122.44687,37.79564],[-122.44701,37.79658],[-122.44716,37.79751],[-122.4473,37.79846],[-122.44734,37.79855],[-122.44747,37.79939],[-122.44761,37.80032],[-122.44766,37.80068],[-122.4477,37.80083],[-122.44782,37.80163],[-122.44792,37.80153],[-122.44836,37.80159],[-122.4488,37.80177],[-122.44918,37.80207],[-122.44946,37.80245],[-122.44956,37.80279],[-122.44958,37.80315],[-122.4495,37.80347],[-122.44939,37.80371],[-122.44912,37.80401],[-122.44882,37.80423],[-122.44824,37.80448],[-122.44828,37.80472],[-122.44832,37.80499],[-122.44849,37.80609],[-122.44839,37.80622],[-122.44818,37.80634],[-122.44815,37.80635],[-122.44818,37.80675],[-122.44813,37.80689],[-122.44813,37.80689],[-122.44812,37.8069],[-122.4481,37.80691],[-122.44783,37.80705],[-122.44718,37.80748],[-122.44664,37.80752],[-122.44648,37.80752],[-122.44527,37.80763],[-122.44527,37.80763],[-122.44527,37.80763],[-122.44527,37.80763],[-122.44526,37.80763],[-122.44526,37.80763],[-122.44526,37.80763],[-122.44526,37.80763],[-122.44526,37.80763],[-122.44525,37.80763],[-122.44525,37.80763],[-122.44525,37.80763],[-122.44525,37.80763],[-122.44525,37.80763],[-122.44525,37.80763],[-122.44524,37.80763],[-122.44483,37.80761],[-122.44481,37.80761],[-122.44479,37.80761],[-122.44376,37.80771],[-122.44368,37.80772],[-122.44271,37.80797],[-122.44263,37.808],[-122.44252,37.80802],[-122.44235,37.80804],[-122.44177,37.8081],[-122.44154,37.80813],[-122.4412,37.80817],[-122.44095,37.8082],[-122.44067,37.80828],[-122.44065,37.80829],[-122.44064,37.80829],[-122.44063,37.8083],[-122.44061,37.80831],[-122.4406,37.80832],[-122.44059,37.80832],[-122.44058,37.80833],[-122.44056,37.80834],[-122.44055,37.80834],[-122.44054,37.80835],[-122.44053,37.80836],[-122.44052,37.80837],[-122.4405,37.80838],[-122.44049,37.80839],[-122.44048,37.80839],[-122.44047,37.8084],[-122.44046,37.80841],[-122.44045,37.80842],[-122.44044,37.80843],[-122.44043,37.80844],[-122.44042,37.80845],[-122.44041,37.80846],[-122.4404,37.80847],[-122.44039,37.80848],[-122.44038,37.80849],[-122.44037,37.80851],[-122.44022,37.80867],[-122.44012,37.80875],[-122.44003,37.80883],[-122.43993,37.80878],[-122.44027,37.80823],[-122.44027,37.80823],[-122.44028,37.80822],[-122.44028,37.80822],[-122.44029,37.80822],[-122.44029,37.80821],[-122.44029,37.80821],[-122.4403,37.80821],[-122.4403,37.8082],[-122.44031,37.8082],[-122.44031,37.8082],[-122.44032,37.80819],[-122.44032,37.80819],[-122.44032,37.80819],[-122.44033,37.80818],[-122.44033,37.80818],[-122.44034,37.80818],[-122.44034,37.80818],[-122.44035,37.80817],[-122.44035,37.80817],[-122.44036,37.80817],[-122.44036,37.80817],[-122.44037,37.80817],[-122.44037,37.80816],[-122.44038,37.80816],[-122.44038,37.80816],[-122.44039,37.80816],[-122.44039,37.80815],[-122.4404,37.80815],[-122.44041,37.80815],[-122.44041,37.80815],[-122.44042,37.80815],[-122.44042,37.80815],[-122.44043,37.80815],[-122.44043,37.80814],[-122.44044,37.80814],[-122.44044,37.80814],[-122.44045,37.80814],[-122.44046,37.80814],[-122.44046,37.80814],[-122.44047,37.80814],[-122.44047,37.80814],[-122.44047,37.80814],[-122.44063,37.80811],[-122.44078,37.8081],[-122.44179,37.80799],[-122.44181,37.80799],[-122.4418,37.80791],[-122.44149,37.80794],[-122.44149,37.80793],[-122.44147,37.80793],[-122.44148,37.80792],[-122.4414,37.80783],[-122.44141,37.80782],[-122.44151,37.80792],[-122.44162,37.80791],[-122.44163,37.8079],[-122.44155,37.80781],[-122.44156,37.80781],[-122.44166,37.80791],[-122.44178,37.8079],[-122.44179,37.80788],[-122.4417,37.8078],[-122.44172,37.80779],[-122.44182,37.80789],[-122.44194,37.80788],[-122.44194,37.80787],[-122.44186,37.80778],[-122.44187,37.80777],[-122.44198,37.80788],[-122.44198,37.8079],[-122.44182,37.80791],[-122.44182,37.80798],[-122.44232,37.80793],[-122.44238,37.80792],[-122.44242,37.80788],[-122.44245,37.80782],[-122.44245,37.80779],[-122.44237,37.8078],[-122.44235,37.80781],[-122.44235,37.80784],[-122.44203,37.80787],[-122.44201,37.80773],[-122.44203,37.80772],[-122.44205,37.80784],[-122.44206,37.80785],[-122.44221,37.80783],[-122.44222,37.80782],[-122.44219,37.80768],[-122.44221,37.80768],[-122.44224,37.80782],[-122.44225,37.80783],[-122.44232,37.80782],[-122.44232,37.80781],[-122.44229,37.80767],[-122.44231,37.80766],[-122.44234,37.80778],[-122.44235,37.80778],[-122.44237,37.80778],[-122.4424,37.80773],[-122.44238,37.80766],[-122.4424,37.80765],[-122.44241,37.80773],[-122.44239,37.80778],[-122.44244,37.80777],[-122.44241,37.80764],[-122.44269,37.8076],[-122.44271,37.80779],[-122.44276,37.80781],[-122.44278,37.80781],[-122.44277,37.80777],[-122.44277,37.80777],[-122.44273,37.80753],[-122.44288,37.80752],[-122.44289,37.80753],[-122.44277,37.80754],[-122.44276,37.80755],[-122.44276,37.80757],[-122.44277,37.80758],[-122.44289,37.80757],[-122.44289,37.80758],[-122.44278,37.80759],[-122.44276,37.8076],[-122.44277,37.80761],[-122.44278,37.80762],[-122.4429,37.80761],[-122.4429,37.80762],[-122.44279,37.80763],[-122.44277,37.80764],[-122.44277,37.80766],[-122.44279,37.80767],[-122.4429,37.80766],[-122.4429,37.80767],[-122.4428,37.80768],[-122.44278,37.8077],[-122.44278,37.80771],[-122.44279,37.80771],[-122.44291,37.80771],[-122.44291,37.80772],[-122.4428,37.80773],[-122.44278,37.80774],[-122.44279,37.80775],[-122.4428,37.80776],[-122.44291,37.80775],[-122.44292,37.80776],[-122.44279,37.80777],[-122.4428,37.8078],[-122.4429,37.80779],[-122.443,37.80777],[-122.44306,37.80775],[-122.44313,37.80774],[-122.4432,37.80772],[-122.44326,37.8077],[-122.44329,37.8077],[-122.44328,37.80766],[-122.44315,37.80768],[-122.44315,37.80767],[-122.44326,37.80765],[-122.44327,37.80764],[-122.44327,37.80762],[-122.44326,37.80762],[-122.44314,37.80763],[-122.44314,37.80762],[-122.44325,37.80761],[-122.44326,37.8076],[-122.44326,37.80758],[-122.44325,37.80757],[-122.44314,37.80758],[-122.44313,37.80757],[-122.44324,37.80756],[-122.44326,37.80755],[-122.44325,37.80753],[-122.44324,37.80752],[-122.44313,37.80754],[-122.44312,37.80752],[-122.44323,37.80751],[-122.44325,37.8075],[-122.44324,37.80749],[-122.44323,37.80748],[-122.44312,37.80749],[-122.44312,37.80748],[-122.44323,37.80747],[-122.44324,37.80746],[-122.44323,37.80744],[-122.44322,37.80743],[-122.44311,37.80744],[-122.44311,37.80743],[-122.44336,37.8074],[-122.44336,37.80742],[-122.44327,37.80743],[-122.44326,37.80744],[-122.44326,37.80745],[-122.44327,37.80746],[-122.44337,37.80745],[-122.44337,37.80746],[-122.44327,37.80747],[-122.44327,37.80748],[-122.44327,37.8075],[-122.44328,37.80751],[-122.44338,37.8075],[-122.44338,37.80751],[-122.44328,37.80752],[-122.44327,37.80753],[-122.44328,37.80754],[-122.44329,37.80755],[-122.44339,37.80754],[-122.44339,37.80755],[-122.44329,37.80756],[-122.44328,37.80758],[-122.44329,37.80759],[-122.4433,37.8076],[-122.4434,37.80759],[-122.4434,37.8076],[-122.4433,37.80761],[-122.44329,37.80762],[-122.4433,37.80764],[-122.44331,37.80765],[-122.4434,37.80764],[-122.44341,37.80765],[-122.4433,37.80766],[-122.44331,37.8077],[-122.44343,37.80767],[-122.44367,37.8076],[-122.44365,37.80749],[-122.44365,37.80749],[-122.44365,37.80749],[-122.44365,37.80749],[-122.44365,37.80749],[-122.44365,37.80749],[-122.44365,37.80749],[-122.44365,37.80749],[-122.44365,37.80749],[-122.44365,37.80749],[-122.44365,37.80749],[-122.44365,37.80749],[-122.44365,37.80749],[-122.44365,37.80749],[-122.44365,37.80749],[-122.44365,37.80749],[-122.44365,37.80749],[-122.44365,37.80749],[-122.44365,37.80749],[-122.44365,37.80749],[-122.44365,37.80749],[-122.44365,37.80749],[-122.44366,37.80749],[-122.44366,37.80749],[-122.44366,37.80749],[-122.44366,37.80749],[-122.44366,37.80749],[-122.44366,37.80749],[-122.44366,37.80749],[-122.44366,37.80749],[-122.44366,37.80749],[-122.44366,37.80749],[-122.44366,37.80749],[-122.44366,37.80749],[-122.44366,37.80749],[-122.44366,37.80749],[-122.44366,37.80749],[-122.44366,37.80749],[-122.44366,37.80749],[-122.44366,37.80749],[-122.44366,37.80748],[-122.44366,37.80748],[-122.44366,37.80748],[-122.44366,37.80748],[-122.44366,37.80748],[-122.44366,37.80748],[-122.44366,37.80748],[-122.44366,37.80748],[-122.44366,37.80748],[-122.44366,37.80748],[-122.44366,37.80748],[-122.44366,37.80748],[-122.44366,37.80748],[-122.44366,37.80748],[-122.44366,37.80748],[-122.44366,37.80748],[-122.44366,37.80748],[-122.44366,37.80748],[-122.44366,37.80748],[-122.44366,37.80748],[-122.44366,37.80748],[-122.44366,37.80748],[-122.44366,37.80748],[-122.44366,37.80748],[-122.44366,37.80748],[-122.44366,37.80748],[-122.44366,37.80748],[-122.44366,37.80748],[-122.44366,37.80748],[-122.44366,37.80748],[-122.44366,37.80748],[-122.44366,37.80748],[-122.44366,37.80748],[-122.44366,37.80748],[-122.44366,37.80748],[-122.44367,37.80748],[-122.44367,37.80748],[-122.44367,37.80748],[-122.44367,37.80748],[-122.44367,37.80748],[-122.44367,37.80748],[-122.44367,37.80748],[-122.44367,37.80748],[-122.44367,37.80748],[-122.44366,37.80748],[-122.44387,37.80744],[-122.44384,37.80737],[-122.44371,37.80739],[-122.44371,37.8074],[-122.44367,37.80742],[-122.44366,37.80741],[-122.44364,37.80742],[-122.44364,37.80742],[-122.44365,37.80741],[-122.44365,37.80741],[-122.44362,37.80741],[-122.44352,37.80733],[-122.44353,37.80732],[-122.44361,37.80739],[-122.44365,37.80738],[-122.44365,37.80737],[-122.44358,37.80731],[-122.44359,37.8073],[-122.44368,37.80738],[-122.44371,37.80737],[-122.44371,37.80736],[-122.44365,37.8073],[-122.44366,37.8073],[-122.44374,37.80737],[-122.44377,37.80736],[-122.44377,37.80735],[-122.4437,37.80729],[-122.44371,37.80728],[-122.4438,37.80736],[-122.44383,37.80735],[-122.44383,37.80734],[-122.44376,37.80728],[-122.44377,37.80727],[-122.44386,37.80735],[-122.44395,37.80733],[-122.44395,37.80731],[-122.44384,37.80723],[-122.44385,37.80722],[-122.44398,37.80732],[-122.44402,37.80732],[-122.44402,37.8073],[-122.4439,37.8072],[-122.44391,37.80719],[-122.44405,37.80731],[-122.4441,37.8073],[-122.4441,37.80728],[-122.44402,37.80721],[-122.44403,37.8072],[-122.44414,37.80729],[-122.44417,37.80729],[-122.44419,37.80728],[-122.44419,37.80727],[-122.44406,37.80716],[-122.44407,37.80715],[-122.44422,37.80728],[-122.44426,37.80726],[-122.44426,37.80725],[-122.44414,37.80714],[-122.44415,37.80713],[-122.44429,37.80725],[-122.44433,37.80724],[-122.44433,37.80722],[-122.44421,37.80712],[-122.44422,37.80711],[-122.44436,37.80723],[-122.4444,37.80722],[-122.4444,37.8072],[-122.44429,37.8071],[-122.4443,37.80709],[-122.44444,37.80721],[-122.44455,37.80718],[-122.44455,37.80716],[-122.44443,37.80706],[-122.44444,37.80705],[-122.44458,37.80717],[-122.44465,37.80715],[-122.44466,37.80717],[-122.44444,37.80723],[-122.44448,37.8073],[-122.4448,37.8072],[-122.44526,37.80707],[-122.44523,37.80701],[-122.44522,37.80702],[-122.44509,37.80703],[-122.44506,37.80703],[-122.44506,37.80702],[-122.44516,37.80701],[-122.44518,37.80699],[-122.44512,37.80695],[-122.44484,37.80699],[-122.44484,37.80698],[-122.44503,37.80695],[-122.44506,37.80692],[-122.44501,37.80689],[-122.44483,37.80691],[-122.44483,37.8069],[-122.44489,37.8069],[-122.44488,37.80683],[-122.44462,37.80687],[-122.44462,37.80686],[-122.44492,37.80682],[-122.44501,37.80687],[-122.44497,37.8068],[-122.44499,37.80679],[-122.44504,37.80688],[-122.44512,37.80693],[-122.44505,37.80678],[-122.44507,37.80678],[-122.44515,37.80695],[-122.44523,37.80699],[-122.44536,37.80696],[-122.44525,37.80672],[-122.44527,37.80672],[-122.44538,37.80695],[-122.44547,37.80692],[-122.44535,37.80669],[-122.44537,37.80669],[-122.44549,37.80692],[-122.44556,37.80689],[-122.44545,37.80666],[-122.44546,37.80666],[-122.44558,37.80689],[-122.4457,37.80685],[-122.44565,37.80675],[-122.44565,37.80673],[-122.4459,37.80682],[-122.44574,37.80686],[-122.44575,37.8069],[-122.44638,37.80672],[-122.44626,37.80672],[-122.44619,37.80674],[-122.44617,37.80673],[-122.44598,37.80678],[-122.44597,37.80676],[-122.4456,37.80663],[-122.44561,37.80661],[-122.446,37.80676],[-122.44615,37.80671],[-122.44571,37.80655],[-122.44572,37.80654],[-122.44618,37.8067],[-122.44628,37.80667],[-122.446,37.8065],[-122.44602,37.80649],[-122.44631,37.80667],[-122.44642,37.80663],[-122.44615,37.80646],[-122.44617,37.80645],[-122.44644,37.80663],[-122.44655,37.80659],[-122.44639,37.80649],[-122.44641,37.80648],[-122.44654,37.80656],[-122.44653,37.80655],[-122.44662,37.80652],[-122.44664,37.80658],[-122.44671,37.80657],[-122.44671,37.80657],[-122.44694,37.80649],[-122.44695,37.80651],[-122.44672,37.80659],[-122.44673,37.80662],[-122.447,37.80653],[-122.44699,37.80644],[-122.44697,37.80643],[-122.44685,37.80644],[-122.44685,37.80643],[-122.44697,37.80642],[-122.44699,37.80641],[-122.44698,37.80639],[-122.44697,37.80638],[-122.44678,37.80639],[-122.44678,37.80638],[-122.44697,37.80637],[-122.44698,37.80636],[-122.44697,37.80632],[-122.44677,37.80634],[-122.44677,37.80633],[-122.44694,37.80632],[-122.44696,37.8063],[-122.44694,37.80622],[-122.44692,37.80621],[-122.4468,37.80623],[-122.4468,37.80622],[-122.44692,37.8062],[-122.44693,37.80619],[-122.44692,37.80611],[-122.4469,37.80611],[-122.44678,37.80612],[-122.44678,37.80611],[-122.4469,37.8061],[-122.44691,37.80608],[-122.44691,37.80606],[-122.4469,37.80606],[-122.4467,37.80607],[-122.4467,37.80606],[-122.44689,37.80605],[-122.4469,37.80603],[-122.4469,37.80601],[-122.44688,37.806],[-122.44669,37.80602],[-122.44668,37.80601],[-122.44688,37.80599],[-122.44689,37.80598],[-122.44688,37.80591],[-122.44687,37.8059],[-122.44667,37.80592],[-122.44667,37.80591],[-122.44686,37.80589],[-122.44687,37.80588],[-122.44686,37.8058],[-122.44685,37.8058],[-122.44666,37.80582],[-122.44666,37.80581],[-122.44684,37.80579],[-122.44685,37.80578],[-122.44685,37.80575],[-122.44684,37.80575],[-122.44665,37.80577],[-122.44665,37.80576],[-122.44683,37.80574],[-122.44684,37.80573],[-122.44684,37.80571],[-122.44682,37.8057],[-122.44664,37.80572],[-122.44664,37.80571],[-122.44682,37.80569],[-122.44684,37.80568],[-122.44683,37.80566],[-122.44682,37.80565],[-122.44663,37.80567],[-122.44663,37.80566],[-122.44681,37.80564],[-122.44683,37.80563],[-122.44682,37.80562],[-122.44681,37.80561],[-122.44674,37.80562],[-122.44674,37.80561],[-122.4468,37.8056],[-122.44682,37.80559],[-122.44681,37.80554],[-122.44679,37.80553],[-122.44672,37.80554],[-122.44672,37.80553],[-122.44679,37.80552],[-122.4468,37.80551],[-122.4468,37.8055],[-122.44679,37.80549],[-122.4467,37.8055],[-122.4467,37.80548],[-122.44679,37.80547],[-122.44677,37.80541],[-122.44646,37.80544],[-122.44599,37.80551],[-122.446,37.80552],[-122.44601,37.80558],[-122.44655,37.80551],[-122.44655,37.80553],[-122.44652,37.80553],[-122.4465,37.80555],[-122.44651,37.8056],[-122.4465,37.80561],[-122.44649,37.80555],[-122.44647,37.80554],[-122.44646,37.80554],[-122.44645,37.80555],[-122.44646,37.80561],[-122.44645,37.80561],[-122.44644,37.80555],[-122.44642,37.80555],[-122.4464,37.80555],[-122.44639,37.80556],[-122.44642,37.80568],[-122.4464,37.80569],[-122.44638,37.80556],[-122.44636,37.80555],[-122.44634,37.80556],[-122.44633,37.80557],[-122.44635,37.80569],[-122.44634,37.8057],[-122.44631,37.80557],[-122.4463,37.80556],[-122.44628,37.80556],[-122.44626,37.80558],[-122.44629,37.8057],[-122.44628,37.8057],[-122.44625,37.80558],[-122.44623,37.80557],[-122.44615,37.80558],[-122.44614,37.80559],[-122.44616,37.80572],[-122.44615,37.80572],[-122.44612,37.80559],[-122.4461,37.80559],[-122.44608,37.80559],[-122.44607,37.8056],[-122.4461,37.80573],[-122.44608,37.80573],[-122.44606,37.8056],[-122.44604,37.80559],[-122.44602,37.8056],[-122.44601,37.80561],[-122.44604,37.80574],[-122.44602,37.80574],[-122.44599,37.80561],[-122.44598,37.8056],[-122.44595,37.80561],[-122.44594,37.80562],[-122.44597,37.80575],[-122.44595,37.80575],[-122.44593,37.80562],[-122.44591,37.80561],[-122.44588,37.80561],[-122.44588,37.80562],[-122.4459,37.80575],[-122.44589,37.80575],[-122.44586,37.80563],[-122.44584,37.80562],[-122.44581,37.80562],[-122.44581,37.80563],[-122.44583,37.80576],[-122.44582,37.80576],[-122.44579,37.80564],[-122.44577,37.80563],[-122.44575,37.80563],[-122.44574,37.80564],[-122.44576,37.80577],[-122.44575,37.80577],[-122.44572,37.80564],[-122.44571,37.80564],[-122.44568,37.80564],[-122.44567,37.80565],[-122.44569,37.80578],[-122.44568,37.80578],[-122.44566,37.80565],[-122.44564,37.80565],[-122.44561,37.80565],[-122.4456,37.80566],[-122.44562,37.80579],[-122.44561,37.80579],[-122.44558,37.80566],[-122.44557,37.80566],[-122.44553,37.80566],[-122.44552,37.80567],[-122.44554,37.8058],[-122.44553,37.8058],[-122.44551,37.80567],[-122.44549,37.80567],[-122.44546,37.80567],[-122.44545,37.80568],[-122.44547,37.80578],[-122.44546,37.80578],[-122.44544,37.80568],[-122.44542,37.80567],[-122.44539,37.80568],[-122.44538,37.80569],[-122.4454,37.80581],[-122.44539,37.80581],[-122.44536,37.80569],[-122.44535,37.80568],[-122.44531,37.80569],[-122.4453,37.8057],[-122.44533,37.80581],[-122.44531,37.80581],[-122.44529,37.8057],[-122.44528,37.80569],[-122.44524,37.8057],[-122.44523,37.80571],[-122.44525,37.80582],[-122.44524,37.80583],[-122.44522,37.80571],[-122.4452,37.8057],[-122.44517,37.80571],[-122.44516,37.80572],[-122.44518,37.80583],[-122.44517,37.80583],[-122.44515,37.80571],[-122.44514,37.80571],[-122.4451,37.80571],[-122.4451,37.80572],[-122.44512,37.80584],[-122.44511,37.80584],[-122.44508,37.80573],[-122.44507,37.80572],[-122.44504,37.80572],[-122.44503,37.80573],[-122.44505,37.80585],[-122.44504,37.80585],[-122.44502,37.80573],[-122.445,37.80573],[-122.44491,37.80574],[-122.4449,37.80575],[-122.44492,37.80587],[-122.44491,37.80587],[-122.44489,37.80575],[-122.44487,37.80574],[-122.44485,37.80575],[-122.44484,37.80576],[-122.44486,37.80587],[-122.44485,37.80588],[-122.44483,37.80576],[-122.44481,37.80575],[-122.44478,37.80576],[-122.44477,37.80577],[-122.44479,37.80588],[-122.44478,37.80589],[-122.44476,37.80577],[-122.44475,37.80576],[-122.44471,37.80577],[-122.44471,37.80577],[-122.44473,37.80589],[-122.44471,37.8059],[-122.44469,37.80578],[-122.44468,37.80577],[-122.44465,37.80577],[-122.44464,37.80578],[-122.44466,37.8059],[-122.44465,37.8059],[-122.44463,37.80578],[-122.44462,37.80578],[-122.44459,37.80578],[-122.44458,37.80579],[-122.4446,37.80591],[-122.44458,37.80591],[-122.44456,37.80579],[-122.44455,37.80579],[-122.44452,37.80579],[-122.44451,37.8058],[-122.44453,37.8059],[-122.44451,37.8059],[-122.44449,37.8058],[-122.44448,37.80579],[-122.44445,37.8058],[-122.44444,37.80581],[-122.44446,37.80591],[-122.44445,37.80591],[-122.44443,37.80581],[-122.44441,37.8058],[-122.44439,37.80581],[-122.44438,37.80582],[-122.4444,37.80592],[-122.44439,37.80592],[-122.44437,37.80582],[-122.44435,37.80581],[-122.44433,37.80581],[-122.44432,37.80582],[-122.44434,37.80592],[-122.44432,37.80592],[-122.44431,37.80583],[-122.44429,37.80582],[-122.44427,37.80582],[-122.44426,37.80583],[-122.44428,37.80593],[-122.44426,37.80593],[-122.44424,37.80583],[-122.44423,37.80583],[-122.44421,37.80583],[-122.4442,37.80584],[-122.44421,37.80594],[-122.4442,37.80594],[-122.44418,37.80584],[-122.44417,37.80583],[-122.44415,37.80584],[-122.44414,37.80585],[-122.44415,37.80595],[-122.44414,37.80595],[-122.44412,37.80585],[-122.44411,37.80584],[-122.44403,37.80585],[-122.44401,37.80586],[-122.44403,37.80596],[-122.44402,37.80596],[-122.444,37.80586],[-122.44399,37.80586],[-122.44396,37.80586],[-122.44396,37.80586],[-122.44395,37.80587],[-122.44397,37.80597],[-122.44395,37.80597],[-122.44394,37.80587],[-122.44392,37.80586],[-122.4439,37.80587],[-122.44389,37.80588],[-122.44391,37.80598],[-122.4439,37.80598],[-122.44388,37.80588],[-122.44386,37.80587],[-122.44378,37.80588],[-122.44377,37.8059],[-122.44379,37.80599],[-122.44377,37.806],[-122.44376,37.80589],[-122.44374,37.80589],[-122.44372,37.80589],[-122.44371,37.8059],[-122.44372,37.806],[-122.44371,37.806],[-122.44369,37.8059],[-122.44368,37.8059],[-122.44365,37.8059],[-122.44364,37.80591],[-122.44366,37.80601],[-122.44365,37.80601],[-122.44363,37.80591],[-122.44361,37.8059],[-122.44359,37.80591],[-122.44358,37.80592],[-122.4436,37.80602],[-122.44359,37.80602],[-122.44357,37.80592],[-122.44355,37.80591],[-122.44354,37.80591],[-122.44353,37.80592],[-122.44354,37.80603],[-122.44353,37.80603],[-122.44351,37.80593],[-122.44349,37.80592],[-122.44347,37.80592],[-122.44346,37.80593],[-122.44348,37.80603],[-122.44347,37.80604],[-122.44345,37.80593],[-122.44343,37.80593],[-122.44341,37.80593],[-122.4434,37.80594],[-122.44342,37.80604],[-122.44341,37.80604],[-122.44339,37.80594],[-122.44337,37.80593],[-122.44335,37.80594],[-122.44334,37.80594],[-122.44336,37.80605],[-122.44335,37.80605],[-122.44333,37.80595],[-122.44331,37.80594],[-122.44329,37.80594],[-122.44328,37.80595],[-122.4433,37.80606],[-122.44329,37.80606],[-122.44327,37.80596],[-122.44325,37.80595],[-122.44323,37.80595],[-122.44322,37.80596],[-122.44324,37.80606],[-122.44322,37.80607],[-122.44321,37.80596],[-122.44319,37.80596],[-122.44317,37.80596],[-122.44316,37.80597],[-122.44318,37.80607],[-122.44317,37.80607],[-122.44315,37.80597],[-122.44313,37.80596],[-122.44306,37.80597],[-122.44305,37.80598],[-122.44307,37.80609],[-122.44305,37.80609],[-122.44304,37.80599],[-122.44302,37.80598],[-122.44299,37.80598],[-122.44301,37.80609],[-122.443,37.80609],[-122.44298,37.80598],[-122.44295,37.80599],[-122.44294,37.806],[-122.44296,37.8061],[-122.44294,37.8061],[-122.44293,37.806],[-122.44291,37.80599],[-122.44284,37.806],[-122.44283,37.80601],[-122.44285,37.80611],[-122.44283,37.80611],[-122.44282,37.80601],[-122.4428,37.80601],[-122.44273,37.80601],[-122.44272,37.80603],[-122.44274,37.80613],[-122.44273,37.80613],[-122.44271,37.80603],[-122.44269,37.80602],[-122.44264,37.80603],[-122.44262,37.80604],[-122.44264,37.80614],[-122.44263,37.80614],[-122.44261,37.80604],[-122.44259,37.80603],[-122.44255,37.80604],[-122.44255,37.80602],[-122.44303,37.80596],[-122.44302,37.80589],[-122.44252,37.80595],[-122.44243,37.80605],[-122.44252,37.80651],[-122.44259,37.80658],[-122.44313,37.80651],[-122.44312,37.80644],[-122.44261,37.80649],[-122.44261,37.80647],[-122.44265,37.80647],[-122.44266,37.80646],[-122.44265,37.80636],[-122.44266,37.80636],[-122.44267,37.80645],[-122.44269,37.80647],[-122.44271,37.80646],[-122.44272,37.80645],[-122.44271,37.80636],[-122.44272,37.80636],[-122.44273,37.80644],[-122.44275,37.80646],[-122.44276,37.80646],[-122.44277,37.80644],[-122.44276,37.80635],[-122.44277,37.80635],[-122.44278,37.80644],[-122.4428,37.80646],[-122.44287,37.80645],[-122.44288,37.80643],[-122.44287,37.80634],[-122.44288,37.80634],[-122.4429,37.80643],[-122.44291,37.80644],[-122.44293,37.80644],[-122.44294,37.80642],[-122.44292,37.80633],[-122.44294,37.80633],[-122.44295,37.80642],[-122.44297,37.80644],[-122.44298,37.80644],[-122.44299,37.80642],[-122.44298,37.80633],[-122.44299,37.80632],[-122.443,37.80642],[-122.44302,37.80643],[-122.44304,37.80643],[-122.44305,37.80641],[-122.44303,37.80632],[-122.44305,37.80632],[-122.44306,37.80641],[-122.44308,37.80643],[-122.4431,37.80643],[-122.44311,37.80641],[-122.44309,37.80631],[-122.44311,37.80631],[-122.44312,37.80641],[-122.44314,37.80642],[-122.44316,37.80642],[-122.44317,37.8064],[-122.44315,37.80631],[-122.44316,37.80631],[-122.44318,37.8064],[-122.44319,37.80642],[-122.44322,37.80641],[-122.44322,37.8064],[-122.44321,37.8063],[-122.44322,37.8063],[-122.44324,37.8064],[-122.44325,37.80641],[-122.44333,37.8064],[-122.44334,37.80639],[-122.44333,37.80629],[-122.44334,37.80629],[-122.44335,37.80638],[-122.44337,37.8064],[-122.44345,37.80639],[-122.44345,37.80637],[-122.44344,37.80628],[-122.44345,37.80628],[-122.44347,37.80637],[-122.44348,37.80639],[-122.44351,37.80638],[-122.44351,37.80637],[-122.4435,37.80627],[-122.44351,37.80627],[-122.44353,37.80637],[-122.44354,37.80638],[-122.44356,37.80638],[-122.44357,37.80636],[-122.44356,37.80627],[-122.44357,37.80627],[-122.44358,37.80636],[-122.4436,37.80637],[-122.44368,37.80637],[-122.44368,37.80636],[-122.44367,37.80625],[-122.44369,37.80625],[-122.4437,37.80635],[-122.44371,37.80636],[-122.4438,37.80635],[-122.4438,37.80634],[-122.44379,37.80624],[-122.44381,37.80624],[-122.44382,37.80634],[-122.44383,37.80635],[-122.44386,37.80635],[-122.44387,37.80634],[-122.44385,37.80623],[-122.44387,37.80623],[-122.44388,37.80633],[-122.4439,37.80634],[-122.44392,37.80634],[-122.44393,37.80633],[-122.44391,37.80623],[-122.44393,37.80623],[-122.44394,37.80632],[-122.44396,37.80634],[-122.44398,37.80633],[-122.44399,37.80632],[-122.44398,37.80622],[-122.44399,37.80622],[-122.444,37.80632],[-122.44402,37.80633],[-122.44403,37.80633],[-122.44404,37.80633],[-122.44405,37.80632],[-122.44404,37.80622],[-122.44405,37.80622],[-122.44406,37.80631],[-122.44408,37.80632],[-122.44411,37.80632],[-122.44411,37.80631],[-122.4441,37.80621],[-122.44411,37.80621],[-122.44413,37.80631],[-122.44414,37.80632],[-122.44416,37.80631],[-122.44417,37.8063],[-122.44415,37.8062],[-122.44417,37.8062],[-122.44418,37.8063],[-122.4442,37.80631],[-122.44423,37.8063],[-122.44423,37.80629],[-122.44422,37.8062],[-122.44423,37.8062],[-122.44425,37.80629],[-122.44426,37.8063],[-122.44429,37.8063],[-122.44429,37.80629],[-122.44428,37.80618],[-122.44429,37.80618],[-122.44431,37.80628],[-122.44432,37.80629],[-122.44441,37.80628],[-122.44442,37.80627],[-122.4444,37.80617],[-122.44441,37.80617],[-122.44443,37.80627],[-122.44444,37.80628],[-122.44454,37.80626],[-122.44455,37.80625],[-122.44453,37.80615],[-122.44454,37.80615],[-122.44456,37.80625],[-122.44457,37.80626],[-122.44467,37.80625],[-122.44467,37.80624],[-122.44465,37.80614],[-122.44467,37.80614],[-122.44468,37.80623],[-122.4447,37.80624],[-122.44473,37.80624],[-122.44474,37.80623],[-122.44472,37.80614],[-122.44474,37.80614],[-122.44475,37.80622],[-122.44477,37.80624],[-122.44478,37.80623],[-122.44479,37.80622],[-122.44478,37.80615],[-122.44479,37.80615],[-122.44481,37.80622],[-122.44482,37.80623],[-122.44489,37.80622],[-122.44489,37.80621],[-122.44488,37.80614],[-122.44489,37.80614],[-122.44491,37.80621],[-122.44492,37.80622],[-122.44499,37.80621],[-122.44499,37.8062],[-122.44498,37.80612],[-122.445,37.80612],[-122.44501,37.80619],[-122.44502,37.8062],[-122.44509,37.80619],[-122.4451,37.80618],[-122.44509,37.80611],[-122.4451,37.80611],[-122.44511,37.80618],[-122.44513,37.80619],[-122.4452,37.80618],[-122.44521,37.80617],[-122.4452,37.8061],[-122.44521,37.8061],[-122.44522,37.80616],[-122.44524,37.80617],[-122.44526,37.80617],[-122.44527,37.80616],[-122.44525,37.80609],[-122.44527,37.80609],[-122.44528,37.80617],[-122.44528,37.80617],[-122.44531,37.80617],[-122.44532,37.80615],[-122.44531,37.80608],[-122.44532,37.80608],[-122.44533,37.80615],[-122.44535,37.80616],[-122.44537,37.80616],[-122.44537,37.80615],[-122.44536,37.80607],[-122.44538,37.80607],[-122.44539,37.80614],[-122.4454,37.80615],[-122.44542,37.80615],[-122.44543,37.80614],[-122.44542,37.80607],[-122.44544,37.80607],[-122.44545,37.80614],[-122.44546,37.80615],[-122.44548,37.80614],[-122.44549,37.80613],[-122.44548,37.80607],[-122.44549,37.80607],[-122.4455,37.80613],[-122.44552,37.80614],[-122.44554,37.80614],[-122.44555,37.80612],[-122.44554,37.80606],[-122.44555,37.80606],[-122.44559,37.80623],[-122.44558,37.80623],[-122.44556,37.80617],[-122.44555,37.80615],[-122.44552,37.80616],[-122.44552,37.80617],[-122.44553,37.80624],[-122.44552,37.80624],[-122.4455,37.80617],[-122.44549,37.80616],[-122.44547,37.80616],[-122.44546,37.80618],[-122.44547,37.80625],[-122.44546,37.80625],[-122.44544,37.80618],[-122.44543,37.80617],[-122.44535,37.80618],[-122.44534,37.80619],[-122.44536,37.80626],[-122.44534,37.80626],[-122.44533,37.80619],[-122.44532,37.80618],[-122.44524,37.80619],[-122.44523,37.80621],[-122.44525,37.80628],[-122.44523,37.80628],[-122.44522,37.80621],[-122.44521,37.8062],[-122.44519,37.8062],[-122.44518,37.80622],[-122.44519,37.80628],[-122.44517,37.80629],[-122.44516,37.80622],[-122.44515,37.80621],[-122.44513,37.80621],[-122.44513,37.80622],[-122.44514,37.80629],[-122.44512,37.80629],[-122.44511,37.80622],[-122.4451,37.80621],[-122.44503,37.80622],[-122.44502,37.80623],[-122.44503,37.80631],[-122.44502,37.80631],[-122.44501,37.80624],[-122.44499,37.80623],[-122.44498,37.80623],[-122.44497,37.80624],[-122.44498,37.80631],[-122.44497,37.80631],[-122.44496,37.80624],[-122.44494,37.80623],[-122.44493,37.80623],[-122.44492,37.80625],[-122.44493,37.80632],[-122.44491,37.80632],[-122.4449,37.80625],[-122.44489,37.80624],[-122.44482,37.80625],[-122.44481,37.80626],[-122.44483,37.80633],[-122.44481,37.80633],[-122.4448,37.80626],[-122.44478,37.80625],[-122.44472,37.80626],[-122.44471,37.80627],[-122.44472,37.80634],[-122.44471,37.80634],[-122.4447,37.80628],[-122.44468,37.80627],[-122.44462,37.80627],[-122.44461,37.80629],[-122.44462,37.80636],[-122.44461,37.80636],[-122.4446,37.80629],[-122.44458,37.80628],[-122.44452,37.80629],[-122.44451,37.8063],[-122.44453,37.80641],[-122.44451,37.80641],[-122.44449,37.8063],[-122.44448,37.80629],[-122.44439,37.8063],[-122.44437,37.80632],[-122.44439,37.80643],[-122.44438,37.80643],[-122.44436,37.80632],[-122.44434,37.80631],[-122.44433,37.80631],[-122.44431,37.80633],[-122.44433,37.80644],[-122.44432,37.80644],[-122.4443,37.80633],[-122.44428,37.80632],[-122.44426,37.80632],[-122.44425,37.80633],[-122.44427,37.80645],[-122.44425,37.80645],[-122.44423,37.80634],[-122.44422,37.80633],[-122.44413,37.80634],[-122.44412,37.80635],[-122.44414,37.80646],[-122.44413,37.80646],[-122.4441,37.80636],[-122.44409,37.80634],[-122.44403,37.80635],[-122.44395,37.80636],[-122.44398,37.80643],[-122.44401,37.80643],[-122.44402,37.80645],[-122.44398,37.80646],[-122.44399,37.80648],[-122.44399,37.80652],[-122.44413,37.80651],[-122.44413,37.80652],[-122.44401,37.80653],[-122.444,37.80655],[-122.444,37.80657],[-122.44401,37.80657],[-122.44414,37.80656],[-122.44414,37.80657],[-122.44401,37.80658],[-122.44401,37.80659],[-122.44401,37.80661],[-122.44403,37.80662],[-122.44414,37.80661],[-122.44415,37.80662],[-122.44403,37.80663],[-122.44401,37.80664],[-122.44402,37.80666],[-122.44403,37.80666],[-122.44415,37.80665],[-122.44415,37.80666],[-122.44403,37.80668],[-122.44402,37.80669],[-122.44403,37.80671],[-122.44404,37.80672],[-122.44416,37.8067],[-122.44416,37.80672],[-122.44404,37.80673],[-122.44403,37.80674],[-122.44404,37.80676],[-122.44405,37.80677],[-122.44417,37.80676],[-122.44418,37.80678],[-122.4439,37.80681],[-122.4439,37.80679],[-122.444,37.80678],[-122.44401,37.80677],[-122.44401,37.80676],[-122.444,37.80675],[-122.44389,37.80676],[-122.44389,37.80675],[-122.44399,37.80674],[-122.444,37.80673],[-122.444,37.80672],[-122.44399,37.80671],[-122.44389,37.80672],[-122.44388,37.80671],[-122.44398,37.8067],[-122.444,37.80668],[-122.444,37.80668],[-122.44398,37.80667],[-122.44388,37.80668],[-122.44388,37.80667],[-122.44398,37.80666],[-122.44399,37.80665],[-122.44399,37.80664],[-122.44397,37.80662],[-122.44387,37.80664],[-122.44387,37.80662],[-122.44397,37.80661],[-122.44398,37.8066],[-122.44398,37.80659],[-122.44397,37.80658],[-122.44386,37.80659],[-122.44386,37.80658],[-122.44396,37.80657],[-122.44397,37.80656],[-122.44397,37.80656],[-122.44395,37.80654],[-122.44385,37.80655],[-122.44385,37.80654],[-122.44398,37.80653],[-122.44397,37.80648],[-122.44397,37.80646],[-122.44386,37.80647],[-122.44386,37.80649],[-122.44386,37.8065],[-122.44372,37.80653],[-122.44367,37.80654],[-122.44366,37.80654],[-122.44365,37.80654],[-122.44365,37.80654],[-122.44364,37.80654],[-122.44363,37.80655],[-122.44362,37.80655],[-122.44362,37.80655],[-122.44361,37.80655],[-122.4436,37.80655],[-122.44359,37.80655],[-122.44358,37.80655],[-122.44358,37.80657],[-122.44359,37.80662],[-122.44359,37.80662],[-122.44364,37.80686],[-122.44362,37.80694],[-122.44361,37.80693],[-122.44362,37.80688],[-122.44361,37.80688],[-122.44353,37.8069],[-122.44351,37.80697],[-122.4435,37.80697],[-122.44351,37.80691],[-122.4435,37.80691],[-122.44343,37.80693],[-122.44341,37.807],[-122.4434,37.80699],[-122.44341,37.80694],[-122.4434,37.80693],[-122.44332,37.80696],[-122.4433,37.80703],[-122.44329,37.80702],[-122.4433,37.80697],[-122.44329,37.80696],[-122.44321,37.80699],[-122.4432,37.80706],[-122.44318,37.80705],[-122.4432,37.807],[-122.44318,37.80699],[-122.4431,37.80701],[-122.4431,37.80702],[-122.44309,37.80708],[-122.44308,37.80708],[-122.44309,37.80703],[-122.44308,37.80702],[-122.443,37.80704],[-122.44298,37.80711],[-122.44297,37.80711],[-122.44298,37.80705],[-122.44297,37.80705],[-122.4429,37.80707],[-122.44288,37.80709],[-122.44287,37.80714],[-122.44285,37.80714],[-122.44287,37.80708],[-122.44283,37.80699],[-122.44284,37.80699],[-122.44287,37.80705],[-122.44289,37.80705],[-122.44295,37.80704],[-122.44296,37.80702],[-122.44293,37.80697],[-122.44295,37.80696],[-122.44297,37.80702],[-122.44299,37.80703],[-122.44305,37.80701],[-122.44305,37.807],[-122.44303,37.80694],[-122.44304,37.80694],[-122.44307,37.80699],[-122.44308,37.807],[-122.44314,37.80699],[-122.44314,37.80697],[-122.44313,37.80693],[-122.44314,37.80693],[-122.44316,37.80697],[-122.44318,37.80697],[-122.44323,37.80696],[-122.44324,37.80695],[-122.44322,37.80691],[-122.44323,37.8069],[-122.44325,37.80694],[-122.44327,37.80695],[-122.44332,37.80694],[-122.44333,37.80692],[-122.44331,37.80688],[-122.44332,37.80688],[-122.44334,37.80692],[-122.44336,37.80693],[-122.44342,37.80691],[-122.44342,37.8069],[-122.4434,37.80686],[-122.44341,37.80685],[-122.44343,37.8069],[-122.44345,37.8069],[-122.44351,37.80688],[-122.44351,37.80687],[-122.4435,37.80683],[-122.44351,37.80683],[-122.44353,37.80687],[-122.44354,37.80687],[-122.44361,37.80686],[-122.44357,37.80664],[-122.4435,37.80665],[-122.44349,37.80666],[-122.4435,37.80671],[-122.44348,37.80671],[-122.44348,37.80667],[-122.44346,37.80666],[-122.44345,37.80666],[-122.44345,37.80671],[-122.44344,37.80671],[-122.44343,37.80666],[-122.4434,37.80667],[-122.44339,37.80668],[-122.4434,37.80672],[-122.44339,37.80672],[-122.44338,37.80668],[-122.44337,37.80667],[-122.44331,37.80668],[-122.4433,37.80669],[-122.44331,37.80674],[-122.44329,37.80674],[-122.44329,37.8067],[-122.44327,37.80669],[-122.44321,37.80669],[-122.4432,37.8067],[-122.44321,37.80675],[-122.4432,37.80675],[-122.44319,37.80671],[-122.44318,37.8067],[-122.44312,37.80671],[-122.44311,37.80672],[-122.44311,37.80677],[-122.4431,37.80677],[-122.44309,37.80672],[-122.44308,37.80671],[-122.44302,37.80672],[-122.44301,37.80673],[-122.44302,37.80679],[-122.44301,37.80679],[-122.443,37.80674],[-122.44299,37.80673],[-122.44295,37.80673],[-122.44293,37.80674],[-122.44292,37.80675],[-122.44292,37.80681],[-122.44291,37.80681],[-122.4429,37.80675],[-122.44289,37.80674],[-122.44283,37.80675],[-122.44282,37.80676],[-122.44283,37.80682],[-122.44281,37.80682],[-122.44281,37.80676],[-122.44279,37.80675],[-122.44273,37.80676],[-122.44272,37.80677],[-122.44273,37.80683],[-122.44271,37.80683],[-122.44271,37.80677],[-122.4427,37.80677],[-122.44268,37.80677],[-122.44267,37.80678],[-122.44268,37.80684],[-122.44266,37.80684],[-122.44266,37.80678],[-122.44264,37.80677],[-122.44262,37.80677],[-122.44261,37.80679],[-122.44262,37.80685],[-122.44256,37.80685],[-122.44254,37.80677],[-122.44281,37.80673],[-122.4429,37.80672],[-122.44288,37.80665],[-122.44286,37.80666],[-122.44262,37.80669],[-122.44259,37.8067],[-122.44258,37.8067],[-122.44258,37.80671],[-122.44257,37.80671],[-122.44257,37.80671],[-122.44257,37.80671],[-122.44256,37.80671],[-122.44256,37.80671],[-122.44255,37.80671],[-122.44255,37.80672],[-122.44255,37.80672],[-122.44254,37.80672],[-122.44254,37.80672],[-122.44253,37.80672],[-122.44253,37.80673],[-122.44253,37.80673],[-122.44252,37.80673],[-122.44252,37.80673],[-122.44252,37.80673],[-122.44252,37.80674],[-122.44251,37.80674],[-122.44251,37.80674],[-122.44251,37.80674],[-122.44251,37.80674],[-122.44251,37.80674],[-122.44251,37.80674],[-122.44251,37.80675],[-122.44251,37.80675],[-122.44251,37.80675],[-122.44251,37.80675],[-122.44251,37.80675],[-122.44251,37.80675],[-122.44251,37.80675],[-122.44251,37.80676],[-122.4425,37.80676],[-122.4425,37.80676],[-122.4425,37.80676],[-122.4425,37.80676],[-122.4425,37.80676],[-122.4425,37.80676],[-122.4425,37.80677],[-122.4425,37.80677],[-122.4425,37.80677],[-122.4425,37.80677],[-122.4425,37.80677],[-122.4425,37.80677],[-122.4425,37.80677],[-122.4425,37.80678],[-122.4425,37.80678],[-122.4425,37.80678],[-122.4425,37.80678],[-122.4425,37.80678],[-122.4425,37.8068],[-122.44251,37.8068],[-122.44251,37.80684],[-122.4425,37.80684],[-122.4425,37.80685],[-122.4425,37.80687],[-122.44251,37.80689],[-122.44252,37.80695],[-122.44254,37.80704],[-122.44254,37.80704],[-122.44254,37.80704],[-122.44254,37.80704],[-122.44254,37.80704],[-122.44254,37.80704],[-122.44254,37.80704],[-122.44254,37.80704],[-122.44254,37.80704],[-122.44254,37.80705],[-122.44254,37.80705],[-122.44254,37.80705],[-122.44254,37.80705],[-122.44254,37.80705],[-122.44255,37.80705],[-122.44255,37.80705],[-122.44255,37.80705],[-122.44255,37.80705],[-122.44255,37.80705],[-122.44255,37.80705],[-122.44255,37.80705],[-122.44255,37.80705],[-122.44255,37.80705],[-122.44255,37.80705],[-122.44255,37.80705],[-122.44255,37.80705],[-122.44255,37.80705],[-122.44255,37.80705],[-122.44255,37.80705],[-122.44255,37.80705],[-122.44255,37.80705],[-122.44255,37.80705],[-122.44255,37.80706],[-122.44255,37.80706],[-122.44255,37.80706],[-122.44255,37.80706],[-122.44255,37.80706],[-122.44255,37.80706],[-122.44255,37.80706],[-122.44255,37.80706],[-122.44255,37.80706],[-122.44255,37.80706],[-122.44255,37.80706],[-122.44255,37.80706],[-122.44255,37.80706],[-122.44255,37.80706],[-122.44255,37.80706],[-122.44255,37.80706],[-122.44255,37.80706],[-122.44255,37.80706],[-122.44255,37.80706],[-122.44255,37.80706],[-122.44255,37.80707],[-122.44255,37.80707],[-122.44255,37.80707],[-122.44255,37.80707],[-122.44255,37.80707],[-122.44255,37.80707],[-122.44255,37.80707],[-122.44255,37.80707],[-122.44255,37.80707],[-122.44255,37.80707],[-122.44255,37.80707],[-122.44255,37.80707],[-122.44255,37.80707],[-122.44255,37.80707],[-122.44255,37.80707],[-122.44255,37.80708],[-122.44255,37.80708],[-122.44255,37.80708],[-122.44255,37.80708],[-122.44255,37.80708],[-122.44255,37.80708],[-122.44255,37.80708],[-122.44255,37.80708],[-122.44255,37.80709],[-122.44255,37.80709],[-122.44255,37.80709],[-122.44255,37.80709],[-122.44255,37.80709],[-122.44255,37.80709],[-122.44254,37.80709],[-122.44254,37.80709],[-122.44254,37.80709],[-122.44254,37.80709],[-122.44254,37.8071],[-122.44254,37.8071],[-122.44254,37.8071],[-122.44254,37.8071],[-122.44254,37.8071],[-122.44254,37.8071],[-122.44254,37.8071],[-122.44253,37.8071],[-122.44253,37.8071],[-122.44253,37.80711],[-122.44253,37.80711],[-122.44253,37.80711],[-122.44253,37.80711],[-122.44253,37.80711],[-122.44253,37.80711],[-122.44253,37.80711],[-122.44252,37.80711],[-122.44252,37.80711],[-122.44252,37.80711],[-122.44252,37.80711],[-122.44252,37.80712],[-122.44252,37.80712],[-122.44252,37.80712],[-122.44252,37.80712],[-122.44252,37.80712],[-122.44252,37.80712],[-122.44251,37.80712],[-122.44251,37.80712],[-122.44251,37.80712],[-122.44251,37.80712],[-122.44251,37.80712],[-122.44251,37.80712],[-122.44251,37.80712],[-122.4425,37.80712],[-122.4425,37.80713],[-122.4425,37.80713],[-122.4425,37.80713],[-122.4425,37.80713],[-122.4425,37.80713],[-122.44249,37.80713],[-122.44249,37.80713],[-122.44249,37.80713],[-122.44249,37.80713],[-122.44249,37.80713],[-122.44249,37.80713],[-122.44249,37.80713],[-122.44248,37.80713],[-122.44248,37.80713],[-122.44248,37.80713],[-122.44248,37.80713],[-122.44248,37.80713],[-122.44248,37.80713],[-122.44248,37.80713],[-122.44247,37.80713],[-122.44247,37.80713],[-122.44247,37.80713],[-122.44247,37.80713],[-122.44247,37.80713],[-122.44247,37.80713],[-122.44246,37.80713],[-122.44246,37.80713],[-122.44246,37.80713],[-122.44246,37.80713],[-122.44246,37.80713],[-122.44246,37.80713],[-122.44245,37.80713],[-122.44245,37.80713],[-122.44245,37.80713],[-122.44245,37.80713],[-122.44245,37.80713],[-122.44245,37.80713],[-122.44244,37.80713],[-122.44244,37.80713],[-122.44244,37.80713],[-122.44244,37.80713],[-122.44244,37.80713],[-122.44244,37.80713],[-122.44244,37.80713],[-122.44244,37.80713],[-122.44243,37.80713],[-122.44243,37.80713],[-122.44243,37.80713],[-122.44243,37.80713],[-122.44243,37.80713],[-122.44243,37.80713],[-122.44242,37.80713],[-122.44242,37.80713],[-122.44242,37.80713],[-122.44242,37.80713],[-122.44242,37.80713],[-122.44242,37.80713],[-122.44242,37.80713],[-122.44241,37.80713],[-122.44241,37.80712],[-122.44241,37.80712],[-122.4424,37.80713],[-122.44241,37.80712],[-122.44241,37.80712],[-122.44241,37.80712],[-122.4424,37.80712],[-122.4424,37.80712],[-122.4424,37.80712],[-122.4424,37.80712],[-122.4424,37.80712],[-122.4424,37.80712],[-122.4424,37.80712],[-122.44239,37.80712],[-122.44239,37.80711],[-122.44239,37.80711],[-122.44239,37.80711],[-122.44239,37.80711],[-122.44239,37.80711],[-122.44238,37.80711],[-122.44238,37.80711],[-122.44238,37.80711],[-122.44238,37.8071],[-122.44238,37.8071],[-122.44238,37.8071],[-122.44238,37.8071],[-122.44238,37.8071],[-122.44237,37.8071],[-122.44237,37.8071],[-122.44237,37.8071],[-122.44237,37.8071],[-122.44237,37.80709],[-122.44237,37.80709],[-122.44237,37.80709],[-122.44237,37.80709],[-122.44237,37.80709],[-122.44237,37.80709],[-122.44237,37.80709],[-122.44236,37.80709],[-122.44236,37.80708],[-122.44236,37.80708],[-122.44236,37.80708],[-122.44236,37.80708],[-122.44236,37.80708],[-122.44236,37.80708],[-122.44236,37.80708],[-122.44236,37.80707],[-122.44236,37.80707],[-122.44236,37.80707],[-122.44236,37.80707],[-122.44236,37.80707],[-122.44236,37.80707],[-122.44236,37.80707],[-122.44235,37.80706],[-122.44235,37.80706],[-122.44235,37.80706],[-122.44235,37.80706],[-122.44235,37.80706],[-122.44235,37.80706],[-122.44235,37.80706],[-122.44235,37.80706],[-122.44235,37.80705],[-122.44235,37.80705],[-122.44235,37.80705],[-122.44235,37.80705],[-122.44235,37.80705],[-122.44235,37.80705],[-122.44235,37.80704],[-122.44235,37.80704],[-122.44235,37.80704],[-122.44235,37.80704],[-122.44235,37.80704],[-122.44235,37.80704],[-122.44235,37.80703],[-122.44235,37.80703],[-122.44235,37.80703],[-122.44235,37.80703],[-122.44235,37.80703],[-122.44235,37.80703],[-122.44235,37.80703],[-122.44236,37.80702],[-122.44235,37.80697],[-122.44233,37.80686],[-122.44233,37.80686],[-122.44233,37.80685],[-122.44233,37.80685],[-122.44233,37.80685],[-122.44233,37.80685],[-122.44233,37.80685],[-122.44233,37.80685],[-122.44233,37.80684],[-122.44232,37.80684],[-122.44232,37.80684],[-122.44232,37.80684],[-122.44232,37.80684],[-122.44232,37.80684],[-122.44232,37.80684],[-122.44232,37.80683],[-122.44232,37.80683],[-122.44232,37.80683],[-122.44232,37.80683],[-122.44232,37.80683],[-122.44232,37.80683],[-122.44232,37.80683],[-122.44232,37.80682],[-122.44232,37.80682],[-122.44232,37.80682],[-122.44232,37.80682],[-122.44231,37.80682],[-122.44231,37.80682],[-122.44231,37.80682],[-122.44231,37.80681],[-122.44231,37.80681],[-122.44231,37.80681],[-122.44231,37.80681],[-122.44231,37.80681],[-122.44231,37.80681],[-122.44231,37.80681],[-122.4423,37.80681],[-122.4423,37.8068],[-122.4423,37.8068],[-122.4423,37.8068],[-122.4423,37.8068],[-122.4423,37.8068],[-122.4423,37.8068],[-122.4423,37.8068],[-122.44229,37.8068],[-122.44229,37.8068],[-122.44229,37.8068],[-122.44229,37.80679],[-122.44229,37.80679],[-122.44229,37.80679],[-122.44229,37.80679],[-122.44229,37.80679],[-122.44228,37.80679],[-122.44228,37.80679],[-122.44228,37.80679],[-122.44228,37.80679],[-122.44228,37.80679],[-122.44228,37.80679],[-122.44228,37.80679],[-122.44228,37.80678],[-122.44227,37.80678],[-122.44227,37.80678],[-122.44227,37.80678],[-122.44227,37.80678],[-122.44227,37.80678],[-122.44227,37.80678],[-122.44226,37.80677],[-122.44226,37.80677],[-122.44225,37.80678],[-122.44226,37.80682],[-122.44226,37.80682],[-122.44226,37.80682],[-122.4423,37.807],[-122.44233,37.80719],[-122.44233,37.80719],[-122.44257,37.80715],[-122.44257,37.80716],[-122.44258,37.80718],[-122.44258,37.80718],[-122.44253,37.80719],[-122.44232,37.80722],[-122.4423,37.80712],[-122.4423,37.80712],[-122.44228,37.80712],[-122.44225,37.80713],[-122.44225,37.80713],[-122.44221,37.80725],[-122.4422,37.80725],[-122.44219,37.80725],[-122.44219,37.80725],[-122.44223,37.80715],[-122.44222,37.80714],[-122.44222,37.80714],[-122.44218,37.80715],[-122.44214,37.80726],[-122.44214,37.80726],[-122.44212,37.80726],[-122.44216,37.80716],[-122.44214,37.80715],[-122.44212,37.80716],[-122.44211,37.80716],[-122.44211,37.80716],[-122.4421,37.8072],[-122.44207,37.80728],[-122.44206,37.80727],[-122.44209,37.80718],[-122.44207,37.80717],[-122.44207,37.80717],[-122.44198,37.80719],[-122.44195,37.80719],[-122.44191,37.80732],[-122.4419,37.80731],[-122.44193,37.80721],[-122.44192,37.8072],[-122.44188,37.80721],[-122.44183,37.80722],[-122.4418,37.80731],[-122.44179,37.8073],[-122.44179,37.8073],[-122.44181,37.80724],[-122.4418,37.80723],[-122.44171,37.80725],[-122.44168,37.80733],[-122.44168,37.80733],[-122.44167,37.80733],[-122.44167,37.80733],[-122.44169,37.80726],[-122.44168,37.80725],[-122.44168,37.80725],[-122.44159,37.80727],[-122.44156,37.80736],[-122.44156,37.80736],[-122.44155,37.80735],[-122.44155,37.80735],[-122.44157,37.80729],[-122.44156,37.80728],[-122.44156,37.80728],[-122.44154,37.80728],[-122.44153,37.80729],[-122.4415,37.80736],[-122.4415,37.80736],[-122.44149,37.80736],[-122.44149,37.80736],[-122.44151,37.80731],[-122.44149,37.80729],[-122.44146,37.8073],[-122.44146,37.8073],[-122.44143,37.80738],[-122.44143,37.80738],[-122.44142,37.80738],[-122.44142,37.80738],[-122.44144,37.80732],[-122.44143,37.80731],[-122.44142,37.80731],[-122.44135,37.80733],[-122.44133,37.80737],[-122.44132,37.80739],[-122.44132,37.8074],[-122.44131,37.80739],[-122.44131,37.80739],[-122.44133,37.80734],[-122.44132,37.80733],[-122.44127,37.80734],[-122.44124,37.80735],[-122.44124,37.80735],[-122.44122,37.80742],[-122.44122,37.80742],[-122.44121,37.80742],[-122.4412,37.80742],[-122.44122,37.80737],[-122.44121,37.80736],[-122.44121,37.80736],[-122.44116,37.80737],[-122.44113,37.80737],[-122.4411,37.80744],[-122.44109,37.80744],[-122.44111,37.80739],[-122.44109,37.80738],[-122.44109,37.80738],[-122.44102,37.8074],[-122.44101,37.8074],[-122.44099,37.80747],[-122.44098,37.80747],[-122.44098,37.80746],[-122.44098,37.80745],[-122.44099,37.80741],[-122.44097,37.80736],[-122.44096,37.80731],[-122.44097,37.80731],[-122.44097,37.80731],[-122.44099,37.80737],[-122.44101,37.80738],[-122.44104,37.80737],[-122.44109,37.80736],[-122.44109,37.80736],[-122.44109,37.80735],[-122.44107,37.80728],[-122.44107,37.80728],[-122.44108,37.80728],[-122.44108,37.80728],[-122.44111,37.80735],[-122.44112,37.80736],[-122.44115,37.80735],[-122.4412,37.80734],[-122.4412,37.80734],[-122.4412,37.80733],[-122.44118,37.80726],[-122.44118,37.80726],[-122.4412,37.80725],[-122.4412,37.80725],[-122.44122,37.80732],[-122.44123,37.80733],[-122.44124,37.80733],[-122.4413,37.80732],[-122.4413,37.80732],[-122.44131,37.8073],[-122.44129,37.80724],[-122.4413,37.80723],[-122.44133,37.8073],[-122.44134,37.80731],[-122.44134,37.80731],[-122.4414,37.80729],[-122.4414,37.80729],[-122.44141,37.80728],[-122.44139,37.80721],[-122.44139,37.80721],[-122.4414,37.80721],[-122.4414,37.80721],[-122.44142,37.80728],[-122.44144,37.80729],[-122.4415,37.80727],[-122.4415,37.80727],[-122.4415,37.80727],[-122.44151,37.80726],[-122.44149,37.80719],[-122.44149,37.80719],[-122.4415,37.80719],[-122.4415,37.80719],[-122.44152,37.80726],[-122.44154,37.80726],[-122.44154,37.80726],[-122.44158,37.80726],[-122.44161,37.80725],[-122.44162,37.80724],[-122.4416,37.80718],[-122.4416,37.80718],[-122.44161,37.80718],[-122.44161,37.80718],[-122.44163,37.80723],[-122.44164,37.80724],[-122.44164,37.80724],[-122.44171,37.80723],[-122.44171,37.80723],[-122.44172,37.80721],[-122.44171,37.80716],[-122.4417,37.80716],[-122.44171,37.80716],[-122.44172,37.80716],[-122.44174,37.80721],[-122.44175,37.80722],[-122.44175,37.80722],[-122.44181,37.8072],[-122.44181,37.8072],[-122.44182,37.80719],[-122.44181,37.80714],[-122.44182,37.80714],[-122.44184,37.80719],[-122.44185,37.8072],[-122.44188,37.80719],[-122.44191,37.80718],[-122.44191,37.80718],[-122.44192,37.80717],[-122.4419,37.80712],[-122.44191,37.80711],[-122.44193,37.80717],[-122.44194,37.80718],[-122.44194,37.80718],[-122.442,37.80716],[-122.442,37.80716],[-122.44201,37.80715],[-122.44199,37.8071],[-122.442,37.8071],[-122.44201,37.80709],[-122.44201,37.80709],[-122.44202,37.80715],[-122.44204,37.80716],[-122.44209,37.80714],[-122.4421,37.80713],[-122.44209,37.80708],[-122.44209,37.80708],[-122.4421,37.80708],[-122.4421,37.80708],[-122.44212,37.80713],[-122.44213,37.80714],[-122.44219,37.80712],[-122.4422,37.80712],[-122.44218,37.80706],[-122.44218,37.80706],[-122.44219,37.80706],[-122.44219,37.80706],[-122.44221,37.80711],[-122.44222,37.80712],[-122.44227,37.80711],[-122.44229,37.8071],[-122.44224,37.80684],[-122.44224,37.80684],[-122.44222,37.80684],[-122.44217,37.80685],[-122.44217,37.80685],[-122.44216,37.80685],[-122.44217,37.80691],[-122.44217,37.80691],[-122.44215,37.80691],[-122.44215,37.80691],[-122.44215,37.80686],[-122.44214,37.80685],[-122.44212,37.80685],[-122.44207,37.80686],[-122.44207,37.80686],[-122.44206,37.80687],[-122.44207,37.80692],[-122.44207,37.80692],[-122.44206,37.80693],[-122.44206,37.80693],[-122.44205,37.80687],[-122.44204,37.80686],[-122.44204,37.80686],[-122.44198,37.80687],[-122.44198,37.80687],[-122.44197,37.80688],[-122.44198,37.80693],[-122.44198,37.80694],[-122.44196,37.80694],[-122.44196,37.80694],[-122.44196,37.80688],[-122.44194,37.80687],[-122.44194,37.80687],[-122.44191,37.80688],[-122.44188,37.80688],[-122.44188,37.80688],[-122.44187,37.80689],[-122.44188,37.80695],[-122.44187,37.80695],[-122.44186,37.80689],[-122.44185,37.80688],[-122.44185,37.80688],[-122.44185,37.80688],[-122.44179,37.80689],[-122.44179,37.80689],[-122.44179,37.80689],[-122.44178,37.8069],[-122.44178,37.80696],[-122.44177,37.80696],[-122.44176,37.8069],[-122.44175,37.80689],[-122.44175,37.80689],[-122.44174,37.80689],[-122.44168,37.8069],[-122.44167,37.80691],[-122.44168,37.80697],[-122.44167,37.80697],[-122.44167,37.80697],[-122.44166,37.80692],[-122.44165,37.8069],[-122.44163,37.80691],[-122.44157,37.80691],[-122.44156,37.80693],[-122.44157,37.80698],[-122.44157,37.80698],[-122.44156,37.80698],[-122.44156,37.80698],[-122.44155,37.80692],[-122.44154,37.80692],[-122.44154,37.80692],[-122.44147,37.80693],[-122.44147,37.80693],[-122.44146,37.80694],[-122.44147,37.80701],[-122.44146,37.80701],[-122.44144,37.80694],[-122.44143,37.80693],[-122.44143,37.80693],[-122.4414,37.80693],[-122.44136,37.80694],[-122.44136,37.80695],[-122.44137,37.80702],[-122.44136,37.80703],[-122.44135,37.80698],[-122.44134,37.80696],[-122.44134,37.80696],[-122.44133,37.80695],[-122.44131,37.80695],[-122.44131,37.80696],[-122.44132,37.80703],[-122.44132,37.80703],[-122.4413,37.80703],[-122.4413,37.80703],[-122.44129,37.80697],[-122.44128,37.80695],[-122.44126,37.80696],[-122.44125,37.80697],[-122.44126,37.80704],[-122.44126,37.80704],[-122.44126,37.80704],[-122.44125,37.80704],[-122.44124,37.80697],[-122.44123,37.80696],[-122.44122,37.80696],[-122.44122,37.80696],[-122.44119,37.80697],[-122.44115,37.80697],[-122.44115,37.80697],[-122.44114,37.80698],[-122.44116,37.80706],[-122.44116,37.80706],[-122.44115,37.80706],[-122.44114,37.80706],[-122.44113,37.80699],[-122.44112,37.80698],[-122.44112,37.80698],[-122.44104,37.80699],[-122.44104,37.80699],[-122.44103,37.807],[-122.44104,37.80707],[-122.44103,37.80707],[-122.44103,37.80707],[-122.44103,37.80707],[-122.44102,37.807],[-122.441,37.80699],[-122.44099,37.807],[-122.44092,37.807],[-122.44092,37.807],[-122.44091,37.80702],[-122.44093,37.80708],[-122.44092,37.80708],[-122.44091,37.80708],[-122.4409,37.80699],[-122.44122,37.80694],[-122.44126,37.80694],[-122.44144,37.80691],[-122.44143,37.80688],[-122.4414,37.80688],[-122.44137,37.80688],[-122.44131,37.80688],[-122.44131,37.80688],[-122.4413,37.80688],[-122.44128,37.8069],[-122.44125,37.8069],[-122.44124,37.8069],[-122.44123,37.8069],[-122.44119,37.80692],[-122.44111,37.80692],[-122.44104,37.80693],[-122.441,37.80693],[-122.44099,37.80693],[-122.44092,37.80694],[-122.4409,37.80695],[-122.44078,37.80695],[-122.44068,37.80696],[-122.44055,37.80697],[-122.44047,37.80699],[-122.44037,37.807],[-122.44013,37.80702],[-122.4399,37.80705],[-122.43967,37.80709],[-122.43954,37.80712],[-122.43941,37.80713],[-122.43924,37.80714],[-122.4391,37.80715],[-122.43877,37.8072],[-122.4383,37.80726],[-122.43796,37.8073],[-122.43769,37.80734],[-122.43751,37.80737],[-122.43738,37.80739],[-122.43726,37.80741],[-122.43715,37.80741],[-122.43703,37.80743],[-122.43689,37.80747],[-122.43671,37.80749],[-122.43661,37.80752],[-122.43656,37.80753],[-122.43651,37.80752],[-122.4363,37.80754],[-122.43624,37.80756],[-122.43616,37.80756],[-122.43598,37.80756],[-122.43583,37.80757],[-122.43586,37.80769],[-122.43392,37.80795],[-122.43381,37.80791],[-122.43381,37.80791],[-122.43382,37.80792],[-122.43382,37.80792],[-122.43381,37.80792],[-122.43365,37.80818],[-122.43293,37.80793],[-122.43292,37.80793],[-122.43291,37.80793],[-122.43292,37.80791],[-122.43293,37.80792],[-122.43293,37.80792],[-122.43297,37.80794],[-122.43297,37.80793],[-122.43298,37.80793],[-122.43298,37.80794],[-122.43303,37.80796],[-122.43303,37.80795],[-122.43304,37.80795],[-122.43304,37.80796],[-122.43308,37.80798],[-122.43308,37.80797],[-122.43309,37.80797],[-122.43309,37.80798],[-122.43314,37.80799],[-122.43314,37.80799],[-122.43315,37.80799],[-122.43315,37.808],[-122.4332,37.80802],[-122.4332,37.80801],[-122.4332,37.80801],[-122.4332,37.80802],[-122.43325,37.80803],[-122.43325,37.80803],[-122.43326,37.80803],[-122.43326,37.80804],[-122.43331,37.80805],[-122.43331,37.80805],[-122.43331,37.80805],[-122.43331,37.80806],[-122.43336,37.80807],[-122.43336,37.80807],[-122.43337,37.80807],[-122.43337,37.80807],[-122.43341,37.80809],[-122.43341,37.80809],[-122.43342,37.80809],[-122.43342,37.80809],[-122.43347,37.80811],[-122.43347,37.80811],[-122.43347,37.8081],[-122.43347,37.80811],[-122.43352,37.80813],[-122.43352,37.80813],[-122.43353,37.80812],[-122.43353,37.80813],[-122.43357,37.80815],[-122.43357,37.80815],[-122.43358,37.80814],[-122.43358,37.80815],[-122.43363,37.80817],[-122.43363,37.80817],[-122.43364,37.80816],[-122.43364,37.80817],[-122.43364,37.80817],[-122.43365,37.80816],[-122.43363,37.80816],[-122.43364,37.80815],[-122.43365,37.80816],[-122.43367,37.80812],[-122.43366,37.80812],[-122.43366,37.80811],[-122.43367,37.80812],[-122.4337,37.80808],[-122.43368,37.80808],[-122.43368,37.80807],[-122.4337,37.80808],[-122.43372,37.80804],[-122.43371,37.80803],[-122.43371,37.80803],[-122.43372,37.80803],[-122.43375,37.808],[-122.43373,37.80799],[-122.43373,37.80799],[-122.43375,37.80799],[-122.43377,37.80796],[-122.43375,37.80795],[-122.43376,37.80795],[-122.43377,37.80795],[-122.4338,37.80791],[-122.43379,37.80791],[-122.43379,37.80791],[-122.4338,37.80791],[-122.4338,37.8079],[-122.43376,37.80789],[-122.43376,37.80787],[-122.43393,37.80793],[-122.43584,37.80768],[-122.43583,37.80766],[-122.43574,37.80767],[-122.43574,37.80767],[-122.43392,37.8079],[-122.43389,37.80779],[-122.43391,37.80779],[-122.43393,37.80789],[-122.43404,37.80787],[-122.43404,37.80785],[-122.43403,37.80778],[-122.43404,37.80778],[-122.43406,37.80785],[-122.43407,37.80787],[-122.43416,37.80786],[-122.43416,37.80784],[-122.43415,37.80776],[-122.43416,37.80776],[-122.43418,37.80784],[-122.43419,37.80785],[-122.43428,37.80784],[-122.43429,37.80782],[-122.43427,37.80775],[-122.43429,37.80774],[-122.4343,37.80782],[-122.43431,37.80784],[-122.43441,37.80783],[-122.43441,37.80781],[-122.4344,37.80773],[-122.43441,37.80773],[-122.43443,37.8078],[-122.43444,37.80782],[-122.43452,37.80781],[-122.43453,37.80779],[-122.43451,37.80772],[-122.43452,37.80771],[-122.43454,37.80779],[-122.43455,37.80781],[-122.43464,37.8078],[-122.43464,37.80778],[-122.43462,37.8077],[-122.43464,37.8077],[-122.43465,37.80778],[-122.43467,37.80779],[-122.43475,37.80778],[-122.43475,37.80776],[-122.43474,37.80769],[-122.43475,37.80769],[-122.43477,37.80776],[-122.43478,37.80778],[-122.43487,37.80777],[-122.43488,37.80775],[-122.43486,37.80767],[-122.43487,37.80767],[-122.43489,37.80775],[-122.4349,37.80776],[-122.43498,37.80775],[-122.43498,37.80773],[-122.43496,37.80766],[-122.43498,37.80766],[-122.43499,37.80773],[-122.43501,37.80775],[-122.43509,37.80774],[-122.43509,37.80772],[-122.43507,37.80764],[-122.43509,37.80764],[-122.4351,37.80772],[-122.43512,37.80774],[-122.43519,37.80773],[-122.4352,37.80771],[-122.43518,37.80763],[-122.4352,37.80763],[-122.43521,37.8077],[-122.43522,37.80772],[-122.4353,37.80771],[-122.43531,37.80769],[-122.43529,37.80762],[-122.43531,37.80762],[-122.43532,37.80769],[-122.43533,37.80771],[-122.4354,37.8077],[-122.43541,37.80768],[-122.43539,37.8076],[-122.43541,37.8076],[-122.43542,37.80768],[-122.43543,37.8077],[-122.43551,37.80769],[-122.43551,37.80766],[-122.4355,37.80759],[-122.43551,37.80759],[-122.43553,37.80766],[-122.43554,37.80768],[-122.43561,37.80767],[-122.43561,37.80765],[-122.4356,37.80758],[-122.43561,37.80758],[-122.43563,37.80765],[-122.43564,37.80767],[-122.43571,37.80766],[-122.43572,37.80764],[-122.4357,37.80757],[-122.43571,37.80756],[-122.43573,37.80766],[-122.43574,37.80766],[-122.43574,37.80766],[-122.43583,37.80765],[-122.43581,37.80757],[-122.43581,37.80757],[-122.43581,37.80757],[-122.43581,37.80757],[-122.43581,37.80757],[-122.4358,37.80757],[-122.4358,37.80757],[-122.4358,37.80757],[-122.4358,37.80757],[-122.4358,37.80757],[-122.4358,37.80757],[-122.4358,37.80757],[-122.43579,37.80757],[-122.43579,37.80757],[-122.43579,37.80757],[-122.43579,37.80757],[-122.43579,37.80757],[-122.43579,37.80757],[-122.43579,37.80757],[-122.43578,37.80757],[-122.43578,37.80757],[-122.43578,37.80757],[-122.43578,37.80757],[-122.43578,37.80757],[-122.43578,37.80757],[-122.43578,37.80757],[-122.43577,37.80757],[-122.43577,37.80757],[-122.43577,37.80757],[-122.43577,37.80757],[-122.43577,37.80757],[-122.43577,37.80757],[-122.43577,37.80757],[-122.43577,37.80757],[-122.43576,37.80757],[-122.43576,37.80757],[-122.43576,37.80756],[-122.43576,37.80756],[-122.43576,37.80756],[-122.43576,37.80756],[-122.43576,37.80756],[-122.43576,37.80756],[-122.43575,37.80756],[-122.43575,37.80756],[-122.43575,37.80756],[-122.43575,37.80756],[-122.43575,37.80756],[-122.43575,37.80756],[-122.43575,37.80756],[-122.43575,37.80756],[-122.43575,37.80755],[-122.43574,37.80755],[-122.43574,37.80755],[-122.43574,37.80755],[-122.43574,37.80755],[-122.43574,37.80755],[-122.43574,37.80755],[-122.43574,37.80755],[-122.43574,37.80755],[-122.43574,37.80755],[-122.43574,37.80755],[-122.43573,37.80755],[-122.43573,37.80754],[-122.43573,37.80754],[-122.43573,37.80754],[-122.43573,37.80754],[-122.43573,37.80754],[-122.43573,37.80754],[-122.43573,37.80754],[-122.43573,37.80754],[-122.43573,37.80754],[-122.43573,37.80754],[-122.43573,37.80753],[-122.43573,37.80753],[-122.43573,37.80753],[-122.43572,37.80753],[-122.43572,37.80753],[-122.43572,37.80753],[-122.43572,37.80753],[-122.43572,37.80753],[-122.43572,37.80753],[-122.43572,37.80752],[-122.43572,37.80752],[-122.43572,37.80752],[-122.43572,37.80752],[-122.43572,37.80752],[-122.43572,37.80752],[-122.43572,37.80752],[-122.43572,37.80752],[-122.43572,37.80752],[-122.43572,37.80751],[-122.43572,37.80751],[-122.43572,37.80751],[-122.43572,37.80751],[-122.43572,37.80751],[-122.43572,37.80751],[-122.43572,37.80751],[-122.43568,37.80741],[-122.43567,37.80732],[-122.43566,37.80726],[-122.43564,37.80726],[-122.43564,37.80727],[-122.43564,37.80727],[-122.43565,37.80736],[-122.43564,37.80736],[-122.43562,37.80729],[-122.43561,37.80727],[-122.43554,37.80728],[-122.43553,37.8073],[-122.43555,37.80737],[-122.43554,37.80738],[-122.43552,37.8073],[-122.4355,37.80728],[-122.43544,37.80729],[-122.43543,37.80731],[-122.43545,37.80739],[-122.43544,37.80739],[-122.43542,37.80731],[-122.4354,37.8073],[-122.43534,37.8073],[-122.43533,37.80732],[-122.43535,37.8074],[-122.43533,37.8074],[-122.43532,37.80732],[-122.4353,37.80731],[-122.43524,37.80732],[-122.43523,37.80734],[-122.43524,37.80741],[-122.43523,37.80741],[-122.43521,37.80734],[-122.4352,37.80732],[-122.43513,37.80733],[-122.43512,37.80735],[-122.43513,37.80743],[-122.43512,37.80743],[-122.43511,37.80735],[-122.43509,37.80734],[-122.43502,37.80734],[-122.43501,37.80736],[-122.43503,37.80744],[-122.43501,37.80744],[-122.435,37.80736],[-122.43498,37.80735],[-122.43491,37.80736],[-122.4349,37.80738],[-122.43492,37.80745],[-122.4349,37.80746],[-122.43489,37.80738],[-122.43487,37.80736],[-122.4348,37.80737],[-122.43479,37.80739],[-122.4348,37.80747],[-122.43479,37.80747],[-122.43478,37.80739],[-122.43476,37.80738],[-122.43469,37.80739],[-122.43468,37.8074],[-122.4347,37.80748],[-122.43468,37.80748],[-122.43467,37.80741],[-122.43465,37.80739],[-122.43458,37.8074],[-122.43457,37.80742],[-122.43458,37.8075],[-122.43457,37.8075],[-122.43455,37.80742],[-122.43454,37.8074],[-122.43446,37.80741],[-122.43445,37.80743],[-122.43447,37.80751],[-122.43445,37.80751],[-122.43444,37.80743],[-122.43442,37.80742],[-122.43435,37.80743],[-122.43434,37.80745],[-122.43436,37.80752],[-122.43434,37.80753],[-122.43433,37.80745],[-122.43431,37.80743],[-122.43423,37.80744],[-122.43422,37.80746],[-122.43424,37.80754],[-122.43422,37.80754],[-122.43421,37.80746],[-122.43419,37.80745],[-122.43411,37.80746],[-122.4341,37.80748],[-122.43412,37.80755],[-122.4341,37.80756],[-122.43409,37.80748],[-122.43407,37.80746],[-122.43399,37.80747],[-122.43398,37.80749],[-122.434,37.80757],[-122.43399,37.80757],[-122.43397,37.80749],[-122.43395,37.80748],[-122.43387,37.80749],[-122.43386,37.80751],[-122.43388,37.80758],[-122.43386,37.80759],[-122.43385,37.80751],[-122.43383,37.80749],[-122.43374,37.8075],[-122.43374,37.80752],[-122.43375,37.8076],[-122.43374,37.8076],[-122.43372,37.80752],[-122.43371,37.80751],[-122.43361,37.80752],[-122.4336,37.80754],[-122.43361,37.80762],[-122.4336,37.80762],[-122.43356,37.80743],[-122.43357,37.80743],[-122.43359,37.80749],[-122.4336,37.80751],[-122.43368,37.8075],[-122.43369,37.80748],[-122.43367,37.80741],[-122.43369,37.80741],[-122.4337,37.80748],[-122.43372,37.80749],[-122.4338,37.80748],[-122.4338,37.80746],[-122.43379,37.8074],[-122.4338,37.8074],[-122.43382,37.80746],[-122.43383,37.80748],[-122.43391,37.80747],[-122.43392,37.80745],[-122.43391,37.80738],[-122.43392,37.80738],[-122.43393,37.80745],[-122.43395,37.80746],[-122.43403,37.80745],[-122.43403,37.80744],[-122.43402,37.80737],[-122.43404,37.80737],[-122.43405,37.80743],[-122.43406,37.80745],[-122.43413,37.80744],[-122.43414,37.80742],[-122.43413,37.80736],[-122.43414,37.80735],[-122.43416,37.80742],[-122.43417,37.80743],[-122.43425,37.80742],[-122.43425,37.80741],[-122.43424,37.80734],[-122.43425,37.80734],[-122.43427,37.80741],[-122.43428,37.80742],[-122.43435,37.80741],[-122.43436,37.80739],[-122.43435,37.80733],[-122.43436,37.80733],[-122.43437,37.80739],[-122.43439,37.80741],[-122.43446,37.8074],[-122.43447,37.80738],[-122.43446,37.80732],[-122.43447,37.80731],[-122.43448,37.80738],[-122.4345,37.80739],[-122.43457,37.80738],[-122.43458,37.80737],[-122.43457,37.8073],[-122.43458,37.8073],[-122.43459,37.80736],[-122.43461,37.80738],[-122.43468,37.80737],[-122.43469,37.80735],[-122.43468,37.80729],[-122.43469,37.80729],[-122.4347,37.80735],[-122.43472,37.80737],[-122.43478,37.80736],[-122.43479,37.80734],[-122.43478,37.80728],[-122.43479,37.80727],[-122.43481,37.80734],[-122.43482,37.80735],[-122.43488,37.80734],[-122.43489,37.80733],[-122.43488,37.80726],[-122.43489,37.80726],[-122.43491,37.80733],[-122.43492,37.80734],[-122.43499,37.80733],[-122.435,37.80731],[-122.43498,37.80725],[-122.435,37.80725],[-122.43501,37.80731],[-122.43503,37.80733],[-122.43509,37.80732],[-122.4351,37.8073],[-122.43509,37.80724],[-122.4351,37.80724],[-122.43511,37.8073],[-122.43513,37.80731],[-122.43519,37.80731],[-122.4352,37.80729],[-122.43519,37.80722],[-122.4352,37.80722],[-122.43522,37.80729],[-122.43523,37.8073],[-122.4353,37.80729],[-122.4353,37.80728],[-122.43529,37.80721],[-122.43531,37.80721],[-122.43532,37.80727],[-122.43533,37.80729],[-122.4354,37.80728],[-122.43541,37.80726],[-122.43539,37.8072],[-122.43541,37.8072],[-122.43542,37.80726],[-122.43544,37.80728],[-122.43545,37.80727],[-122.43546,37.80726],[-122.43545,37.80719],[-122.43546,37.80719],[-122.43547,37.80725],[-122.43549,37.80727],[-122.4355,37.80727],[-122.43551,37.80725],[-122.4355,37.80719],[-122.43551,37.80718],[-122.43552,37.80725],[-122.43554,37.80726],[-122.4356,37.80725],[-122.43561,37.80724],[-122.4356,37.80717],[-122.43561,37.80717],[-122.43563,37.80725],[-122.43563,37.80725],[-122.43566,37.80725],[-122.43559,37.80692],[-122.43559,37.80692],[-122.43559,37.80692],[-122.43559,37.80692],[-122.43559,37.80692],[-122.43559,37.80692],[-122.43559,37.80692],[-122.43559,37.80691],[-122.43559,37.80691],[-122.43558,37.80691],[-122.43558,37.80691],[-122.43558,37.80691],[-122.43558,37.80691],[-122.43558,37.80691],[-122.43558,37.80691],[-122.43558,37.8069],[-122.43556,37.80691],[-122.43557,37.80699],[-122.43556,37.807],[-122.43554,37.80691],[-122.43553,37.80691],[-122.43553,37.80692],[-122.43547,37.80692],[-122.43546,37.80694],[-122.43547,37.80701],[-122.43546,37.80701],[-122.43545,37.80695],[-122.43543,37.80693],[-122.43537,37.80694],[-122.43536,37.80696],[-122.43537,37.80702],[-122.43535,37.80702],[-122.43534,37.80696],[-122.43532,37.80694],[-122.43527,37.80695],[-122.43525,37.80697],[-122.43527,37.80703],[-122.43525,37.80703],[-122.43524,37.80697],[-122.43522,37.80696],[-122.43516,37.80696],[-122.43515,37.80698],[-122.43516,37.80705],[-122.43515,37.80705],[-122.43514,37.80698],[-122.43512,37.80697],[-122.43506,37.80698],[-122.43505,37.807],[-122.43506,37.80706],[-122.43505,37.80706],[-122.43503,37.807],[-122.43501,37.80698],[-122.43496,37.80699],[-122.43495,37.80701],[-122.43496,37.80707],[-122.43495,37.80707],[-122.43493,37.80701],[-122.43491,37.80699],[-122.43486,37.807],[-122.43484,37.80702],[-122.43486,37.80708],[-122.43484,37.80709],[-122.43483,37.80702],[-122.43481,37.80701],[-122.43476,37.80701],[-122.43474,37.80703],[-122.43475,37.8071],[-122.43474,37.8071],[-122.43473,37.80704],[-122.43471,37.80702],[-122.43465,37.80703],[-122.43464,37.80705],[-122.43465,37.80711],[-122.43464,37.80711],[-122.43462,37.80705],[-122.4346,37.80703],[-122.43455,37.80704],[-122.43453,37.80706],[-122.43455,37.80712],[-122.43453,37.80713],[-122.43452,37.80706],[-122.4345,37.80705],[-122.43444,37.80705],[-122.43443,37.80707],[-122.43444,37.80714],[-122.43443,37.80714],[-122.43441,37.80708],[-122.43439,37.80706],[-122.43433,37.80707],[-122.43432,37.80709],[-122.43433,37.80715],[-122.43432,37.80715],[-122.43431,37.80709],[-122.43429,37.80707],[-122.43422,37.80708],[-122.43421,37.8071],[-122.43422,37.80716],[-122.43421,37.80717],[-122.4342,37.8071],[-122.43417,37.80709],[-122.43411,37.8071],[-122.4341,37.80712],[-122.43411,37.80718],[-122.43409,37.80718],[-122.43408,37.80712],[-122.43406,37.8071],[-122.43401,37.80711],[-122.434,37.80713],[-122.43401,37.80719],[-122.434,37.80719],[-122.43398,37.80713],[-122.43396,37.80711],[-122.43389,37.80712],[-122.43388,37.80714],[-122.43389,37.80721],[-122.43388,37.80721],[-122.43387,37.80714],[-122.43385,37.80713],[-122.43378,37.80714],[-122.43377,37.80716],[-122.43378,37.80722],[-122.43377,37.80722],[-122.43375,37.80716],[-122.43373,37.80714],[-122.43367,37.80715],[-122.43365,37.80717],[-122.43367,37.80724],[-122.43365,37.80724],[-122.43364,37.80717],[-122.43362,37.80716],[-122.43355,37.80717],[-122.43354,37.80719],[-122.43355,37.80725],[-122.43354,37.80725],[-122.43353,37.80719],[-122.43351,37.80717],[-122.43344,37.80718],[-122.43343,37.8072],[-122.43344,37.80726],[-122.43343,37.80727],[-122.43341,37.8072],[-122.43339,37.80719],[-122.43333,37.80719],[-122.43331,37.80721],[-122.43333,37.80728],[-122.43331,37.80728],[-122.4333,37.80722],[-122.43328,37.8072],[-122.43321,37.80721],[-122.4332,37.80723],[-122.43321,37.80729],[-122.4332,37.80729],[-122.43319,37.80723],[-122.43317,37.80721],[-122.43308,37.80723],[-122.43309,37.80731],[-122.43308,37.80731],[-122.43304,37.80713],[-122.43306,37.80713],[-122.43307,37.80721],[-122.43316,37.8072],[-122.43317,37.80718],[-122.43316,37.80712],[-122.43318,37.80711],[-122.43319,37.80718],[-122.43321,37.80719],[-122.43328,37.80718],[-122.43329,37.80717],[-122.43328,37.8071],[-122.43329,37.8071],[-122.4333,37.80717],[-122.43332,37.80718],[-122.43338,37.80717],[-122.43339,37.80715],[-122.43338,37.80709],[-122.43339,37.80709],[-122.43341,37.80715],[-122.43343,37.80717],[-122.43349,37.80716],[-122.4335,37.80714],[-122.43349,37.80708],[-122.4335,37.80707],[-122.43351,37.80714],[-122.43353,37.80715],[-122.43359,37.80714],[-122.4336,37.80713],[-122.43359,37.80706],[-122.4336,37.80706],[-122.43362,37.80713],[-122.43363,37.80714],[-122.43369,37.80713],[-122.4337,37.80712],[-122.43369,37.80705],[-122.4337,37.80705],[-122.43371,37.80711],[-122.43373,37.80713],[-122.4338,37.80712],[-122.43381,37.8071],[-122.4338,37.80704],[-122.43381,37.80703],[-122.43382,37.8071],[-122.43384,37.80711],[-122.43385,37.80711],[-122.43386,37.8071],[-122.43385,37.80703],[-122.43386,37.80703],[-122.43387,37.80709],[-122.43389,37.80711],[-122.4339,37.80711],[-122.43391,37.80709],[-122.4339,37.80702],[-122.43391,37.80702],[-122.43393,37.80709],[-122.43394,37.8071],[-122.43402,37.80709],[-122.43403,37.80707],[-122.43401,37.80701],[-122.43403,37.80701],[-122.43404,37.80707],[-122.43406,37.80709],[-122.43442,37.80704],[-122.43442,37.80699],[-122.43429,37.807],[-122.43428,37.807],[-122.43428,37.807],[-122.43428,37.807],[-122.43428,37.807],[-122.43427,37.807],[-122.43427,37.807],[-122.43427,37.807],[-122.43426,37.807],[-122.43426,37.807],[-122.43426,37.807],[-122.43426,37.807],[-122.43425,37.807],[-122.43425,37.807],[-122.43425,37.807],[-122.43424,37.807],[-122.43424,37.807],[-122.43424,37.807],[-122.43424,37.807],[-122.43423,37.807],[-122.43423,37.807],[-122.43423,37.807],[-122.43422,37.807],[-122.43422,37.807],[-122.43422,37.807],[-122.43422,37.807],[-122.43421,37.807],[-122.43421,37.80699],[-122.43421,37.80699],[-122.43421,37.80699],[-122.4342,37.80699],[-122.4342,37.80699],[-122.4342,37.80699],[-122.4342,37.80699],[-122.43419,37.80699],[-122.43419,37.80699],[-122.43419,37.80699],[-122.43419,37.80698],[-122.43418,37.80698],[-122.43418,37.80698],[-122.43418,37.80698],[-122.43418,37.80698],[-122.43417,37.80698],[-122.43417,37.80698],[-122.43417,37.80697],[-122.43417,37.80697],[-122.43416,37.80697],[-122.43416,37.80697],[-122.43416,37.80697],[-122.43416,37.80697],[-122.43416,37.80697],[-122.43415,37.80696],[-122.43415,37.80696],[-122.43415,37.80696],[-122.43415,37.80696],[-122.43415,37.80696],[-122.43415,37.80696],[-122.43414,37.80695],[-122.43414,37.80695],[-122.43414,37.80695],[-122.43414,37.80695],[-122.43414,37.80695],[-122.43414,37.80694],[-122.43413,37.80694],[-122.43413,37.80694],[-122.43413,37.80694],[-122.43413,37.80694],[-122.43413,37.80693],[-122.43413,37.80693],[-122.43413,37.80693],[-122.43412,37.80693],[-122.43412,37.8069],[-122.4341,37.80686],[-122.4341,37.80685],[-122.43409,37.80685],[-122.43409,37.80684],[-122.43409,37.80684],[-122.43408,37.80683],[-122.43408,37.80683],[-122.43408,37.80682],[-122.43408,37.80682],[-122.43407,37.80681],[-122.43407,37.80681],[-122.43407,37.8068],[-122.43407,37.8068],[-122.43406,37.80679],[-122.43406,37.80678],[-122.43406,37.80678],[-122.43406,37.80677],[-122.43406,37.80677],[-122.43406,37.80676],[-122.43405,37.80676],[-122.43405,37.80675],[-122.43405,37.80675],[-122.43405,37.80674],[-122.43405,37.80673],[-122.43401,37.80674],[-122.43401,37.80674],[-122.43399,37.80675],[-122.43397,37.80676],[-122.43399,37.80682],[-122.43397,37.80682],[-122.43396,37.80677],[-122.43394,37.80675],[-122.43387,37.80676],[-122.43385,37.80678],[-122.43386,37.80683],[-122.43385,37.80684],[-122.43384,37.80678],[-122.43382,37.80677],[-122.43376,37.80678],[-122.43374,37.80679],[-122.43375,37.80685],[-122.43374,37.80685],[-122.43373,37.8068],[-122.43371,37.80678],[-122.43365,37.80679],[-122.43364,37.80681],[-122.43365,37.80686],[-122.43364,37.80686],[-122.43362,37.80681],[-122.4336,37.80679],[-122.43355,37.8068],[-122.43354,37.80682],[-122.43355,37.80687],[-122.43354,37.80687],[-122.43353,37.80682],[-122.43351,37.80681],[-122.43345,37.80681],[-122.43343,37.80683],[-122.43345,37.80689],[-122.43343,37.80689],[-122.43342,37.80683],[-122.4334,37.80682],[-122.43335,37.80683],[-122.43334,37.80684],[-122.43335,37.8069],[-122.43334,37.8069],[-122.43333,37.80685],[-122.43331,37.80683],[-122.43326,37.80684],[-122.43324,37.80686],[-122.43326,37.80691],[-122.43324,37.80691],[-122.43323,37.80686],[-122.43321,37.80684],[-122.43316,37.80685],[-122.43314,37.80687],[-122.43315,37.80692],[-122.43314,37.80692],[-122.43313,37.80687],[-122.43311,37.80686],[-122.43306,37.80686],[-122.43304,37.80688],[-122.43305,37.80693],[-122.43304,37.80694],[-122.43303,37.80688],[-122.43301,37.80687],[-122.43293,37.80688],[-122.43294,37.80695],[-122.43293,37.80695],[-122.4329,37.8068],[-122.43291,37.80679],[-122.43292,37.80686],[-122.43301,37.80685],[-122.43302,37.80684],[-122.43301,37.80678],[-122.43302,37.80678],[-122.43303,37.80683],[-122.43305,37.80685],[-122.43311,37.80684],[-122.43312,37.80682],[-122.43311,37.80677],[-122.43313,37.80677],[-122.43314,37.80682],[-122.43315,37.80683],[-122.43321,37.80683],[-122.43322,37.80681],[-122.43321,37.80676],[-122.43323,37.80675],[-122.43324,37.80681],[-122.43326,37.80682],[-122.43332,37.80681],[-122.43333,37.8068],[-122.43332,37.80674],[-122.43333,37.80674],[-122.43334,37.80679],[-122.43336,37.80681],[-122.43342,37.8068],[-122.43343,37.80678],[-122.43342,37.80673],[-122.43343,37.80673],[-122.43344,37.80678],[-122.43346,37.8068],[-122.43352,37.80679],[-122.43353,37.80677],[-122.43352,37.80672],[-122.43353,37.80672],[-122.43354,37.80677],[-122.43356,37.80678],[-122.43361,37.80678],[-122.43362,37.80676],[-122.43361,37.80671],[-122.43363,37.8067],[-122.43364,37.80676],[-122.43365,37.80677],[-122.43371,37.80676],[-122.43372,37.80675],[-122.43371,37.80669],[-122.43372,37.80669],[-122.43373,37.80675],[-122.43375,37.80676],[-122.4338,37.80675],[-122.43381,37.80674],[-122.4338,37.80668],[-122.43381,37.80668],[-122.43382,37.80673],[-122.43384,37.80675],[-122.4339,37.80674],[-122.43391,37.80672],[-122.4339,37.80667],[-122.43391,37.80667],[-122.43392,37.80672],[-122.43394,37.80674],[-122.434,37.80673],[-122.434,37.80673],[-122.43401,37.80673],[-122.43399,37.80666],[-122.43401,37.80666],[-122.43402,37.80672],[-122.43405,37.80672],[-122.43405,37.80672],[-122.43405,37.80671],[-122.43405,37.8067],[-122.43405,37.8067],[-122.43405,37.80669],[-122.43405,37.80669],[-122.43405,37.80668],[-122.43405,37.80668],[-122.43405,37.80667],[-122.43402,37.80649],[-122.43402,37.80649],[-122.43402,37.80649],[-122.43401,37.80648],[-122.43401,37.80648],[-122.43401,37.80648],[-122.43401,37.80648],[-122.43401,37.80647],[-122.434,37.80647],[-122.434,37.80647],[-122.434,37.80646],[-122.434,37.80646],[-122.434,37.80646],[-122.434,37.80645],[-122.434,37.80645],[-122.434,37.80645],[-122.434,37.80644],[-122.43399,37.80644],[-122.43399,37.80643],[-122.43396,37.80644],[-122.43398,37.8065],[-122.43396,37.8065],[-122.43395,37.80645],[-122.43393,37.80644],[-122.43389,37.80644],[-122.43387,37.80646],[-122.43388,37.80651],[-122.43387,37.80652],[-122.43386,37.80646],[-122.43384,37.80645],[-122.43379,37.80645],[-122.43378,37.80647],[-122.43379,37.80653],[-122.43377,37.80653],[-122.43376,37.80647],[-122.43374,37.80646],[-122.4337,37.80647],[-122.43368,37.80648],[-122.43369,37.80654],[-122.43368,37.80654],[-122.43367,37.80648],[-122.43365,37.80647],[-122.4336,37.80648],[-122.43358,37.8065],[-122.43359,37.80655],[-122.43358,37.80655],[-122.43357,37.8065],[-122.43355,37.80649],[-122.4335,37.80649],[-122.43349,37.80651],[-122.4335,37.80656],[-122.43349,37.80657],[-122.43348,37.80651],[-122.43346,37.8065],[-122.4334,37.80651],[-122.43339,37.80652],[-122.4334,37.80658],[-122.43339,37.80658],[-122.43338,37.80652],[-122.43336,37.80651],[-122.43331,37.80652],[-122.43329,37.80653],[-122.4333,37.80659],[-122.43329,37.80659],[-122.43328,37.80653],[-122.43326,37.80652],[-122.43321,37.80653],[-122.43319,37.80655],[-122.4332,37.8066],[-122.43319,37.8066],[-122.43318,37.80655],[-122.43316,37.80654],[-122.4331,37.80655],[-122.43309,37.80656],[-122.4331,37.80662],[-122.43308,37.80662],[-122.43307,37.80656],[-122.43305,37.80655],[-122.43299,37.80656],[-122.43298,37.80658],[-122.43299,37.80663],[-122.43297,37.80663],[-122.43296,37.80658],[-122.43294,37.80657],[-122.43289,37.80657],[-122.43287,37.80659],[-122.43288,37.80664],[-122.43287,37.80665],[-122.43284,37.80649],[-122.43286,37.80649],[-122.43286,37.80655],[-122.43288,37.80656],[-122.43295,37.80655],[-122.43296,37.80653],[-122.43295,37.80648],[-122.43296,37.80648],[-122.43297,37.80653],[-122.43298,37.80654],[-122.43306,37.80653],[-122.43306,37.80652],[-122.43305,37.80647],[-122.43307,37.80646],[-122.43308,37.80652],[-122.43309,37.80653],[-122.43316,37.80652],[-122.43317,37.80651],[-122.43316,37.80645],[-122.43317,37.80645],[-122.43318,37.80651],[-122.4332,37.80652],[-122.43326,37.80651],[-122.43327,37.80649],[-122.43326,37.80644],[-122.43327,37.80644],[-122.43328,37.80649],[-122.43329,37.8065],[-122.43336,37.80649],[-122.43337,37.80648],[-122.43336,37.80642],[-122.43337,37.80642],[-122.43338,37.80648],[-122.43339,37.80649],[-122.43345,37.80648],[-122.43346,37.80647],[-122.43345,37.80641],[-122.43347,37.80641],[-122.43348,37.80647],[-122.43349,37.80648],[-122.43355,37.80647],[-122.43356,37.80646],[-122.43355,37.8064],[-122.43357,37.8064],[-122.43357,37.80645],[-122.43359,37.80646],[-122.43365,37.80646],[-122.43366,37.80644],[-122.43365,37.80639],[-122.43366,37.80638],[-122.43367,37.80644],[-122.43368,37.80645],[-122.43375,37.80644],[-122.43375,37.80643],[-122.43375,37.80637],[-122.43376,37.80637],[-122.43377,37.80643],[-122.43378,37.80644],[-122.43384,37.80643],[-122.43385,37.80642],[-122.43384,37.80636],[-122.43386,37.80636],[-122.43387,37.80642],[-122.43388,37.80643],[-122.43393,37.80642],[-122.43394,37.80641],[-122.43393,37.80635],[-122.43395,37.80635],[-122.43396,37.80643],[-122.43399,37.80642],[-122.43399,37.80642],[-122.43399,37.80642],[-122.43399,37.80641],[-122.43399,37.80641],[-122.43399,37.80641],[-122.43399,37.8064],[-122.43399,37.8064],[-122.43399,37.8064],[-122.43399,37.80639],[-122.43399,37.80639],[-122.43399,37.80639],[-122.43399,37.80638],[-122.43399,37.80638],[-122.43399,37.80638],[-122.43399,37.80637],[-122.43399,37.80637],[-122.43399,37.80637],[-122.43399,37.80636],[-122.434,37.80636],[-122.43398,37.80633],[-122.43394,37.80623],[-122.43395,37.80618],[-122.43394,37.80613],[-122.4339,37.80613],[-122.43391,37.8062],[-122.43389,37.8062],[-122.43389,37.80614],[-122.43387,37.80613],[-122.43382,37.80614],[-122.43381,37.80615],[-122.43382,37.80621],[-122.4338,37.80621],[-122.4338,37.80615],[-122.43378,37.80614],[-122.43373,37.80615],[-122.43372,37.80616],[-122.43372,37.80622],[-122.43371,37.80622],[-122.4337,37.80617],[-122.43368,37.80616],[-122.43363,37.80616],[-122.43362,37.80618],[-122.43363,37.80623],[-122.43361,37.80623],[-122.43361,37.80618],[-122.43359,37.80617],[-122.43353,37.80617],[-122.43352,37.80619],[-122.43353,37.80625],[-122.43352,37.80625],[-122.43351,37.80619],[-122.43349,37.80618],[-122.43344,37.80619],[-122.43343,37.8062],[-122.43343,37.80626],[-122.43342,37.80626],[-122.43341,37.8062],[-122.4334,37.80619],[-122.43334,37.8062],[-122.43333,37.80621],[-122.43334,37.80627],[-122.43332,37.80627],[-122.43332,37.80622],[-122.4333,37.8062],[-122.43324,37.80621],[-122.43323,37.80623],[-122.43324,37.80628],[-122.43322,37.80628],[-122.43322,37.80623],[-122.4332,37.80622],[-122.43314,37.80623],[-122.43313,37.80624],[-122.43314,37.8063],[-122.43312,37.8063],[-122.43312,37.80624],[-122.4331,37.80623],[-122.43304,37.80624],[-122.43303,37.80625],[-122.43304,37.80631],[-122.43302,37.80631],[-122.43301,37.80625],[-122.433,37.80624],[-122.43293,37.80625],[-122.43292,37.80627],[-122.43293,37.80632],[-122.43291,37.80632],[-122.4329,37.80627],[-122.43289,37.80626],[-122.43282,37.80627],[-122.43281,37.80628],[-122.43282,37.80634],[-122.43281,37.80634],[-122.43277,37.80618],[-122.43279,37.80618],[-122.4328,37.80624],[-122.43281,37.80625],[-122.43288,37.80624],[-122.43289,37.80623],[-122.43288,37.80617],[-122.4329,37.80617],[-122.43291,37.80622],[-122.43292,37.80624],[-122.43299,37.80623],[-122.433,37.80621],[-122.43299,37.80616],[-122.43301,37.80616],[-122.43302,37.80621],[-122.43303,37.80622],[-122.43309,37.80621],[-122.4331,37.8062],[-122.4331,37.80614],[-122.43311,37.80614],[-122.43312,37.8062],[-122.43313,37.80621],[-122.43319,37.8062],[-122.43321,37.80619],[-122.4332,37.80613],[-122.43321,37.80613],[-122.43322,37.80618],[-122.43323,37.8062],[-122.43329,37.80619],[-122.43331,37.80618],[-122.4333,37.80612],[-122.43331,37.80612],[-122.43332,37.80617],[-122.43333,37.80618],[-122.43339,37.80618],[-122.4334,37.80616],[-122.4334,37.80611],[-122.43341,37.8061],[-122.43342,37.80616],[-122.43343,37.80617],[-122.43348,37.80616],[-122.4335,37.80615],[-122.43349,37.80609],[-122.4335,37.80609],[-122.43351,37.80615],[-122.43352,37.80616],[-122.43358,37.80615],[-122.43359,37.80614],[-122.43359,37.80608],[-122.4336,37.80608],[-122.43361,37.80614],[-122.43362,37.80615],[-122.43368,37.80614],[-122.43369,37.80613],[-122.43368,37.80607],[-122.4337,37.80607],[-122.4337,37.80612],[-122.43372,37.80613],[-122.43377,37.80613],[-122.43379,37.80611],[-122.43378,37.80606],[-122.43379,37.80606],[-122.4338,37.80611],[-122.43382,37.80612],[-122.43387,37.80612],[-122.43388,37.8061],[-122.43387,37.80604],[-122.43389,37.80604],[-122.4339,37.80612],[-122.43394,37.80612],[-122.43387,37.80582],[-122.43382,37.80583],[-122.43382,37.80583],[-122.43381,37.80583],[-122.4338,37.80584],[-122.43381,37.8059],[-122.43379,37.8059],[-122.43378,37.80584],[-122.43377,37.80583],[-122.43376,37.80584],[-122.43375,37.80585],[-122.43376,37.80591],[-122.43375,37.80591],[-122.43374,37.80585],[-122.43372,37.80584],[-122.43371,37.80584],[-122.4337,37.80585],[-122.43371,37.80591],[-122.43369,37.80591],[-122.43368,37.80586],[-122.43367,37.80585],[-122.43361,37.80585],[-122.4336,37.80587],[-122.43361,37.80592],[-122.4336,37.80593],[-122.43359,37.80587],[-122.43357,37.80586],[-122.43352,37.80587],[-122.43351,37.80588],[-122.43352,37.80594],[-122.4335,37.80594],[-122.43349,37.80588],[-122.43348,37.80587],[-122.43343,37.80588],[-122.43342,37.80589],[-122.43343,37.80595],[-122.43341,37.80595],[-122.4334,37.80589],[-122.43339,37.80588],[-122.43333,37.80589],[-122.43332,37.8059],[-122.43333,37.80596],[-122.43331,37.80596],[-122.4333,37.80591],[-122.43329,37.8059],[-122.43323,37.8059],[-122.43322,37.80592],[-122.43323,37.80597],[-122.43321,37.80598],[-122.4332,37.80592],[-122.43319,37.80591],[-122.43313,37.80592],[-122.43312,37.80593],[-122.43312,37.80599],[-122.43311,37.80599],[-122.4331,37.80593],[-122.43309,37.80592],[-122.43302,37.80593],[-122.43301,37.80594],[-122.43302,37.806],[-122.43301,37.806],[-122.433,37.80594],[-122.43298,37.80593],[-122.43291,37.80594],[-122.4329,37.80596],[-122.43291,37.80601],[-122.4329,37.80602],[-122.43289,37.80596],[-122.43288,37.80595],[-122.43281,37.80596],[-122.4328,37.80597],[-122.43281,37.80603],[-122.43279,37.80603],[-122.43276,37.80589],[-122.43278,37.80589],[-122.43279,37.80593],[-122.4328,37.80594],[-122.43287,37.80593],[-122.43288,37.80592],[-122.43287,37.80587],[-122.43289,37.80587],[-122.43289,37.80592],[-122.43291,37.80593],[-122.43298,37.80592],[-122.43299,37.80591],[-122.43298,37.80586],[-122.43299,37.80586],[-122.433,37.8059],[-122.43302,37.80591],[-122.43308,37.80591],[-122.43309,37.80589],[-122.43308,37.80585],[-122.43309,37.80585],[-122.4331,37.80589],[-122.43312,37.8059],[-122.43318,37.80589],[-122.43319,37.80588],[-122.43318,37.80584],[-122.43319,37.80583],[-122.4332,37.80588],[-122.43321,37.80589],[-122.43327,37.80588],[-122.43328,37.80587],[-122.43328,37.80582],[-122.43329,37.80582],[-122.4333,37.80587],[-122.43331,37.80588],[-122.43337,37.80587],[-122.43338,37.80586],[-122.43337,37.80581],[-122.43338,37.80581],[-122.43339,37.80585],[-122.43341,37.80586],[-122.43346,37.80586],[-122.43347,37.80584],[-122.43347,37.8058],[-122.43348,37.8058],[-122.43349,37.80584],[-122.4335,37.80585],[-122.43356,37.80584],[-122.43357,37.80583],[-122.43356,37.80579],[-122.43358,37.80578],[-122.43358,37.80583],[-122.4336,37.80584],[-122.43366,37.80583],[-122.43367,37.80582],[-122.43366,37.80577],[-122.43367,37.80577],[-122.43368,37.80582],[-122.4337,37.80583],[-122.43381,37.80581],[-122.43382,37.8058],[-122.43382,37.80578],[-122.43383,37.80578],[-122.43384,37.8058],[-122.43385,37.80581],[-122.43387,37.80581],[-122.43385,37.80572],[-122.43385,37.80572],[-122.43385,37.80572],[-122.43385,37.80571],[-122.43384,37.80571],[-122.43384,37.8057],[-122.43384,37.8057],[-122.43384,37.8057],[-122.43383,37.80569],[-122.43383,37.80569],[-122.43383,37.80569],[-122.43383,37.80568],[-122.43382,37.80568],[-122.43382,37.80568],[-122.43382,37.80567],[-122.43381,37.80567],[-122.43381,37.80567],[-122.43381,37.80566],[-122.4338,37.80566],[-122.4338,37.80566],[-122.4338,37.80566],[-122.43379,37.80565],[-122.43379,37.80565],[-122.43379,37.80565],[-122.43378,37.80564],[-122.43378,37.80564],[-122.43377,37.80564],[-122.43377,37.80564],[-122.43377,37.80563],[-122.43376,37.80563],[-122.43376,37.80563],[-122.43375,37.80563],[-122.43375,37.80563],[-122.43374,37.80562],[-122.43374,37.80562],[-122.43374,37.80562],[-122.43373,37.80562],[-122.43373,37.80561],[-122.43372,37.80561],[-122.43372,37.80561],[-122.43371,37.80561],[-122.43371,37.80561],[-122.4337,37.80561],[-122.4337,37.8056],[-122.4337,37.8056],[-122.43369,37.8056],[-122.43369,37.8056],[-122.43368,37.8056],[-122.43368,37.8056],[-122.43367,37.8056],[-122.43367,37.8056],[-122.43366,37.80559],[-122.43366,37.80559],[-122.43365,37.80559],[-122.43365,37.80559],[-122.43364,37.80559],[-122.43364,37.80559],[-122.43363,37.80559],[-122.43363,37.80559],[-122.43362,37.80559],[-122.43362,37.80559],[-122.43361,37.80559],[-122.43361,37.80559],[-122.4336,37.80559],[-122.4336,37.80559],[-122.43359,37.80559],[-122.43359,37.80559],[-122.43358,37.80559],[-122.43358,37.80559],[-122.43357,37.80559],[-122.43357,37.80559],[-122.43356,37.80559],[-122.43356,37.80559],[-122.43355,37.80559],[-122.43355,37.80559],[-122.43354,37.80559],[-122.43354,37.80559],[-122.43353,37.80559],[-122.43353,37.80559],[-122.43352,37.80559],[-122.43352,37.80559],[-122.43351,37.80559],[-122.43351,37.8056],[-122.4335,37.8056],[-122.43273,37.80572],[-122.43272,37.80572],[-122.43272,37.80572],[-122.43272,37.80572],[-122.43271,37.80572],[-122.43271,37.80572],[-122.43271,37.80573],[-122.4327,37.80573],[-122.4327,37.80573],[-122.4327,37.80573],[-122.43269,37.80573],[-122.43269,37.80573],[-122.43269,37.80574],[-122.43269,37.80574],[-122.43268,37.80574],[-122.43268,37.80574],[-122.43268,37.80574],[-122.43267,37.80574],[-122.43267,37.80575],[-122.43267,37.80575],[-122.43267,37.80575],[-122.43266,37.80575],[-122.43266,37.80575],[-122.43266,37.80576],[-122.43266,37.80576],[-122.43265,37.80576],[-122.43265,37.80576],[-122.43265,37.80576],[-122.43265,37.80577],[-122.43264,37.80577],[-122.43264,37.80577],[-122.43264,37.80577],[-122.43264,37.80577],[-122.43264,37.80578],[-122.43263,37.80578],[-122.43263,37.80578],[-122.43263,37.80578],[-122.43263,37.80579],[-122.43263,37.80579],[-122.43262,37.80579],[-122.43262,37.80579],[-122.43262,37.8058],[-122.43262,37.8058],[-122.43262,37.8058],[-122.43262,37.8058],[-122.43262,37.80581],[-122.43261,37.80581],[-122.43261,37.80581],[-122.43261,37.80581],[-122.43261,37.80582],[-122.43261,37.80582],[-122.43261,37.80582],[-122.43261,37.80583],[-122.43261,37.80583],[-122.43261,37.80583],[-122.4326,37.80583],[-122.4326,37.80584],[-122.4326,37.80584],[-122.4326,37.80584],[-122.4326,37.80584],[-122.4326,37.80585],[-122.4326,37.80585],[-122.4325,37.80594],[-122.43239,37.80597],[-122.4324,37.80598],[-122.43252,37.80596],[-122.43263,37.80587],[-122.43264,37.80588],[-122.43253,37.80597],[-122.4324,37.806],[-122.43239,37.80607],[-122.4324,37.8061],[-122.43251,37.80608],[-122.43252,37.80609],[-122.4324,37.80611],[-122.43249,37.80636],[-122.43245,37.80637],[-122.43252,37.80658],[-122.4325,37.80659],[-122.43243,37.80637],[-122.4324,37.80638],[-122.4323,37.80608],[-122.43237,37.80607],[-122.43238,37.806],[-122.43235,37.80601],[-122.43235,37.80599],[-122.43238,37.80598],[-122.43237,37.80597],[-122.43232,37.80598],[-122.4323,37.80599],[-122.43228,37.80601],[-122.43226,37.80602],[-122.43225,37.80602],[-122.43223,37.80602],[-122.43219,37.80604],[-122.43218,37.80606],[-122.43217,37.80608],[-122.43217,37.80608],[-122.43216,37.8061],[-122.43217,37.80612],[-122.43218,37.80614],[-122.43219,37.80615],[-122.43221,37.80615],[-122.43223,37.80621],[-122.43221,37.80623],[-122.4322,37.80624],[-122.4322,37.80626],[-122.43221,37.80629],[-122.43222,37.80634],[-122.43231,37.80681],[-122.43238,37.8071],[-122.43257,37.80848],[-122.43261,37.80848],[-122.43261,37.80848],[-122.43262,37.80848],[-122.43262,37.80849],[-122.43262,37.80849],[-122.43262,37.80849],[-122.43262,37.80849],[-122.43262,37.80849],[-122.43262,37.80849],[-122.43262,37.80849],[-122.43262,37.80849],[-122.43262,37.80849],[-122.43262,37.80849],[-122.43262,37.80849],[-122.43261,37.80849],[-122.43261,37.80849],[-122.43261,37.80849],[-122.43261,37.80849],[-122.43261,37.80849],[-122.43261,37.80849],[-122.43261,37.80849],[-122.43261,37.80849],[-122.43261,37.80849],[-122.43261,37.80849],[-122.43261,37.8085],[-122.43261,37.8085],[-122.43261,37.8085],[-122.43261,37.8085],[-122.43261,37.8085],[-122.43261,37.8085],[-122.43261,37.8085],[-122.43261,37.8085],[-122.43261,37.8085],[-122.43261,37.8085],[-122.43261,37.8085],[-122.43261,37.8085],[-122.43261,37.8085],[-122.43261,37.8085],[-122.43261,37.8085],[-122.43261,37.8085],[-122.43261,37.8085],[-122.43261,37.8085],[-122.43261,37.8085],[-122.43261,37.8085],[-122.43261,37.8085],[-122.43261,37.8085],[-122.43261,37.8085],[-122.43261,37.8085],[-122.43261,37.80851],[-122.43261,37.80851],[-122.43261,37.80851],[-122.43261,37.80851],[-122.43261,37.80851],[-122.4326,37.80851],[-122.4326,37.80851],[-122.4326,37.80851],[-122.4326,37.80851],[-122.4326,37.80851],[-122.4326,37.80851],[-122.4326,37.80851],[-122.4326,37.80851],[-122.4326,37.80851],[-122.4326,37.80851],[-122.4326,37.80851],[-122.4326,37.80851],[-122.4326,37.80851],[-122.4326,37.80851],[-122.4326,37.80851],[-122.4326,37.80851],[-122.4326,37.80851],[-122.4326,37.80851],[-122.4326,37.80851],[-122.4326,37.80851],[-122.43259,37.80851],[-122.43259,37.80851],[-122.43259,37.80851],[-122.43259,37.80851],[-122.43259,37.80851],[-122.43259,37.80851],[-122.43259,37.80851],[-122.43259,37.80851],[-122.43259,37.80851],[-122.43259,37.80851],[-122.43259,37.80851],[-122.43259,37.80851],[-122.43259,37.80851],[-122.43259,37.80851],[-122.43259,37.80851],[-122.43259,37.80851],[-122.43259,37.80851],[-122.43258,37.80851],[-122.43258,37.80851],[-122.43234,37.80852],[-122.43234,37.80851],[-122.43208,37.80722],[-122.432,37.80718],[-122.43144,37.80725],[-122.43139,37.80731],[-122.43173,37.80902],[-122.43134,37.80906],[-122.431,37.80737],[-122.43092,37.80732],[-122.43036,37.80739],[-122.4303,37.80746],[-122.43062,37.80917],[-122.43011,37.80922],[-122.42984,37.80783],[-122.42926,37.8079],[-122.42927,37.80797],[-122.42824,37.80841],[-122.427,37.80811],[-122.427,37.80814],[-122.42755,37.80864],[-122.42801,37.80857],[-122.42804,37.8087],[-122.42753,37.80878],[-122.42752,37.80874],[-122.4273,37.80877],[-122.42729,37.80871],[-122.42749,37.80868],[-122.42691,37.80815],[-122.42684,37.80811],[-122.42672,37.80817],[-122.42675,37.80833],[-122.42682,37.80862],[-122.42681,37.8087],[-122.42683,37.8088],[-122.42683,37.80882],[-122.42683,37.80886],[-122.42683,37.8089],[-122.42683,37.80893],[-122.42683,37.80897],[-122.42685,37.80902],[-122.42682,37.80907],[-122.42682,37.8091],[-122.42682,37.80914],[-122.42681,37.80918],[-122.42681,37.80921],[-122.4268,37.80925],[-122.42679,37.80928],[-122.42678,37.80932],[-122.42677,37.80936],[-122.42677,37.80939],[-122.42675,37.80943],[-122.42674,37.80946],[-122.42673,37.8095],[-122.42672,37.80953],[-122.4267,37.80957],[-122.42669,37.8096],[-122.42667,37.80964],[-122.42666,37.80967],[-122.42664,37.80971],[-122.42663,37.80974],[-122.42667,37.80964],[-122.42649,37.80957],[-122.4265,37.80954],[-122.42651,37.8095],[-122.42652,37.80947],[-122.42653,37.80944],[-122.42654,37.80944],[-122.42654,37.80944],[-122.42655,37.80941],[-122.42656,37.80937],[-122.42657,37.80934],[-122.42657,37.80931],[-122.42658,37.80928],[-122.42658,37.80927],[-122.42658,37.80927],[-122.42659,37.80924],[-122.4266,37.80921],[-122.4266,37.80918],[-122.42661,37.80914],[-122.42661,37.80911],[-122.42661,37.80911],[-122.42661,37.8091],[-122.42662,37.80907],[-122.42662,37.80904],[-122.42662,37.80901],[-122.42662,37.80897],[-122.42662,37.80894],[-122.42662,37.80891],[-122.42662,37.80891],[-122.42662,37.80889]]],[[[-122.42653,37.8099],[-122.42662,37.80975],[-122.42661,37.80977],[-122.42659,37.80981],[-122.42657,37.80984],[-122.42655,37.80987],[-122.42653,37.8099]]],[[[-122.42641,37.81006],[-122.42652,37.80991],[-122.4265,37.80994],[-122.42648,37.80997],[-122.42646,37.81],[-122.42644,37.81003],[-122.42641,37.81006],[-122.42639,37.81009],[-122.42636,37.81012],[-122.42633,37.81015],[-122.42631,37.81018],[-122.42628,37.81021],[-122.42625,37.81024],[-122.42622,37.81027],[-122.42628,37.81021],[-122.42641,37.81006]]],[[[-122.42622,37.81027],[-122.42622,37.81027],[-122.42622,37.81027],[-122.42622,37.81027]]],[[[-122.42601,37.81044],[-122.42615,37.81034],[-122.42613,37.81035],[-122.4261,37.81037],[-122.42608,37.81039],[-122.42605,37.81041],[-122.42603,37.81042],[-122.42601,37.81044]]],[[[-122.42587,37.81052],[-122.426,37.81045],[-122.42598,37.81046],[-122.42595,37.81047],[-122.42593,37.81049],[-122.4259,37.81051],[-122.42588,37.81052],[-122.42585,37.81054],[-122.42582,37.81055],[-122.42579,37.81056],[-122.42577,37.81058],[-122.42574,37.81059],[-122.42587,37.81052]]],[[[-122.42557,37.81066],[-122.42573,37.81059],[-122.42571,37.8106],[-122.42568,37.81062],[-122.42565,37.81063],[-122.42562,37.81064],[-122.42559,37.81065],[-122.42557,37.81066]]],[[[-122.42538,37.81072],[-122.42556,37.81066],[-122.42553,37.81067],[-122.4255,37.81068],[-122.42547,37.81069],[-122.42544,37.8107],[-122.42541,37.81071],[-122.42538,37.81072],[-122.42535,37.81073],[-122.42532,37.81073],[-122.42529,37.81074],[-122.42525,37.81075],[-122.42523,37.81075],[-122.42538,37.81072]]],[[[-122.42506,37.81078],[-122.42521,37.81076],[-122.42519,37.81076],[-122.42516,37.81077],[-122.42513,37.81077],[-122.42509,37.81077],[-122.42506,37.81078]]],[[[-122.4249,37.81079],[-122.42506,37.81078],[-122.42503,37.81078],[-122.425,37.81079],[-122.42496,37.81079],[-122.42493,37.81079],[-122.4249,37.81079]]]]},"properties":{"nhood":"Marina"}},{"type":"Feature","geometry":{"type":"MultiPolygon","coordinates":[[[[-122.50322,37.73555],[-122.5031,37.73547],[-122.50299,37.73556],[-122.50256,37.73556],[-122.50203,37.73552],[-122.50159,37.73544],[-122.50118,37.73534],[-122.5011,37.73521],[-122.5009,37.73525],[-122.50049,37.7351],[-122.50006,37.7349],[-122.49924,37.73445],[-122.4992,37.73431],[-122.49903,37.73436],[-122.49861,37.73419],[-122.49803,37.73403],[-122.49749,37.73393],[-122.49686,37.73387],[-122.49664,37.73377],[-122.49676,37.73359],[-122.49746,37.73301],[-122.49811,37.73227],[-122.49906,37.73158],[-122.49823,37.73138],[-122.498,37.73128],[-122.49806,37.73116],[-122.49787,37.73073],[-122.49736,37.72969],[-122.49735,37.72967],[-122.49723,37.72949],[-122.49702,37.7293],[-122.4967,37.72912],[-122.49636,37.72903],[-122.49604,37.72901],[-122.49569,37.72906],[-122.49429,37.7294],[-122.49347,37.7296],[-122.49344,37.72949],[-122.49331,37.72936],[-122.49254,37.72895],[-122.49227,37.72884],[-122.49193,37.7288],[-122.49171,37.72883],[-122.49144,37.72886],[-122.49101,37.72907],[-122.49097,37.72911],[-122.49056,37.72955],[-122.49055,37.72965],[-122.49043,37.72969],[-122.49013,37.73],[-122.4899,37.73016],[-122.48958,37.73029],[-122.48921,37.73032],[-122.48889,37.73026],[-122.48672,37.72959],[-122.48655,37.72959],[-122.48652,37.7298],[-122.48631,37.73022],[-122.48618,37.73059],[-122.48618,37.73088],[-122.4853,37.73095],[-122.48442,37.73101],[-122.48355,37.73108],[-122.48266,37.73115],[-122.48193,37.73117],[-122.48179,37.73117],[-122.4809,37.73116],[-122.48001,37.73115],[-122.47913,37.73114],[-122.47825,37.73113],[-122.47723,37.73112],[-122.47684,37.73111],[-122.47593,37.7311],[-122.47486,37.73107],[-122.47478,37.73099],[-122.47473,37.73036],[-122.47463,37.72899],[-122.47463,37.72893],[-122.47473,37.72703],[-122.4749,37.72699],[-122.47474,37.72687],[-122.47481,37.72559],[-122.47485,37.72491],[-122.47495,37.72309],[-122.47505,37.72121],[-122.47522,37.72106],[-122.47534,37.72087],[-122.47534,37.72055],[-122.47522,37.72044],[-122.47534,37.72027],[-122.47523,37.71984],[-122.47517,37.71977],[-122.4749,37.71945],[-122.47485,37.7194],[-122.47453,37.71906],[-122.47284,37.71731],[-122.47257,37.71717],[-122.47263,37.71691],[-122.47254,37.71663],[-122.47238,37.71612],[-122.47184,37.71465],[-122.47171,37.71423],[-122.47164,37.71399],[-122.4716,37.71385],[-122.47147,37.71343],[-122.47135,37.7128],[-122.47134,37.71269],[-122.47131,37.71248],[-122.47126,37.71183],[-122.47125,37.71159],[-122.47124,37.71065],[-122.47123,37.70966],[-122.47122,37.70894],[-122.47127,37.70866],[-122.47128,37.70861],[-122.47132,37.70831],[-122.47148,37.70833],[-122.47153,37.70833],[-122.47176,37.70833],[-122.47184,37.70833],[-122.48108,37.70823],[-122.48378,37.70833],[-122.48488,37.70833],[-122.48512,37.70828],[-122.48538,37.70823],[-122.48559,37.70823],[-122.48563,37.70823],[-122.4857,37.70823],[-122.48604,37.70823],[-122.48669,37.70823],[-122.49358,37.70823],[-122.49778,37.70813],[-122.49817,37.70813],[-122.49823,37.70813],[-122.50248,37.70813],[-122.50278,37.70813],[-122.50278,37.70813],[-122.5028,37.70834],[-122.50287,37.70852],[-122.50292,37.70876],[-122.50295,37.70897],[-122.50297,37.70911],[-122.50318,37.70964],[-122.50322,37.71005],[-122.50328,37.71032],[-122.50338,37.71062],[-122.50346,37.7109],[-122.50339,37.71103],[-122.50348,37.71128],[-122.50354,37.71139],[-122.50361,37.71182],[-122.50392,37.71198],[-122.50399,37.71214],[-122.50402,37.71234],[-122.50405,37.71257],[-122.50408,37.71282],[-122.50416,37.71301],[-122.50415,37.71328],[-122.50426,37.71348],[-122.50431,37.71372],[-122.50434,37.71391],[-122.50442,37.71417],[-122.50453,37.71455],[-122.50462,37.71485],[-122.50473,37.71516],[-122.50484,37.7154],[-122.50498,37.71574],[-122.50502,37.71594],[-122.50506,37.71612],[-122.50528,37.71671],[-122.50538,37.71692],[-122.50545,37.71711],[-122.50553,37.7173],[-122.50555,37.71754],[-122.50563,37.71781],[-122.50573,37.71809],[-122.5058,37.71833],[-122.50576,37.71852],[-122.50585,37.71871],[-122.50595,37.71884],[-122.50604,37.71909],[-122.50605,37.71935],[-122.50607,37.71962],[-122.5061,37.71975],[-122.50608,37.7199],[-122.50607,37.71997],[-122.50606,37.72014],[-122.50607,37.72029],[-122.50609,37.72046],[-122.50612,37.72066],[-122.50622,37.7209],[-122.50629,37.72102],[-122.5064,37.72138],[-122.50652,37.72166],[-122.50766,37.72842],[-122.50766,37.72847],[-122.5077,37.72855],[-122.50775,37.72863],[-122.50776,37.72874],[-122.50778,37.72887],[-122.50779,37.72893],[-122.50779,37.72905],[-122.50782,37.72916],[-122.50786,37.72929],[-122.5079,37.72944],[-122.50794,37.72954],[-122.50798,37.72961],[-122.508,37.72965],[-122.50803,37.72966],[-122.50803,37.7297],[-122.50805,37.72976],[-122.50805,37.72981],[-122.50805,37.72991],[-122.50806,37.72998],[-122.50806,37.73004],[-122.50808,37.73009],[-122.50808,37.73017],[-122.50809,37.73024],[-122.5081,37.73033],[-122.5081,37.7304],[-122.50812,37.73053],[-122.50815,37.73064],[-122.50816,37.73076],[-122.50815,37.73082],[-122.50816,37.73088],[-122.50818,37.73095],[-122.50815,37.731],[-122.50807,37.73106],[-122.50806,37.7311],[-122.50804,37.73114],[-122.50801,37.73119],[-122.50802,37.73124],[-122.50804,37.73131],[-122.50804,37.73136],[-122.50801,37.73144],[-122.50802,37.73147],[-122.50803,37.73153],[-122.50803,37.73159],[-122.50803,37.73164],[-122.50804,37.73172],[-122.50806,37.73178],[-122.50806,37.73187],[-122.50809,37.73197],[-122.50812,37.73201],[-122.50816,37.73206],[-122.50817,37.73212],[-122.50818,37.73219],[-122.50821,37.73226],[-122.50825,37.73234],[-122.50825,37.73242],[-122.50826,37.73249],[-122.5083,37.73255],[-122.50832,37.73263],[-122.50835,37.73268],[-122.50838,37.73276],[-122.5084,37.73282],[-122.50841,37.73289],[-122.50838,37.73293],[-122.50834,37.73297],[-122.50831,37.73302],[-122.50829,37.73306],[-122.50829,37.73312],[-122.5083,37.73319],[-122.50829,37.73322],[-122.50829,37.73327],[-122.50828,37.73331],[-122.50826,37.73334],[-122.50825,37.73339],[-122.50826,37.73345],[-122.50826,37.73355],[-122.50827,37.73359],[-122.50827,37.73367],[-122.50827,37.73371],[-122.50829,37.73375],[-122.5083,37.73378],[-122.5083,37.73381],[-122.50829,37.73383],[-122.50827,37.73386],[-122.50825,37.73388],[-122.50824,37.7343],[-122.50824,37.73435],[-122.50825,37.73439],[-122.50826,37.73442],[-122.50825,37.73445],[-122.50826,37.73451],[-122.50826,37.73453],[-122.50826,37.73456],[-122.50828,37.7346],[-122.50827,37.73464],[-122.50827,37.73471],[-122.50827,37.73477],[-122.50827,37.73482],[-122.50832,37.73491],[-122.50832,37.73495],[-122.50835,37.73502],[-122.50841,37.73505],[-122.50846,37.7351],[-122.50846,37.73512],[-122.50848,37.73515],[-122.50848,37.73518],[-122.5085,37.73526],[-122.50854,37.73533],[-122.50854,37.7354],[-122.50854,37.7354],[-122.50854,37.7354],[-122.50672,37.73547],[-122.50652,37.73538],[-122.50537,37.73538],[-122.50526,37.73548],[-122.50515,37.73556],[-122.50419,37.73556],[-122.50322,37.73555]]]]},"properties":{"nhood":"Lakeshore"}},{"type":"Feature","geometry":{"type":"MultiPolygon","coordinates":[[[[-122.41917,37.77528],[-122.41926,37.77515],[-122.41936,37.77523],[-122.4194,37.77542],[-122.41949,37.77589],[-122.41956,37.77626],[-122.41951,37.77637],[-122.4196,37.77646],[-122.41975,37.77719],[-122.41969,37.7773],[-122.41979,37.77739],[-122.41986,37.77773],[-122.41993,37.77812],[-122.41988,37.77825],[-122.41997,37.77831],[-122.42031,37.77992],[-122.42025,37.78007],[-122.42034,37.78019],[-122.42042,37.78058],[-122.4205,37.78091],[-122.42044,37.78103],[-122.42055,37.78113],[-122.42062,37.78149],[-122.42069,37.78185],[-122.42064,37.78196],[-122.42074,37.78205],[-122.42081,37.78242],[-122.42088,37.78278],[-122.42082,37.78289],[-122.4209,37.78298],[-122.42098,37.78335],[-122.42105,37.78371],[-122.42101,37.78382],[-122.4211,37.78391],[-122.42117,37.78428],[-122.42124,37.78463],[-122.42119,37.78475],[-122.42128,37.78486],[-122.42136,37.78521],[-122.42144,37.78557],[-122.42139,37.78569],[-122.4213,37.78579],[-122.42137,37.78617],[-122.42145,37.78653],[-122.42157,37.78662],[-122.41993,37.78683],[-122.41827,37.78704],[-122.41699,37.7872],[-122.41664,37.78724],[-122.415,37.78745],[-122.41335,37.78766],[-122.41274,37.78774],[-122.41253,37.78777],[-122.41234,37.78779],[-122.4117,37.78787],[-122.41006,37.78808],[-122.4084,37.78829],[-122.40823,37.78736],[-122.40804,37.78641],[-122.40785,37.78549],[-122.4077,37.7847],[-122.40734,37.78456],[-122.40742,37.78455],[-122.40804,37.78407],[-122.40807,37.78399],[-122.40816,37.78397],[-122.40869,37.78356],[-122.40893,37.78336],[-122.40895,37.78329],[-122.40905,37.78327],[-122.40918,37.78316],[-122.41005,37.78248],[-122.41027,37.78231],[-122.41029,37.78223],[-122.41039,37.78221],[-122.41146,37.78137],[-122.4117,37.78118],[-122.41198,37.78095],[-122.41249,37.78055],[-122.41251,37.78048],[-122.41261,37.78046],[-122.41336,37.77986],[-122.41472,37.77879],[-122.41474,37.77872],[-122.41484,37.7787],[-122.41601,37.77777],[-122.41626,37.77757],[-122.41629,37.77749],[-122.41639,37.77747],[-122.41688,37.77709],[-122.41747,37.77662],[-122.4175,37.77654],[-122.41763,37.77649],[-122.4187,37.77564],[-122.41917,37.77528]]]]},"properties":{"nhood":"Tenderloin"}},{"type":"Feature","geometry":{"type":"MultiPolygon","coordinates":[[[[-122.40667,37.71921],[-122.40698,37.71849],[-122.40727,37.71782],[-122.40826,37.71809],[-122.40853,37.71732],[-122.40853,37.71721],[-122.40862,37.71712],[-122.40784,37.71692],[-122.40802,37.71651],[-122.40817,37.71616],[-122.40851,37.71629],[-122.40895,37.71646],[-122.4098,37.71659],[-122.41036,37.71669],[-122.41043,37.71641],[-122.41051,37.71632],[-122.41072,37.71583],[-122.41074,37.71574],[-122.41102,37.71506],[-122.41132,37.71437],[-122.4136,37.71499],[-122.4154,37.71547],[-122.41566,37.71549],[-122.41587,37.71528],[-122.41605,37.71501],[-122.41615,37.7148],[-122.41621,37.71453],[-122.41619,37.71427],[-122.4161,37.71401],[-122.41595,37.71382],[-122.41581,37.71369],[-122.41562,37.71359],[-122.41529,37.7135],[-122.41563,37.71273],[-122.42033,37.71397],[-122.42091,37.71377],[-122.42123,37.71331],[-122.42147,37.7122],[-122.42163,37.71219],[-122.42196,37.71202],[-122.42212,37.71172],[-122.42224,37.71132],[-122.42241,37.71097],[-122.42281,37.71051],[-122.42303,37.71038],[-122.42337,37.7103],[-122.42418,37.71027],[-122.42455,37.7101],[-122.42456,37.71017],[-122.42504,37.71054],[-122.42551,37.71079],[-122.42644,37.71111],[-122.42674,37.71122],[-122.42652,37.7118],[-122.42555,37.71452],[-122.42731,37.71507],[-122.42719,37.71575],[-122.42685,37.71665],[-122.4267,37.71705],[-122.42667,37.71708],[-122.42639,37.71856],[-122.42598,37.71911],[-122.42583,37.7193],[-122.42548,37.72023],[-122.42455,37.72165],[-122.42485,37.72205],[-122.42381,37.72369],[-122.42283,37.72394],[-122.42185,37.7242],[-122.42086,37.72445],[-122.41987,37.72471],[-122.41938,37.7235],[-122.41839,37.72377],[-122.41791,37.72263],[-122.41778,37.7226],[-122.41692,37.72282],[-122.41663,37.72216],[-122.41556,37.72223],[-122.41592,37.72309],[-122.41494,37.72334],[-122.41396,37.7236],[-122.41297,37.72386],[-122.41247,37.72266],[-122.41197,37.72146],[-122.41148,37.72025],[-122.41099,37.71907],[-122.41,37.71933],[-122.40902,37.71959],[-122.40809,37.71983],[-122.40798,37.71974],[-122.40796,37.71986],[-122.4071,37.72009],[-122.407,37.71999],[-122.40667,37.71921]]]]},"properties":{"nhood":"McLaren Park"}},{"type":"Feature","geometry":{"type":"MultiPolygon","coordinates":[[[[-122.42469,37.78534],[-122.4249,37.78544],[-122.42648,37.78524],[-122.42789,37.78506],[-122.42799,37.78495],[-122.4281,37.78503],[-122.42906,37.78491],[-122.42952,37.78485],[-122.43105,37.78467],[-122.4312,37.78457],[-122.4314,37.78461],[-122.43288,37.78442],[-122.43291,37.78435],[-122.43297,37.78441],[-122.43374,37.78431],[-122.43447,37.78422],[-122.43456,37.78415],[-122.43466,37.78419],[-122.43775,37.7838],[-122.43785,37.78372],[-122.43802,37.78377],[-122.43827,37.78372],[-122.43855,37.7836],[-122.43894,37.78345],[-122.43935,37.78339],[-122.43948,37.78331],[-122.43963,37.78336],[-122.44116,37.78316],[-122.4427,37.78297],[-122.44279,37.78289],[-122.44299,37.7839],[-122.44318,37.78483],[-122.44154,37.78504],[-122.43987,37.78525],[-122.43821,37.78546],[-122.43656,37.78567],[-122.43492,37.78588],[-122.43327,37.78609],[-122.43227,37.78621],[-122.43155,37.7863],[-122.42998,37.7865],[-122.42834,37.78671],[-122.42667,37.78692],[-122.42505,37.78713],[-122.42486,37.7862],[-122.42469,37.78534]]]]},"properties":{"nhood":"Japantown"}},{"type":"Feature","geometry":{"type":"MultiPolygon","coordinates":[[[[-122.45295,37.76637],[-122.45276,37.76544],[-122.45257,37.76451],[-122.4524,37.76367],[-122.45223,37.76284],[-122.4521,37.76217],[-122.45196,37.76148],[-122.45058,37.76156],[-122.44912,37.76165],[-122.44778,37.76173],[-122.44678,37.76178],[-122.44653,37.7614],[-122.44641,37.76109],[-122.44643,37.76101],[-122.44639,37.76091],[-122.44634,37.76041],[-122.4464,37.76001],[-122.44641,37.75986],[-122.44645,37.75905],[-122.4464,37.75886],[-122.44677,37.75845],[-122.44704,37.75817],[-122.4473,37.75789],[-122.44749,37.7578],[-122.44777,37.75766],[-122.44792,37.75759],[-122.44818,37.75785],[-122.4483,37.75803],[-122.44848,37.75861],[-122.44847,37.75895],[-122.44854,37.75904],[-122.45093,37.75872],[-122.45137,37.75858],[-122.45205,37.75834],[-122.45212,37.75833],[-122.4523,37.75828],[-122.45255,37.75819],[-122.45283,37.7581],[-122.45289,37.75806],[-122.45332,37.75782],[-122.45359,37.75762],[-122.45367,37.75756],[-122.45377,37.75747],[-122.45387,37.75738],[-122.45403,37.75718],[-122.45408,37.75703],[-122.45417,37.75651],[-122.45425,37.75635],[-122.45482,37.75555],[-122.45505,37.75512],[-122.4551,37.75498],[-122.45513,37.75488],[-122.45518,37.75434],[-122.45524,37.75421],[-122.45554,37.75377],[-122.45578,37.75341],[-122.45592,37.75315],[-122.45603,37.75289],[-122.45603,37.75285],[-122.45601,37.75236],[-122.456,37.75209],[-122.45609,37.7518],[-122.45645,37.75148],[-122.45703,37.7514],[-122.45796,37.75166],[-122.45899,37.75195],[-122.45921,37.75193],[-122.46067,37.75181],[-122.46116,37.75169],[-122.46152,37.7515],[-122.46159,37.75156],[-122.46181,37.75167],[-122.46212,37.7519],[-122.46241,37.75222],[-122.46272,37.75249],[-122.46311,37.75278],[-122.46334,37.75301],[-122.46336,37.75304],[-122.46343,37.75303],[-122.46418,37.75291],[-122.46446,37.7529],[-122.46442,37.75232],[-122.46428,37.75232],[-122.46385,37.75198],[-122.46344,37.75119],[-122.46428,37.75098],[-122.46419,37.75072],[-122.46446,37.75087],[-122.4649,37.75101],[-122.4654,37.75099],[-122.46647,37.75094],[-122.46634,37.74907],[-122.46738,37.74903],[-122.46803,37.749],[-122.46848,37.74895],[-122.46856,37.74894],[-122.46955,37.7489],[-122.47059,37.74887],[-122.47074,37.74884],[-122.47159,37.74881],[-122.47175,37.74884],[-122.47232,37.74881],[-122.47287,37.74879],[-122.47395,37.74874],[-122.47502,37.74869],[-122.47603,37.74865],[-122.4761,37.74876],[-122.47622,37.7504],[-122.47616,37.75051],[-122.47623,37.75062],[-122.47634,37.75226],[-122.47629,37.75238],[-122.47636,37.75248],[-122.47648,37.75413],[-122.47642,37.75424],[-122.4765,37.75435],[-122.47661,37.75605],[-122.47655,37.75611],[-122.47663,37.75617],[-122.47675,37.7579],[-122.47668,37.75797],[-122.47677,37.75808],[-122.47688,37.75972],[-122.47681,37.75983],[-122.47675,37.75995],[-122.47693,37.76158],[-122.47701,37.7617],[-122.47696,37.76181],[-122.4771,37.76346],[-122.47717,37.76356],[-122.47712,37.76368],[-122.47724,37.76532],[-122.47731,37.76545],[-122.47712,37.7655],[-122.47631,37.76553],[-122.47619,37.7655],[-122.47606,37.76555],[-122.47525,37.76558],[-122.47512,37.76554],[-122.47502,37.76559],[-122.47416,37.76563],[-122.47405,37.76559],[-122.47394,37.76564],[-122.47304,37.76568],[-122.47292,37.76564],[-122.4728,37.76569],[-122.47192,37.76573],[-122.4718,37.76569],[-122.4717,37.76574],[-122.47086,37.76578],[-122.47073,37.76574],[-122.47061,37.76579],[-122.46979,37.76582],[-122.46965,37.76578],[-122.46953,37.76584],[-122.4687,37.76587],[-122.46858,37.76583],[-122.46844,37.76588],[-122.46763,37.76592],[-122.46752,37.76588],[-122.46735,37.76593],[-122.46656,37.76597],[-122.46644,37.76592],[-122.46632,37.76598],[-122.4655,37.76601],[-122.46538,37.76597],[-122.46527,37.76593],[-122.4643,37.76596],[-122.46335,37.76601],[-122.46323,37.76606],[-122.46316,37.76611],[-122.46229,37.76615],[-122.46216,37.76611],[-122.46211,37.76616],[-122.4612,37.7662],[-122.46109,37.76616],[-122.46095,37.76613],[-122.46002,37.76617],[-122.45906,37.76621],[-122.45895,37.76626],[-122.45882,37.76622],[-122.45857,37.76622],[-122.45798,37.76603],[-122.45779,37.76601],[-122.45749,37.76593],[-122.45719,37.76588],[-122.45691,37.76587],[-122.45459,37.76616],[-122.45295,37.76637]]]]},"properties":{"nhood":"Inner Sunset"}},{"type":"Feature","geometry":{"type":"MultiPolygon","coordinates":[[[[-122.42081,37.774],[-122.42109,37.77377],[-122.42192,37.77312],[-122.42194,37.77304],[-122.42205,37.77302],[-122.42219,37.77291],[-122.4226,37.77259],[-122.42262,37.7725],[-122.42273,37.77248],[-122.42327,37.77206],[-122.4236,37.7718],[-122.42362,37.77172],[-122.42373,37.7717],[-122.42401,37.77147],[-122.42483,37.77083],[-122.42485,37.77075],[-122.42496,37.77073],[-122.42628,37.76968],[-122.42631,37.7696],[-122.42668,37.76953],[-122.42822,37.76944],[-122.42899,37.76939],[-122.42913,37.76946],[-122.42991,37.76941],[-122.43025,37.76939],[-122.43136,37.76932],[-122.43157,37.76931],[-122.43172,37.77004],[-122.43181,37.7705],[-122.4319,37.77096],[-122.432,37.77143],[-122.43209,37.7719],[-122.43228,37.77283],[-122.43247,37.77376],[-122.43411,37.77355],[-122.43575,37.77335],[-122.43742,37.77313],[-122.43909,37.77292],[-122.44073,37.77271],[-122.44092,37.77363],[-122.44111,37.77457],[-122.4413,37.77551],[-122.44149,37.77644],[-122.44034,37.77658],[-122.43984,37.77664],[-122.43818,37.77686],[-122.43651,37.77707],[-122.43486,37.77728],[-122.43322,37.77749],[-122.43157,37.7777],[-122.43058,37.77783],[-122.42985,37.77792],[-122.42915,37.77801],[-122.42891,37.77804],[-122.42808,37.77815],[-122.42664,37.77833],[-122.425,37.77854],[-122.42335,37.77875],[-122.42345,37.77921],[-122.42354,37.77967],[-122.42189,37.77989],[-122.42046,37.78007],[-122.42025,37.78007],[-122.42031,37.77992],[-122.41997,37.77831],[-122.41988,37.77825],[-122.41993,37.77812],[-122.41986,37.77773],[-122.41979,37.77739],[-122.41969,37.7773],[-122.41975,37.77719],[-122.4196,37.77646],[-122.41951,37.77637],[-122.41956,37.77626],[-122.41949,37.77589],[-122.4194,37.77542],[-122.41936,37.77523],[-122.41926,37.77515],[-122.41936,37.77513],[-122.42023,37.77444],[-122.42025,37.77436],[-122.42039,37.77432],[-122.42067,37.77409],[-122.4207,37.77401],[-122.42081,37.774]]]]},"properties":{"nhood":"Hayes Valley"}},{"type":"Feature","geometry":{"type":"MultiPolygon","coordinates":[[[[-122.432,37.77143],[-122.4319,37.77096],[-122.43181,37.7705],[-122.43172,37.77004],[-122.43157,37.76931],[-122.43246,37.76925],[-122.43357,37.76918],[-122.43489,37.76911],[-122.43579,37.76906],[-122.43659,37.769],[-122.43711,37.76896],[-122.43723,37.76906],[-122.43756,37.76904],[-122.43834,37.76901],[-122.43882,37.7684],[-122.4393,37.76817],[-122.44014,37.76776],[-122.4406,37.76696],[-122.44194,37.76595],[-122.44201,37.76591],[-122.44217,37.76589],[-122.44236,37.76588],[-122.44257,37.76593],[-122.44351,37.76534],[-122.44335,37.76533],[-122.44354,37.76532],[-122.44401,37.76502],[-122.44405,37.76495],[-122.44399,37.76481],[-122.444,37.7647],[-122.44404,37.7646],[-122.44407,37.7645],[-122.44413,37.76443],[-122.4442,37.76437],[-122.4443,37.76431],[-122.44441,37.76399],[-122.44466,37.76333],[-122.44569,37.76235],[-122.44583,37.76226],[-122.44593,37.76223],[-122.44617,37.76222],[-122.44625,37.76225],[-122.44629,37.76231],[-122.44639,37.76223],[-122.4464,37.76207],[-122.44638,37.76182],[-122.44678,37.76178],[-122.44778,37.76173],[-122.44912,37.76165],[-122.45058,37.76156],[-122.45196,37.76148],[-122.4521,37.76217],[-122.45223,37.76284],[-122.4524,37.76367],[-122.45257,37.76451],[-122.45276,37.76544],[-122.45295,37.76637],[-122.453,37.76648],[-122.45305,37.76674],[-122.45317,37.76731],[-122.45335,37.76825],[-122.45354,37.76917],[-122.45373,37.7701],[-122.4539,37.77105],[-122.45378,37.77102],[-122.45224,37.77123],[-122.45187,37.7713],[-122.4506,37.77146],[-122.44896,37.77167],[-122.44731,37.77188],[-122.44572,37.77208],[-122.44402,37.7723],[-122.44238,37.7725],[-122.44073,37.77271],[-122.43909,37.77292],[-122.43742,37.77313],[-122.43575,37.77335],[-122.43411,37.77355],[-122.43247,37.77376],[-122.43228,37.77283],[-122.43209,37.7719],[-122.432,37.77143]]]]},"properties":{"nhood":"Haight Ashbury"}},{"type":"Feature","geometry":{"type":"MultiPolygon","coordinates":[[[[-122.44092,37.77363],[-122.44073,37.77271],[-122.44238,37.7725],[-122.44402,37.7723],[-122.44572,37.77208],[-122.44731,37.77188],[-122.44896,37.77167],[-122.4506,37.77146],[-122.45187,37.7713],[-122.45224,37.77123],[-122.45378,37.77102],[-122.4539,37.77105],[-122.45373,37.7701],[-122.45354,37.76917],[-122.45335,37.76825],[-122.45317,37.76731],[-122.45305,37.76674],[-122.453,37.76648],[-122.45295,37.76637],[-122.45459,37.76616],[-122.45691,37.76587],[-122.45719,37.76588],[-122.45749,37.76593],[-122.45779,37.76601],[-122.45798,37.76603],[-122.45857,37.76622],[-122.45882,37.76622],[-122.45895,37.76626],[-122.45906,37.76621],[-122.46002,37.76617],[-122.46095,37.76613],[-122.46109,37.76616],[-122.4612,37.7662],[-122.46211,37.76616],[-122.46216,37.76611],[-122.46229,37.76615],[-122.46316,37.76611],[-122.46323,37.76606],[-122.46335,37.76601],[-122.4643,37.76596],[-122.46527,37.76593],[-122.46538,37.76597],[-122.4655,37.76601],[-122.46632,37.76598],[-122.46644,37.76592],[-122.46656,37.76597],[-122.46735,37.76593],[-122.46752,37.76588],[-122.46763,37.76592],[-122.46844,37.76588],[-122.46858,37.76583],[-122.4687,37.76587],[-122.46953,37.76584],[-122.46965,37.76578],[-122.46979,37.76582],[-122.47061,37.76579],[-122.47073,37.76574],[-122.47086,37.76578],[-122.4717,37.76574],[-122.4718,37.76569],[-122.47192,37.76573],[-122.4728,37.76569],[-122.47292,37.76564],[-122.47304,37.76568],[-122.47394,37.76564],[-122.47405,37.76559],[-122.47416,37.76563],[-122.47502,37.76559],[-122.47512,37.76554],[-122.47525,37.76558],[-122.47606,37.76555],[-122.47619,37.7655],[-122.47631,37.76553],[-122.47712,37.7655],[-122.47731,37.76545],[-122.47749,37.76549],[-122.4782,37.76545],[-122.47833,37.7654],[-122.47835,37.76544],[-122.47927,37.76539],[-122.4794,37.76535],[-122.47952,37.76538],[-122.48035,37.76535],[-122.48047,37.76531],[-122.48059,37.76534],[-122.48141,37.7653],[-122.48154,37.76526],[-122.48165,37.76529],[-122.48249,37.76525],[-122.48262,37.76521],[-122.48274,37.76524],[-122.48352,37.76521],[-122.48368,37.76516],[-122.4838,37.7652],[-122.48464,37.76517],[-122.48476,37.76512],[-122.48485,37.76516],[-122.48573,37.76512],[-122.48583,37.76507],[-122.48595,37.76511],[-122.48677,37.76507],[-122.4869,37.76502],[-122.48701,37.76506],[-122.48784,37.76502],[-122.48797,37.76497],[-122.48809,37.765],[-122.48893,37.76497],[-122.48904,37.76493],[-122.48917,37.76496],[-122.48992,37.76492],[-122.49012,37.76488],[-122.49023,37.76491],[-122.49104,37.76487],[-122.49119,37.76483],[-122.49132,37.76486],[-122.49213,37.76482],[-122.49226,37.76478],[-122.49238,37.76482],[-122.49322,37.76478],[-122.49333,37.76473],[-122.49342,37.76478],[-122.49432,37.76474],[-122.4944,37.76469],[-122.49451,37.76473],[-122.49534,37.76471],[-122.49547,37.76464],[-122.49559,37.7647],[-122.49593,37.76468],[-122.49608,37.76467],[-122.49643,37.76466],[-122.49655,37.7646],[-122.49663,37.76465],[-122.49746,37.7646],[-122.49762,37.76455],[-122.49774,37.76459],[-122.4986,37.76455],[-122.49869,37.7645],[-122.49877,37.76454],[-122.49964,37.7645],[-122.49976,37.76445],[-122.49985,37.76449],[-122.50073,37.76445],[-122.50083,37.76441],[-122.50094,37.76444],[-122.50181,37.76441],[-122.5019,37.76436],[-122.50202,37.76439],[-122.50286,37.76435],[-122.50298,37.76431],[-122.50308,37.76434],[-122.50393,37.7643],[-122.50405,37.76426],[-122.50416,37.7643],[-122.50498,37.76426],[-122.50512,37.76421],[-122.50523,37.76425],[-122.50609,37.76421],[-122.50619,37.76417],[-122.50632,37.7642],[-122.50715,37.76416],[-122.50726,37.76412],[-122.50737,37.76415],[-122.50821,37.76412],[-122.50833,37.76408],[-122.50846,37.76411],[-122.50928,37.76409],[-122.5094,37.76403],[-122.50957,37.7641],[-122.50987,37.76409],[-122.51016,37.76408],[-122.51034,37.764],[-122.51237,37.76359],[-122.51246,37.7637],[-122.5125,37.76385],[-122.51255,37.76393],[-122.51265,37.76412],[-122.51269,37.76415],[-122.51273,37.76418],[-122.51274,37.76429],[-122.51278,37.76436],[-122.51278,37.76442],[-122.51275,37.76452],[-122.51278,37.76459],[-122.51277,37.76466],[-122.51279,37.76473],[-122.51276,37.76487],[-122.51274,37.76492],[-122.51272,37.76497],[-122.51268,37.76516],[-122.51267,37.76531],[-122.51266,37.76545],[-122.51265,37.76548],[-122.51264,37.76554],[-122.51263,37.76563],[-122.51265,37.76568],[-122.51269,37.7658],[-122.5127,37.7659],[-122.51273,37.76595],[-122.5127,37.76607],[-122.51277,37.76614],[-122.51279,37.76622],[-122.51278,37.76634],[-122.5128,37.76639],[-122.51283,37.76644],[-122.51288,37.76652],[-122.51289,37.76678],[-122.51289,37.76696],[-122.51293,37.767],[-122.51296,37.76701],[-122.51302,37.76702],[-122.51307,37.76708],[-122.51308,37.7672],[-122.51311,37.76724],[-122.51308,37.7673],[-122.5131,37.7674],[-122.51312,37.76751],[-122.51308,37.76756],[-122.51307,37.76761],[-122.51309,37.76765],[-122.51308,37.76779],[-122.51306,37.76785],[-122.51304,37.76789],[-122.51305,37.76794],[-122.51308,37.76798],[-122.51307,37.76805],[-122.51308,37.7688],[-122.51311,37.76888],[-122.51311,37.76914],[-122.51309,37.76923],[-122.51313,37.76929],[-122.51309,37.7694],[-122.51309,37.76955],[-122.51315,37.77003],[-122.5131,37.77023],[-122.51308,37.7705],[-122.51315,37.77076],[-122.51105,37.77134],[-122.50989,37.7714],[-122.50882,37.77145],[-122.50775,37.7715],[-122.50668,37.77154],[-122.50561,37.77159],[-122.50454,37.77164],[-122.50347,37.77169],[-122.5024,37.77174],[-122.50133,37.77179],[-122.50026,37.77184],[-122.49918,37.77188],[-122.49811,37.77193],[-122.49705,37.77198],[-122.49597,37.77203],[-122.4949,37.77208],[-122.49383,37.77213],[-122.49276,37.77218],[-122.49169,37.77223],[-122.49062,37.77228],[-122.48954,37.77232],[-122.48847,37.77237],[-122.4874,37.77242],[-122.48633,37.77247],[-122.48526,37.77252],[-122.48419,37.77257],[-122.48312,37.77262],[-122.48205,37.77267],[-122.48098,37.77272],[-122.4799,37.77277],[-122.47884,37.77282],[-122.47777,37.77286],[-122.47669,37.77291],[-122.47561,37.77296],[-122.47455,37.77301],[-122.47343,37.77306],[-122.4723,37.77311],[-122.47176,37.77314],[-122.47124,37.77316],[-122.47016,37.77321],[-122.46909,37.77326],[-122.46802,37.7733],[-122.46695,37.77335],[-122.46588,37.7734],[-122.46533,37.77342],[-122.46481,37.77349],[-122.46375,37.77362],[-122.46268,37.77376],[-122.46162,37.7739],[-122.46055,37.77403],[-122.45949,37.77417],[-122.45837,37.77431],[-122.45628,37.77456],[-122.45525,37.77469],[-122.45468,37.77476],[-122.45464,37.77465],[-122.45445,37.77371],[-122.45428,37.77289],[-122.45408,37.77193],[-122.45396,37.772],[-122.45244,37.77219],[-122.45224,37.77218],[-122.45079,37.77237],[-122.44914,37.77258],[-122.4475,37.77279],[-122.4459,37.77299],[-122.44422,37.77321],[-122.44256,37.77342],[-122.44092,37.77363]]]]},"properties":{"nhood":"Golden Gate Park"}},{"type":"Feature","geometry":{"type":"MultiPolygon","coordinates":[[[[-122.45932,37.78752],[-122.45928,37.78691],[-122.45926,37.78662],[-122.45918,37.78568],[-122.45913,37.78506],[-122.45904,37.78383],[-122.459,37.78319],[-122.45886,37.78126],[-122.45873,37.77933],[-122.45864,37.77801],[-122.45858,37.77725],[-122.4585,37.77619],[-122.45846,37.77562],[-122.45844,37.77524],[-122.45837,37.77431],[-122.45949,37.77417],[-122.46055,37.77403],[-122.46162,37.7739],[-122.46268,37.77376],[-122.46375,37.77362],[-122.46481,37.77349],[-122.46533,37.77342],[-122.46588,37.7734],[-122.46695,37.77335],[-122.46802,37.7733],[-122.46909,37.77326],[-122.47016,37.77321],[-122.47124,37.77316],[-122.47176,37.77314],[-122.47171,37.77324],[-122.47183,37.77491],[-122.4719,37.775],[-122.47185,37.7751],[-122.47196,37.77677],[-122.47204,37.77687],[-122.47197,37.77697],[-122.47208,37.77863],[-122.47217,37.77873],[-122.4721,37.77885],[-122.47222,37.78052],[-122.47231,37.78066],[-122.47225,37.78083],[-122.47237,37.7825],[-122.47245,37.78258],[-122.47239,37.78267],[-122.47251,37.78437],[-122.47259,37.78445],[-122.47253,37.78456],[-122.4726,37.78549],[-122.4726,37.78609],[-122.47258,37.78621],[-122.47263,37.78632],[-122.47254,37.78641],[-122.47249,37.78677],[-122.47239,37.78714],[-122.47235,37.78723],[-122.47223,37.78723],[-122.47116,37.78722],[-122.47091,37.78722],[-122.47008,37.7874],[-122.46799,37.78785],[-122.46692,37.78813],[-122.46584,37.78835],[-122.46478,37.78856],[-122.46358,37.78881],[-122.45992,37.78954],[-122.45948,37.78971],[-122.45945,37.7893],[-122.45939,37.7884],[-122.45932,37.78752]]]]},"properties":{"nhood":"Inner Richmond"}},{"type":"Feature","geometry":{"type":"MultiPolygon","coordinates":[[[[-122.44738,37.74648],[-122.44728,37.74606],[-122.44685,37.74612],[-122.44682,37.74595],[-122.44674,37.74584],[-122.44643,37.74552],[-122.44634,37.74546],[-122.44618,37.74531],[-122.44603,37.74513],[-122.44587,37.74481],[-122.44579,37.74465],[-122.44573,37.74442],[-122.44568,37.74414],[-122.44559,37.74391],[-122.44541,37.74377],[-122.44521,37.74369],[-122.44466,37.74353],[-122.44436,37.74337],[-122.44415,37.7433],[-122.4439,37.7433],[-122.44374,37.74337],[-122.44289,37.74384],[-122.44274,37.74399],[-122.44264,37.74419],[-122.44263,37.74435],[-122.44227,37.74438],[-122.44201,37.74445],[-122.44171,37.74463],[-122.44137,37.74491],[-122.44127,37.74505],[-122.44127,37.74523],[-122.44009,37.7453],[-122.43997,37.74523],[-122.43976,37.74497],[-122.43953,37.7448],[-122.43774,37.74373],[-122.43768,37.74361],[-122.43751,37.74359],[-122.43723,37.74342],[-122.43647,37.74289],[-122.4361,37.74252],[-122.4358,37.7421],[-122.43558,37.74161],[-122.43562,37.74153],[-122.43553,37.74165],[-122.43543,37.74169],[-122.43539,37.74192],[-122.43546,37.74227],[-122.43551,37.74259],[-122.43554,37.7427],[-122.43556,37.74316],[-122.43462,37.74322],[-122.43332,37.7433],[-122.43338,37.74318],[-122.43331,37.7425],[-122.43326,37.7419],[-122.4329,37.74192],[-122.43278,37.7419],[-122.4326,37.7418],[-122.43244,37.74177],[-122.43222,37.74178],[-122.43202,37.74179],[-122.43112,37.74183],[-122.43089,37.74183],[-122.42995,37.74189],[-122.42891,37.74195],[-122.42873,37.74196],[-122.42788,37.74201],[-122.42685,37.74208],[-122.42652,37.7421],[-122.42581,37.74214],[-122.42423,37.74224],[-122.42329,37.74229],[-122.4234,37.7422],[-122.42362,37.74167],[-122.42394,37.74089],[-122.42404,37.74066],[-122.42405,37.74063],[-122.42414,37.74034],[-122.42426,37.73993],[-122.42415,37.73987],[-122.42428,37.73978],[-122.42449,37.73899],[-122.42472,37.73843],[-122.42495,37.73806],[-122.42508,37.73785],[-122.42529,37.73764],[-122.4256,37.73732],[-122.42617,37.73684],[-122.42666,37.73642],[-122.42672,37.73637],[-122.42787,37.73554],[-122.42802,37.73544],[-122.42857,37.73508],[-122.42861,37.73506],[-122.42884,37.73493],[-122.42939,37.73464],[-122.4296,37.73452],[-122.4298,37.73441],[-122.4304,37.73412],[-122.43093,37.73387],[-122.43242,37.73318],[-122.43245,37.73319],[-122.43257,37.73324],[-122.4328,37.73334],[-122.43297,37.73331],[-122.4332,37.73344],[-122.43402,37.73359],[-122.43414,37.73355],[-122.43424,37.73363],[-122.4349,37.73375],[-122.435,37.73372],[-122.43507,37.73378],[-122.43574,37.7339],[-122.43584,37.73388],[-122.43592,37.73393],[-122.43658,37.73407],[-122.43667,37.73404],[-122.43675,37.7341],[-122.43751,37.73425],[-122.43839,37.73442],[-122.43863,37.73449],[-122.43892,37.7346],[-122.43919,37.73474],[-122.43957,37.73484],[-122.43993,37.73486],[-122.44002,37.73491],[-122.44069,37.73507],[-122.44102,37.73557],[-122.44115,37.73571],[-122.44138,37.73586],[-122.4417,37.73595],[-122.44187,37.73598],[-122.44193,37.73597],[-122.44203,37.73599],[-122.44216,37.73597],[-122.44243,37.73589],[-122.44316,37.73569],[-122.4433,37.73568],[-122.44345,37.73569],[-122.44357,37.73573],[-122.44367,37.73579],[-122.44375,37.73586],[-122.44379,37.73592],[-122.44382,37.73601],[-122.44383,37.73613],[-122.4438,37.73624],[-122.44375,37.73636],[-122.44365,37.73643],[-122.4436,37.7365],[-122.44353,37.7366],[-122.44266,37.73712],[-122.44249,37.73729],[-122.44242,37.73744],[-122.4424,37.73764],[-122.44245,37.7378],[-122.44258,37.73817],[-122.44263,37.73831],[-122.44263,37.73857],[-122.4425,37.73924],[-122.44252,37.73945],[-122.44258,37.73952],[-122.4426,37.73955],[-122.44272,37.73968],[-122.44286,37.73977],[-122.44302,37.73981],[-122.44342,37.7399],[-122.44369,37.73997],[-122.44388,37.74006],[-122.44392,37.74009],[-122.4441,37.74023],[-122.44413,37.74028],[-122.44437,37.74058],[-122.44452,37.74069],[-122.44468,37.74079],[-122.44491,37.74087],[-122.4452,37.74092],[-122.44552,37.74097],[-122.44574,37.74102],[-122.4459,37.74112],[-122.44596,37.7412],[-122.44606,37.74127],[-122.4461,37.74136],[-122.44616,37.74154],[-122.4462,37.74187],[-122.44624,37.74201],[-122.44626,37.74207],[-122.44632,37.74219],[-122.44637,37.74224],[-122.44641,37.74228],[-122.44652,37.74236],[-122.44666,37.74244],[-122.44684,37.74252],[-122.44711,37.74258],[-122.44738,37.74261],[-122.44849,37.7427],[-122.44882,37.74275],[-122.44914,37.74283],[-122.44936,37.74292],[-122.44958,37.74307],[-122.44979,37.74326],[-122.44986,37.74326],[-122.44992,37.74327],[-122.45059,37.74409],[-122.45059,37.74421],[-122.45159,37.74543],[-122.45162,37.74553],[-122.45157,37.74565],[-122.45097,37.74587],[-122.45085,37.74583],[-122.45071,37.74593],[-122.44972,37.74606],[-122.44889,37.74623],[-122.44856,37.74632],[-122.44792,37.74648],[-122.44779,37.74644],[-122.44766,37.74654],[-122.4474,37.7466],[-122.44738,37.74648]]]]},"properties":{"nhood":"Glen Park"}},{"type":"Feature","geometry":{"type":"MultiPolygon","coordinates":[[[[-122.38753,37.7828],[-122.38752,37.7828],[-122.38752,37.7828],[-122.38753,37.7828],[-122.38753,37.7828]]],[[[-122.38471,37.78278],[-122.38471,37.78278],[-122.38473,37.78293],[-122.38473,37.78293],[-122.38473,37.78292],[-122.38473,37.78292],[-122.38473,37.78292],[-122.38473,37.78292],[-122.38473,37.78292],[-122.38473,37.78292],[-122.38473,37.78292],[-122.38473,37.78292],[-122.38473,37.78292],[-122.38473,37.78292],[-122.38473,37.78292],[-122.38473,37.78292],[-122.38473,37.78292],[-122.38473,37.78292],[-122.38473,37.78292],[-122.38473,37.78292],[-122.38473,37.78292],[-122.38473,37.78292],[-122.38471,37.78278]]],[[[-122.38473,37.78293],[-122.38473,37.78293],[-122.38475,37.78294],[-122.38475,37.78294],[-122.38475,37.78294],[-122.38475,37.78294],[-122.38475,37.78294],[-122.38474,37.78294],[-122.38474,37.78294],[-122.38474,37.78294],[-122.38474,37.78294],[-122.38474,37.78294],[-122.38474,37.78294],[-122.38474,37.78294],[-122.38474,37.78294],[-122.38474,37.78294],[-122.38474,37.78294],[-122.38474,37.78294],[-122.38474,37.78294],[-122.38474,37.78293],[-122.38474,37.78293],[-122.38474,37.78293],[-122.38474,37.78293],[-122.38474,37.78293],[-122.38474,37.78293],[-122.38474,37.78293],[-122.38474,37.78293],[-122.38474,37.78293],[-122.38474,37.78293],[-122.38474,37.78293],[-122.38473,37.78293],[-122.38473,37.78293],[-122.38473,37.78293],[-122.38473,37.78293],[-122.38473,37.78293],[-122.38473,37.78293],[-122.38473,37.78293],[-122.38473,37.78293],[-122.38473,37.78293],[-122.38473,37.78293],[-122.38473,37.78293],[-122.38473,37.78293],[-122.38473,37.78293],[-122.38473,37.78293]]],[[[-122.38475,37.78294],[-122.38624,37.78286],[-122.38476,37.78294],[-122.38476,37.78294],[-122.38476,37.78294],[-122.38476,37.78294],[-122.38476,37.78294],[-122.38476,37.78294],[-122.38476,37.78294],[-122.38476,37.78294],[-122.38476,37.78294],[-122.38476,37.78294],[-122.38476,37.78294],[-122.38476,37.78294],[-122.38475,37.78294],[-122.38475,37.78294],[-122.38475,37.78294],[-122.38475,37.78294],[-122.38475,37.78294],[-122.38475,37.78294],[-122.38475,37.78294],[-122.38475,37.78294],[-122.38475,37.78294],[-122.38475,37.78294],[-122.38475,37.78294]]],[[[-122.40059,37.80602],[-122.40096,37.80356],[-122.40084,37.80343],[-122.40048,37.80347],[-122.39855,37.8046],[-122.39855,37.8046],[-122.39855,37.8046],[-122.39855,37.8046],[-122.39855,37.8046],[-122.39855,37.8046],[-122.39855,37.8046],[-122.39855,37.8046],[-122.39855,37.8046],[-122.39855,37.8046],[-122.39855,37.8046],[-122.39855,37.8046],[-122.39855,37.8046],[-122.39855,37.8046],[-122.39855,37.8046],[-122.39855,37.8046],[-122.39855,37.8046],[-122.39855,37.80461],[-122.39854,37.80461],[-122.39854,37.80461],[-122.39854,37.80461],[-122.39854,37.80461],[-122.39854,37.80461],[-122.39854,37.80461],[-122.39854,37.80461],[-122.39854,37.80461],[-122.39854,37.80461],[-122.39854,37.80461],[-122.39854,37.80461],[-122.39854,37.80461],[-122.39854,37.80461],[-122.39854,37.80461],[-122.39854,37.80461],[-122.39854,37.80461],[-122.39854,37.80461],[-122.39854,37.80461],[-122.39854,37.80461],[-122.39854,37.80461],[-122.39853,37.80461],[-122.39853,37.80461],[-122.39853,37.80461],[-122.39853,37.80461],[-122.39853,37.80461],[-122.39853,37.80461],[-122.39853,37.80461],[-122.39853,37.80461],[-122.39853,37.80461],[-122.39853,37.80461],[-122.39853,37.80461],[-122.39853,37.80461],[-122.39853,37.80461],[-122.39853,37.80461],[-122.39853,37.80461],[-122.39853,37.80461],[-122.39853,37.80461],[-122.39853,37.80461],[-122.39853,37.8046],[-122.39852,37.8046],[-122.39852,37.8046],[-122.39852,37.8046],[-122.39852,37.8046],[-122.39852,37.8046],[-122.39852,37.8046],[-122.39852,37.8046],[-122.39852,37.8046],[-122.39852,37.8046],[-122.39852,37.8046],[-122.39852,37.8046],[-122.39852,37.8046],[-122.39852,37.8046],[-122.39852,37.8046],[-122.39852,37.8046],[-122.39852,37.8046],[-122.39852,37.8046],[-122.39852,37.8046],[-122.39852,37.8046],[-122.39852,37.8046],[-122.39852,37.8046],[-122.39852,37.8046],[-122.39852,37.8046],[-122.39851,37.8046],[-122.39851,37.8046],[-122.39851,37.8046],[-122.39851,37.8046],[-122.39851,37.8046],[-122.39851,37.8046],[-122.39851,37.8046],[-122.39851,37.8046],[-122.39851,37.8046],[-122.39851,37.8046],[-122.39851,37.8046],[-122.39856,37.80453],[-122.39823,37.80428],[-122.39823,37.80428],[-122.39823,37.80428],[-122.39823,37.80428],[-122.39823,37.80428],[-122.39823,37.80428],[-122.39823,37.80428],[-122.39823,37.80428],[-122.39823,37.80428],[-122.39823,37.80428],[-122.39823,37.80428],[-122.39822,37.80428],[-122.39822,37.80428],[-122.39822,37.80428],[-122.39822,37.80428],[-122.39822,37.80427],[-122.39822,37.80427],[-122.39822,37.80427],[-122.39822,37.80427],[-122.39822,37.80427],[-122.39822,37.80427],[-122.39822,37.80427],[-122.39822,37.80427],[-122.39822,37.80427],[-122.39822,37.80427],[-122.39822,37.80427],[-122.39822,37.80427],[-122.39822,37.80427],[-122.39822,37.80427],[-122.39822,37.80427],[-122.39822,37.80427],[-122.39822,37.80427],[-122.39822,37.80427],[-122.39822,37.80427],[-122.39822,37.80427],[-122.39822,37.80427],[-122.39822,37.80427],[-122.39822,37.80427],[-122.39822,37.80427],[-122.39822,37.80426],[-122.39822,37.80426],[-122.39822,37.80426],[-122.39822,37.80426],[-122.39822,37.80426],[-122.39822,37.80426],[-122.39822,37.80426],[-122.39822,37.80426],[-122.39822,37.80426],[-122.39822,37.80426],[-122.39822,37.80426],[-122.39822,37.80426],[-122.39822,37.80426],[-122.39822,37.80426],[-122.39822,37.80426],[-122.39822,37.80426],[-122.39822,37.80426],[-122.39822,37.80426],[-122.39822,37.80426],[-122.39822,37.80426],[-122.39822,37.80426],[-122.39823,37.80426],[-122.39823,37.80426],[-122.39823,37.80426],[-122.39823,37.80425],[-122.39823,37.80425],[-122.39823,37.80425],[-122.39823,37.80425],[-122.39823,37.80425],[-122.39823,37.80425],[-122.39823,37.80425],[-122.39823,37.80425],[-122.39823,37.80425],[-122.39823,37.80425],[-122.39823,37.80425],[-122.39823,37.80425],[-122.39823,37.80425],[-122.39823,37.80425],[-122.39823,37.80425],[-122.39823,37.80425],[-122.39823,37.80425],[-122.39823,37.80425],[-122.39823,37.80425],[-122.39823,37.80425],[-122.39823,37.80425],[-122.39823,37.80425],[-122.39823,37.80425],[-122.39823,37.80425],[-122.39823,37.80425],[-122.39823,37.80425],[-122.39997,37.80323],[-122.3996,37.80281],[-122.39783,37.80381],[-122.39783,37.80381],[-122.39783,37.80381],[-122.39782,37.80381],[-122.39782,37.80381],[-122.39782,37.80381],[-122.39782,37.80381],[-122.39782,37.80381],[-122.39782,37.80381],[-122.39782,37.80381],[-122.39782,37.80381],[-122.39782,37.80381],[-122.39782,37.80381],[-122.39782,37.80381],[-122.39782,37.80381],[-122.39782,37.80381],[-122.39782,37.80381],[-122.39782,37.80381],[-122.39782,37.80381],[-122.39782,37.80381],[-122.39782,37.80381],[-122.39782,37.80381],[-122.39782,37.80381],[-122.39782,37.80381],[-122.39781,37.80381],[-122.39781,37.80381],[-122.39781,37.80381],[-122.39781,37.80381],[-122.39781,37.80381],[-122.39781,37.80381],[-122.39781,37.80381],[-122.39781,37.80381],[-122.39781,37.80381],[-122.39781,37.80381],[-122.39781,37.80381],[-122.39781,37.80381],[-122.39781,37.80381],[-122.39781,37.80381],[-122.39781,37.80381],[-122.39781,37.80381],[-122.39781,37.80381],[-122.39781,37.80381],[-122.39781,37.80381],[-122.3978,37.80381],[-122.3978,37.80381],[-122.3978,37.80381],[-122.3978,37.80381],[-122.3978,37.80381],[-122.3978,37.80381],[-122.3978,37.80381],[-122.3978,37.80381],[-122.3978,37.80381],[-122.3978,37.80381],[-122.3978,37.80381],[-122.3978,37.80381],[-122.3978,37.80381],[-122.3978,37.80381],[-122.3978,37.80381],[-122.3978,37.80381],[-122.3978,37.80381],[-122.3978,37.80381],[-122.3978,37.80381],[-122.3978,37.80381],[-122.39779,37.80381],[-122.39779,37.80381],[-122.39779,37.80381],[-122.39779,37.80381],[-122.39779,37.80381],[-122.39779,37.80381],[-122.39779,37.80381],[-122.39779,37.80381],[-122.39779,37.80381],[-122.39779,37.80381],[-122.39779,37.80381],[-122.39779,37.80381],[-122.39779,37.80381],[-122.39779,37.80381],[-122.39779,37.80381],[-122.39779,37.80381],[-122.39779,37.80381],[-122.39779,37.80381],[-122.39779,37.80381],[-122.39779,37.80381],[-122.39779,37.80381],[-122.39779,37.80381],[-122.39779,37.80381],[-122.39779,37.80381],[-122.39779,37.80381],[-122.39778,37.80381],[-122.39778,37.8038],[-122.39778,37.8038],[-122.39778,37.8038],[-122.39752,37.80349],[-122.39752,37.80349],[-122.39752,37.80349],[-122.39752,37.80349],[-122.39752,37.80349],[-122.39751,37.80349],[-122.39751,37.80349],[-122.39751,37.80349],[-122.39751,37.80349],[-122.39751,37.80349],[-122.39751,37.80349],[-122.39751,37.80349],[-122.39751,37.80349],[-122.39751,37.80349],[-122.39751,37.80349],[-122.39751,37.80349],[-122.39751,37.80349],[-122.39751,37.80349],[-122.39751,37.80349],[-122.39751,37.80349],[-122.39751,37.80349],[-122.39751,37.80349],[-122.39751,37.80349],[-122.39751,37.80349],[-122.39751,37.80349],[-122.39751,37.80349],[-122.39751,37.80348],[-122.39751,37.80348],[-122.39751,37.80348],[-122.39751,37.80348],[-122.39751,37.80348],[-122.39751,37.80348],[-122.39751,37.80348],[-122.39751,37.80348],[-122.39751,37.80348],[-122.39751,37.80348],[-122.39751,37.80348],[-122.39751,37.80348],[-122.39751,37.80348],[-122.39751,37.80348],[-122.39751,37.80348],[-122.39751,37.80348],[-122.39751,37.80348],[-122.39751,37.80348],[-122.39751,37.80348],[-122.39751,37.80348],[-122.39751,37.80348],[-122.39751,37.80348],[-122.39751,37.80348],[-122.39751,37.80348],[-122.39751,37.80347],[-122.39751,37.80347],[-122.39751,37.80347],[-122.39751,37.80347],[-122.39751,37.80347],[-122.39751,37.80347],[-122.39751,37.80347],[-122.39751,37.80347],[-122.39751,37.80347],[-122.39751,37.80347],[-122.39751,37.80347],[-122.39751,37.80347],[-122.39751,37.80347],[-122.39751,37.80347],[-122.39751,37.80347],[-122.39752,37.80347],[-122.39752,37.80347],[-122.39752,37.80347],[-122.39752,37.80347],[-122.39752,37.80347],[-122.39752,37.80347],[-122.39752,37.80347],[-122.39752,37.80347],[-122.39752,37.80347],[-122.39752,37.80347],[-122.39752,37.80347],[-122.39752,37.80347],[-122.39752,37.80347],[-122.39752,37.80346],[-122.39752,37.80346],[-122.39752,37.80346],[-122.39752,37.80346],[-122.39752,37.80346],[-122.39752,37.80346],[-122.39752,37.80346],[-122.39752,37.80346],[-122.39752,37.80346],[-122.39752,37.80346],[-122.39752,37.80346],[-122.39962,37.80228],[-122.39972,37.80218],[-122.39941,37.80182],[-122.39939,37.80183],[-122.39938,37.80183],[-122.39937,37.80183],[-122.39936,37.80183],[-122.39935,37.80183],[-122.39934,37.80183],[-122.39933,37.80184],[-122.39931,37.80184],[-122.3993,37.80184],[-122.39929,37.80184],[-122.39928,37.80185],[-122.39927,37.80185],[-122.39926,37.80185],[-122.39925,37.80185],[-122.39924,37.80186],[-122.39923,37.80186],[-122.39921,37.80186],[-122.3992,37.80187],[-122.39919,37.80187],[-122.39918,37.80188],[-122.39917,37.80188],[-122.39916,37.80188],[-122.39915,37.80189],[-122.39712,37.80302],[-122.39712,37.80302],[-122.39712,37.80302],[-122.39712,37.80302],[-122.39712,37.80302],[-122.39712,37.80302],[-122.39712,37.80302],[-122.39711,37.80302],[-122.39711,37.80302],[-122.39711,37.80302],[-122.39711,37.80302],[-122.39711,37.80302],[-122.39711,37.80302],[-122.39711,37.80302],[-122.39711,37.80302],[-122.39711,37.80302],[-122.39711,37.80302],[-122.39711,37.80302],[-122.39711,37.80302],[-122.39711,37.80302],[-122.39711,37.80302],[-122.39711,37.80302],[-122.39711,37.80302],[-122.39711,37.80302],[-122.39711,37.80302],[-122.39711,37.80302],[-122.39711,37.80302],[-122.3971,37.80302],[-122.3971,37.80302],[-122.3971,37.80302],[-122.3971,37.80302],[-122.3971,37.80302],[-122.3971,37.80302],[-122.3971,37.80302],[-122.3971,37.80302],[-122.3971,37.80302],[-122.3971,37.80302],[-122.3971,37.80302],[-122.3971,37.80302],[-122.3971,37.80302],[-122.3971,37.80302],[-122.3971,37.80302],[-122.3971,37.80302],[-122.3971,37.80302],[-122.3971,37.80302],[-122.3971,37.80302],[-122.3971,37.80302],[-122.39709,37.80302],[-122.39709,37.80302],[-122.39709,37.80302],[-122.39709,37.80302],[-122.39709,37.80302],[-122.39709,37.80302],[-122.39709,37.80302],[-122.39709,37.80302],[-122.39709,37.80302],[-122.39709,37.80302],[-122.39709,37.80302],[-122.39709,37.80302],[-122.39709,37.80302],[-122.39709,37.80302],[-122.39709,37.80302],[-122.39709,37.80302],[-122.39709,37.80302],[-122.39709,37.80302],[-122.39709,37.80302],[-122.39709,37.80302],[-122.39708,37.80302],[-122.39708,37.80302],[-122.39708,37.80302],[-122.39708,37.80302],[-122.39708,37.80302],[-122.39708,37.80302],[-122.39708,37.80302],[-122.39708,37.80302],[-122.39708,37.80302],[-122.39708,37.80302],[-122.39708,37.80302],[-122.39708,37.80302],[-122.39708,37.80302],[-122.39708,37.80302],[-122.39708,37.80302],[-122.39708,37.80302],[-122.39708,37.80302],[-122.39708,37.80302],[-122.39708,37.80302],[-122.39708,37.80302],[-122.39708,37.80302],[-122.39708,37.80302],[-122.39708,37.80302],[-122.39708,37.80302],[-122.39708,37.80301],[-122.39615,37.80196],[-122.39615,37.80196],[-122.39615,37.80196],[-122.39615,37.80196],[-122.39615,37.80196],[-122.39615,37.80196],[-122.39615,37.80196],[-122.39615,37.80196],[-122.39615,37.80196],[-122.39615,37.80196],[-122.39614,37.80196],[-122.39614,37.80196],[-122.39614,37.80196],[-122.39614,37.80196],[-122.39614,37.80196],[-122.39614,37.80196],[-122.39614,37.80196],[-122.39614,37.80196],[-122.39614,37.80196],[-122.39614,37.80196],[-122.39614,37.80196],[-122.39614,37.80195],[-122.39614,37.80195],[-122.39614,37.80195],[-122.39614,37.80195],[-122.39614,37.80195],[-122.39614,37.80195],[-122.39614,37.80195],[-122.39614,37.80195],[-122.39614,37.80195],[-122.39614,37.80195],[-122.39614,37.80195],[-122.39614,37.80195],[-122.39614,37.80195],[-122.39614,37.80195],[-122.39614,37.80195],[-122.39614,37.80195],[-122.39614,37.80195],[-122.39614,37.80195],[-122.39614,37.80195],[-122.39614,37.80195],[-122.39614,37.80195],[-122.39614,37.80195],[-122.39614,37.80195],[-122.39614,37.80195],[-122.39614,37.80195],[-122.39614,37.80195],[-122.39614,37.80194],[-122.39614,37.80194],[-122.39614,37.80194],[-122.39614,37.80194],[-122.39614,37.80194],[-122.39614,37.80194],[-122.39614,37.80194],[-122.39614,37.80194],[-122.39614,37.80194],[-122.39614,37.80194],[-122.39614,37.80194],[-122.39614,37.80194],[-122.39614,37.80194],[-122.39615,37.80194],[-122.39615,37.80194],[-122.39615,37.80194],[-122.39615,37.80194],[-122.39615,37.80194],[-122.39615,37.80194],[-122.39615,37.80194],[-122.39615,37.80194],[-122.39615,37.80194],[-122.39615,37.80194],[-122.39615,37.80194],[-122.39615,37.80194],[-122.39615,37.80194],[-122.39615,37.80194],[-122.39615,37.80194],[-122.39615,37.80194],[-122.39615,37.80194],[-122.39615,37.80193],[-122.39615,37.80193],[-122.39615,37.80193],[-122.39615,37.80193],[-122.39615,37.80193],[-122.39615,37.80193],[-122.39615,37.80193],[-122.39615,37.80193],[-122.39615,37.80193],[-122.39615,37.80193],[-122.39615,37.80193],[-122.39615,37.80193],[-122.39616,37.80192],[-122.39838,37.80067],[-122.39828,37.80056],[-122.39799,37.80023],[-122.39577,37.80147],[-122.39577,37.80147],[-122.39577,37.80147],[-122.39577,37.80147],[-122.39577,37.80147],[-122.39576,37.80147],[-122.39576,37.80147],[-122.39576,37.80147],[-122.39576,37.80147],[-122.39576,37.80147],[-122.39576,37.80147],[-122.39576,37.80147],[-122.39576,37.80147],[-122.39576,37.80147],[-122.39576,37.80148],[-122.39576,37.80148],[-122.39576,37.80148],[-122.39576,37.80148],[-122.39576,37.80148],[-122.39576,37.80148],[-122.39576,37.80148],[-122.39576,37.80148],[-122.39576,37.80148],[-122.39576,37.80148],[-122.39576,37.80148],[-122.39576,37.80148],[-122.39576,37.80148],[-122.39575,37.80148],[-122.39575,37.80148],[-122.39575,37.80148],[-122.39575,37.80148],[-122.39575,37.80148],[-122.39575,37.80148],[-122.39575,37.80148],[-122.39575,37.80148],[-122.39575,37.80148],[-122.39575,37.80148],[-122.39575,37.80148],[-122.39575,37.80148],[-122.39575,37.80148],[-122.39575,37.80148],[-122.39575,37.80148],[-122.39575,37.80148],[-122.39575,37.80148],[-122.39575,37.80148],[-122.39575,37.80148],[-122.39575,37.80148],[-122.39575,37.80148],[-122.39574,37.80148],[-122.39574,37.80148],[-122.39574,37.80148],[-122.39574,37.80148],[-122.39574,37.80148],[-122.39574,37.80148],[-122.39574,37.80148],[-122.39574,37.80148],[-122.39574,37.80148],[-122.39574,37.80147],[-122.39574,37.80147],[-122.39574,37.80147],[-122.39574,37.80147],[-122.39574,37.80147],[-122.39574,37.80147],[-122.39574,37.80147],[-122.39574,37.80147],[-122.39574,37.80147],[-122.39574,37.80147],[-122.39574,37.80147],[-122.39574,37.80147],[-122.39574,37.80147],[-122.39574,37.80147],[-122.39573,37.80147],[-122.39573,37.80147],[-122.39573,37.80147],[-122.39573,37.80147],[-122.39573,37.80147],[-122.39573,37.80147],[-122.39573,37.80147],[-122.39573,37.80147],[-122.39573,37.80147],[-122.39573,37.80147],[-122.39573,37.80147],[-122.39573,37.80147],[-122.39573,37.80147],[-122.39573,37.80147],[-122.39573,37.80147],[-122.39573,37.80147],[-122.39573,37.80147],[-122.39573,37.80147],[-122.39544,37.80117],[-122.39544,37.80117],[-122.39544,37.80117],[-122.39544,37.80117],[-122.39544,37.80117],[-122.39544,37.80117],[-122.39544,37.80117],[-122.39544,37.80117],[-122.39544,37.80116],[-122.39544,37.80116],[-122.39544,37.80116],[-122.39544,37.80116],[-122.39544,37.80116],[-122.39544,37.80116],[-122.39544,37.80116],[-122.39544,37.80116],[-122.39544,37.80116],[-122.39544,37.80116],[-122.39544,37.80116],[-122.39544,37.80116],[-122.39544,37.80116],[-122.39544,37.80116],[-122.39544,37.80116],[-122.39544,37.80116],[-122.39544,37.80116],[-122.39544,37.80116],[-122.39544,37.80116],[-122.39544,37.80116],[-122.39544,37.80116],[-122.39544,37.80116],[-122.39544,37.80116],[-122.39544,37.80116],[-122.39544,37.80116],[-122.39544,37.80116],[-122.39544,37.80116],[-122.39544,37.80115],[-122.39544,37.80115],[-122.39544,37.80115],[-122.39544,37.80115],[-122.39544,37.80115],[-122.39544,37.80115],[-122.39544,37.80115],[-122.39544,37.80115],[-122.39544,37.80115],[-122.39544,37.80115],[-122.39544,37.80115],[-122.39544,37.80115],[-122.39544,37.80115],[-122.39544,37.80115],[-122.39544,37.80115],[-122.39544,37.80115],[-122.39544,37.80115],[-122.39544,37.80115],[-122.39544,37.80115],[-122.39544,37.80115],[-122.39544,37.80115],[-122.39544,37.80115],[-122.39544,37.80115],[-122.39544,37.80115],[-122.39544,37.80115],[-122.39544,37.80115],[-122.39544,37.80115],[-122.39544,37.80114],[-122.39544,37.80114],[-122.39544,37.80114],[-122.39544,37.80114],[-122.39544,37.80114],[-122.39544,37.80114],[-122.39544,37.80114],[-122.39544,37.80114],[-122.39544,37.80114],[-122.39544,37.80114],[-122.39544,37.80114],[-122.39544,37.80114],[-122.39544,37.80114],[-122.39545,37.80114],[-122.39545,37.80114],[-122.39545,37.80114],[-122.39545,37.80114],[-122.39545,37.80114],[-122.39545,37.80114],[-122.39545,37.80114],[-122.39545,37.80114],[-122.39545,37.80114],[-122.39545,37.80114],[-122.39545,37.80114],[-122.39545,37.80114],[-122.39545,37.80114],[-122.39545,37.80114],[-122.39545,37.80114],[-122.39545,37.80114],[-122.39545,37.80114],[-122.39753,37.79997],[-122.39753,37.79997],[-122.39754,37.79996],[-122.39754,37.79996],[-122.39755,37.79995],[-122.39755,37.79995],[-122.39756,37.79994],[-122.39756,37.79994],[-122.39757,37.79994],[-122.39757,37.79993],[-122.39758,37.79993],[-122.39758,37.79992],[-122.39759,37.79992],[-122.39759,37.79991],[-122.3976,37.79991],[-122.3976,37.7999],[-122.39761,37.7999],[-122.39761,37.79989],[-122.39761,37.79989],[-122.39762,37.79988],[-122.39762,37.79987],[-122.39763,37.79987],[-122.39763,37.79986],[-122.39763,37.79986],[-122.39764,37.79985],[-122.39764,37.79985],[-122.39764,37.79984],[-122.39758,37.79977],[-122.39738,37.79955],[-122.39736,37.79956],[-122.39726,37.79944],[-122.39697,37.79961],[-122.3969,37.79963],[-122.39694,37.79958],[-122.39725,37.7994],[-122.39707,37.7992],[-122.39674,37.79883],[-122.3967,37.79886],[-122.39667,37.79882],[-122.39663,37.79885],[-122.39662,37.79885],[-122.39662,37.79885],[-122.39662,37.79885],[-122.39662,37.79885],[-122.39662,37.79885],[-122.39662,37.79885],[-122.39662,37.79885],[-122.39662,37.79885],[-122.39662,37.79885],[-122.39662,37.79885],[-122.39662,37.79885],[-122.39662,37.79885],[-122.39662,37.79885],[-122.39662,37.79885],[-122.39662,37.79885],[-122.39662,37.79885],[-122.39662,37.79885],[-122.39662,37.79885],[-122.39662,37.79885],[-122.39662,37.79885],[-122.39662,37.79885],[-122.39662,37.79885],[-122.39661,37.79885],[-122.39661,37.79885],[-122.39661,37.79885],[-122.39661,37.79885],[-122.39661,37.79885],[-122.39661,37.79885],[-122.39661,37.79885],[-122.39661,37.79885],[-122.39661,37.79885],[-122.39661,37.79885],[-122.39661,37.79885],[-122.39661,37.79885],[-122.39661,37.79885],[-122.39661,37.79885],[-122.39661,37.79885],[-122.39661,37.79885],[-122.39661,37.79885],[-122.39661,37.79885],[-122.39661,37.79885],[-122.39661,37.79885],[-122.39661,37.79885],[-122.3966,37.79885],[-122.3966,37.79885],[-122.3966,37.79885],[-122.3966,37.79885],[-122.3966,37.79885],[-122.3966,37.79885],[-122.3966,37.79885],[-122.3966,37.79885],[-122.3966,37.79885],[-122.3966,37.79885],[-122.3966,37.79885],[-122.3966,37.79885],[-122.3966,37.79885],[-122.3966,37.79885],[-122.3966,37.79885],[-122.3966,37.79885],[-122.3966,37.79885],[-122.3966,37.79885],[-122.3966,37.79885],[-122.3966,37.79885],[-122.3966,37.79885],[-122.3966,37.79885],[-122.39659,37.79885],[-122.39659,37.79885],[-122.39659,37.79885],[-122.39659,37.79885],[-122.39659,37.79885],[-122.39659,37.79885],[-122.39659,37.79885],[-122.39659,37.79885],[-122.39659,37.79885],[-122.39659,37.79885],[-122.39659,37.79885],[-122.39659,37.79884],[-122.39659,37.79884],[-122.39659,37.79884],[-122.39659,37.79884],[-122.39659,37.79884],[-122.39659,37.79884],[-122.39659,37.79884],[-122.39659,37.79884],[-122.39659,37.79884],[-122.39659,37.79884],[-122.39659,37.79884],[-122.39658,37.79883],[-122.39571,37.79933],[-122.39568,37.7994],[-122.39558,37.79946],[-122.39549,37.79946],[-122.3952,37.79963],[-122.39447,37.80005],[-122.39449,37.80006],[-122.39446,37.80011],[-122.3945,37.80014],[-122.39444,37.80018],[-122.39434,37.80016],[-122.39425,37.80007],[-122.39424,37.79999],[-122.39431,37.79996],[-122.39434,37.79999],[-122.39441,37.79998],[-122.39442,37.8],[-122.39538,37.79944],[-122.39544,37.79941],[-122.39546,37.79935],[-122.39557,37.79929],[-122.39565,37.79928],[-122.39614,37.79901],[-122.39653,37.79878],[-122.39651,37.79876],[-122.39651,37.79876],[-122.39651,37.79876],[-122.39651,37.79876],[-122.39651,37.79876],[-122.39651,37.79876],[-122.39651,37.79876],[-122.39651,37.79876],[-122.39651,37.79876],[-122.39651,37.79876],[-122.39651,37.79876],[-122.39651,37.79876],[-122.39651,37.79876],[-122.39651,37.79876],[-122.39651,37.79876],[-122.39651,37.79876],[-122.39651,37.79876],[-122.39651,37.79876],[-122.39651,37.79876],[-122.39651,37.79876],[-122.39651,37.79876],[-122.39651,37.79876],[-122.39651,37.79876],[-122.39651,37.79876],[-122.39651,37.79876],[-122.39651,37.79876],[-122.39651,37.79875],[-122.39651,37.79875],[-122.39651,37.79875],[-122.39651,37.79875],[-122.39651,37.79875],[-122.39651,37.79875],[-122.39651,37.79875],[-122.39651,37.79875],[-122.39651,37.79875],[-122.39651,37.79875],[-122.39651,37.79875],[-122.39651,37.79875],[-122.39651,37.79875],[-122.39651,37.79875],[-122.39651,37.79875],[-122.39651,37.79875],[-122.39651,37.79875],[-122.39651,37.79875],[-122.39651,37.79875],[-122.39651,37.79875],[-122.39651,37.79875],[-122.39651,37.79875],[-122.39651,37.79875],[-122.39651,37.79875],[-122.39651,37.79875],[-122.39651,37.79875],[-122.39651,37.79875],[-122.39651,37.79874],[-122.39651,37.79874],[-122.39651,37.79874],[-122.39651,37.79874],[-122.39651,37.79874],[-122.39651,37.79874],[-122.39651,37.79874],[-122.39651,37.79874],[-122.39651,37.79874],[-122.39651,37.79874],[-122.39651,37.79874],[-122.39651,37.79874],[-122.39651,37.79874],[-122.39651,37.79874],[-122.39651,37.79874],[-122.39651,37.79874],[-122.39651,37.79874],[-122.39651,37.79874],[-122.39651,37.79874],[-122.39651,37.79874],[-122.39651,37.79874],[-122.39651,37.79874],[-122.39651,37.79874],[-122.39651,37.79874],[-122.39651,37.79874],[-122.39651,37.79874],[-122.39651,37.79874],[-122.39651,37.79874],[-122.39651,37.79874],[-122.39652,37.79874],[-122.39652,37.79874],[-122.39652,37.79873],[-122.39652,37.79873],[-122.39652,37.79873],[-122.39652,37.79873],[-122.39652,37.79873],[-122.39652,37.79873],[-122.39652,37.79873],[-122.39652,37.79873],[-122.39652,37.79873],[-122.39656,37.79871],[-122.39653,37.79868],[-122.39657,37.79865],[-122.39652,37.79859],[-122.3965,37.79857],[-122.39647,37.79859],[-122.39636,37.79847],[-122.39639,37.79845],[-122.39586,37.79787],[-122.39584,37.79787],[-122.39583,37.79787],[-122.39581,37.79788],[-122.3958,37.79788],[-122.39579,37.79788],[-122.39578,37.79788],[-122.39576,37.79788],[-122.39575,37.79789],[-122.39574,37.79789],[-122.39573,37.79789],[-122.39571,37.7979],[-122.3957,37.7979],[-122.39569,37.7979],[-122.39568,37.79791],[-122.39566,37.79791],[-122.39565,37.79791],[-122.39564,37.79792],[-122.39563,37.79792],[-122.39562,37.79793],[-122.3956,37.79793],[-122.39559,37.79794],[-122.39558,37.79794],[-122.39557,37.79795],[-122.39556,37.79795],[-122.39555,37.79796],[-122.39554,37.79796],[-122.39553,37.79797],[-122.39552,37.79797],[-122.3955,37.79798],[-122.39384,37.79894],[-122.39384,37.79894],[-122.39384,37.79894],[-122.39384,37.79894],[-122.39384,37.79894],[-122.39384,37.79894],[-122.39384,37.79894],[-122.39384,37.79894],[-122.39384,37.79894],[-122.39384,37.79894],[-122.39384,37.79894],[-122.39384,37.79894],[-122.39384,37.79894],[-122.39384,37.79894],[-122.39384,37.79894],[-122.39384,37.79894],[-122.39384,37.79894],[-122.39383,37.79894],[-122.39383,37.79894],[-122.39383,37.79894],[-122.39383,37.79894],[-122.39383,37.79894],[-122.39383,37.79894],[-122.39383,37.79894],[-122.39383,37.79894],[-122.39383,37.79894],[-122.39383,37.79894],[-122.39383,37.79894],[-122.39383,37.79894],[-122.39383,37.79894],[-122.39383,37.79894],[-122.39383,37.79894],[-122.39383,37.79894],[-122.39383,37.79894],[-122.39383,37.79894],[-122.39383,37.79894],[-122.39383,37.79894],[-122.39383,37.79894],[-122.39382,37.79894],[-122.39382,37.79894],[-122.39382,37.79894],[-122.39382,37.79894],[-122.39382,37.79894],[-122.39382,37.79894],[-122.39382,37.79894],[-122.39382,37.79894],[-122.39382,37.79894],[-122.39382,37.79894],[-122.39382,37.79894],[-122.39382,37.79894],[-122.39382,37.79894],[-122.39382,37.79894],[-122.39382,37.79894],[-122.39382,37.79894],[-122.39382,37.79894],[-122.39382,37.79894],[-122.39382,37.79894],[-122.39382,37.79894],[-122.39382,37.79894],[-122.39381,37.79894],[-122.39381,37.79894],[-122.39381,37.79894],[-122.39381,37.79894],[-122.39381,37.79894],[-122.39381,37.79894],[-122.39381,37.79894],[-122.39381,37.79894],[-122.39381,37.79894],[-122.39381,37.79894],[-122.39381,37.79894],[-122.39381,37.79894],[-122.39381,37.79894],[-122.39381,37.79894],[-122.39381,37.79894],[-122.39381,37.79894],[-122.39381,37.79894],[-122.39381,37.79894],[-122.39381,37.79894],[-122.39381,37.79894],[-122.39381,37.79894],[-122.39381,37.79894],[-122.39381,37.79894],[-122.39381,37.79894],[-122.39381,37.79894],[-122.39381,37.79893],[-122.3938,37.79893],[-122.3938,37.79893],[-122.3938,37.79893],[-122.3938,37.79893],[-122.3938,37.79893],[-122.3938,37.79893],[-122.39356,37.79866],[-122.39356,37.79866],[-122.39356,37.79866],[-122.39356,37.79866],[-122.39356,37.79866],[-122.39356,37.79866],[-122.39356,37.79866],[-122.39356,37.79866],[-122.39356,37.79866],[-122.39356,37.79866],[-122.39356,37.79866],[-122.39356,37.79866],[-122.39356,37.79866],[-122.39356,37.79866],[-122.39355,37.79866],[-122.39355,37.79866],[-122.39355,37.79866],[-122.39355,37.79866],[-122.39355,37.79865],[-122.39355,37.79865],[-122.39355,37.79865],[-122.39355,37.79865],[-122.39355,37.79865],[-122.39355,37.79865],[-122.39355,37.79865],[-122.39355,37.79865],[-122.39355,37.79865],[-122.39355,37.79865],[-122.39355,37.79865],[-122.39355,37.79865],[-122.39355,37.79865],[-122.39355,37.79865],[-122.39355,37.79865],[-122.39355,37.79865],[-122.39355,37.79865],[-122.39355,37.79865],[-122.39355,37.79865],[-122.39355,37.79865],[-122.39355,37.79865],[-122.39355,37.79865],[-122.39355,37.79865],[-122.39355,37.79865],[-122.39355,37.79865],[-122.39355,37.79865],[-122.39355,37.79865],[-122.39355,37.79864],[-122.39355,37.79864],[-122.39355,37.79864],[-122.39355,37.79864],[-122.39355,37.79864],[-122.39355,37.79864],[-122.39355,37.79864],[-122.39355,37.79864],[-122.39355,37.79864],[-122.39355,37.79864],[-122.39355,37.79864],[-122.39355,37.79864],[-122.39355,37.79864],[-122.39356,37.79864],[-122.39356,37.79864],[-122.39356,37.79864],[-122.39356,37.79864],[-122.39356,37.79864],[-122.39356,37.79864],[-122.39356,37.79864],[-122.39356,37.79864],[-122.39356,37.79864],[-122.39356,37.79864],[-122.39356,37.79864],[-122.39356,37.79864],[-122.39356,37.79864],[-122.39356,37.79864],[-122.39356,37.79864],[-122.39356,37.79864],[-122.39356,37.79863],[-122.39356,37.79863],[-122.39356,37.79863],[-122.39356,37.79863],[-122.39356,37.79863],[-122.39356,37.79863],[-122.39356,37.79863],[-122.39356,37.79863],[-122.39356,37.79863],[-122.39356,37.79863],[-122.39356,37.79863],[-122.39356,37.79863],[-122.39356,37.79863],[-122.39356,37.79863],[-122.39356,37.79863],[-122.39356,37.79863],[-122.39356,37.79863],[-122.39546,37.79755],[-122.39549,37.79747],[-122.39542,37.79739],[-122.3953,37.79739],[-122.39513,37.79749],[-122.395,37.79734],[-122.39518,37.79724],[-122.3952,37.79715],[-122.39517,37.79712],[-122.39502,37.79712],[-122.39484,37.79723],[-122.39488,37.79726],[-122.39321,37.79825],[-122.39321,37.79825],[-122.39321,37.79825],[-122.39321,37.79825],[-122.39321,37.79825],[-122.39321,37.79825],[-122.39321,37.79825],[-122.39321,37.79825],[-122.39321,37.79825],[-122.39321,37.79825],[-122.39321,37.79825],[-122.39321,37.79825],[-122.39321,37.79825],[-122.39321,37.79825],[-122.39321,37.79825],[-122.39321,37.79825],[-122.39321,37.79825],[-122.39321,37.79825],[-122.39321,37.79825],[-122.39321,37.79825],[-122.3932,37.79825],[-122.3932,37.79825],[-122.3932,37.79825],[-122.3932,37.79825],[-122.3932,37.79825],[-122.3932,37.79825],[-122.3932,37.79825],[-122.3932,37.79825],[-122.3932,37.79825],[-122.3932,37.79825],[-122.3932,37.79825],[-122.3932,37.79825],[-122.3932,37.79825],[-122.3932,37.79825],[-122.3932,37.79825],[-122.3932,37.79825],[-122.3932,37.79825],[-122.3932,37.79825],[-122.3932,37.79825],[-122.3932,37.79825],[-122.3932,37.79825],[-122.39319,37.79825],[-122.39319,37.79825],[-122.39319,37.79825],[-122.39319,37.79825],[-122.39319,37.79825],[-122.39319,37.79825],[-122.39319,37.79825],[-122.39319,37.79825],[-122.39319,37.79825],[-122.39319,37.79825],[-122.39319,37.79825],[-122.39319,37.79825],[-122.39319,37.79825],[-122.39319,37.79825],[-122.39319,37.79825],[-122.39319,37.79825],[-122.39319,37.79825],[-122.39319,37.79825],[-122.39319,37.79825],[-122.39319,37.79825],[-122.39319,37.79825],[-122.39318,37.79825],[-122.39318,37.79825],[-122.39318,37.79825],[-122.39318,37.79825],[-122.39318,37.79825],[-122.39318,37.79825],[-122.39318,37.79825],[-122.39318,37.79825],[-122.39318,37.79825],[-122.39318,37.79825],[-122.39318,37.79825],[-122.39318,37.79825],[-122.39318,37.79825],[-122.39318,37.79825],[-122.39318,37.79825],[-122.39318,37.79825],[-122.39318,37.79825],[-122.39318,37.79825],[-122.39318,37.79825],[-122.39318,37.79825],[-122.39318,37.79825],[-122.39318,37.79824],[-122.39318,37.79824],[-122.39318,37.79824],[-122.39318,37.79824],[-122.39318,37.79824],[-122.39318,37.79824],[-122.39317,37.79824],[-122.39317,37.79824],[-122.39292,37.79798],[-122.39292,37.79798],[-122.39292,37.79798],[-122.39292,37.79798],[-122.39292,37.79798],[-122.39292,37.79798],[-122.39292,37.79798],[-122.39292,37.79798],[-122.39292,37.79797],[-122.39292,37.79797],[-122.39292,37.79797],[-122.39292,37.79797],[-122.39292,37.79797],[-122.39292,37.79797],[-122.39292,37.79797],[-122.39292,37.79797],[-122.39292,37.79797],[-122.39292,37.79797],[-122.39292,37.79797],[-122.39292,37.79797],[-122.39292,37.79797],[-122.39292,37.79797],[-122.39292,37.79797],[-122.39292,37.79797],[-122.39292,37.79797],[-122.39292,37.79797],[-122.39292,37.79797],[-122.39292,37.79797],[-122.39292,37.79797],[-122.39292,37.79797],[-122.39292,37.79797],[-122.39292,37.79797],[-122.39292,37.79797],[-122.39292,37.79797],[-122.39292,37.79797],[-122.39292,37.79796],[-122.39292,37.79796],[-122.39292,37.79796],[-122.39292,37.79796],[-122.39292,37.79796],[-122.39292,37.79796],[-122.39292,37.79796],[-122.39292,37.79796],[-122.39292,37.79796],[-122.39292,37.79796],[-122.39292,37.79796],[-122.39292,37.79796],[-122.39292,37.79796],[-122.39292,37.79796],[-122.39292,37.79796],[-122.39292,37.79796],[-122.39292,37.79796],[-122.39292,37.79796],[-122.39292,37.79796],[-122.39292,37.79796],[-122.39292,37.79796],[-122.39292,37.79796],[-122.39292,37.79796],[-122.39292,37.79796],[-122.39292,37.79796],[-122.39292,37.79796],[-122.39292,37.79796],[-122.39292,37.79795],[-122.39292,37.79795],[-122.39292,37.79795],[-122.39292,37.79795],[-122.39292,37.79795],[-122.39292,37.79795],[-122.39292,37.79795],[-122.39292,37.79795],[-122.39292,37.79795],[-122.39292,37.79795],[-122.39292,37.79795],[-122.39292,37.79795],[-122.39292,37.79795],[-122.39292,37.79795],[-122.39292,37.79795],[-122.39293,37.79795],[-122.39293,37.79795],[-122.39293,37.79795],[-122.39293,37.79795],[-122.39293,37.79795],[-122.39293,37.79795],[-122.39293,37.79795],[-122.39293,37.79795],[-122.39293,37.79795],[-122.39293,37.79795],[-122.39293,37.79795],[-122.39293,37.79795],[-122.39293,37.79795],[-122.39293,37.79794],[-122.39302,37.79789],[-122.39342,37.79766],[-122.3935,37.79759],[-122.39362,37.79749],[-122.3938,37.79735],[-122.39386,37.79729],[-122.39454,37.79689],[-122.39452,37.79688],[-122.3948,37.79671],[-122.39469,37.79659],[-122.39468,37.79658],[-122.39427,37.79682],[-122.39352,37.79726],[-122.39355,37.79729],[-122.39317,37.79751],[-122.39309,37.79743],[-122.39347,37.79721],[-122.39349,37.79723],[-122.39413,37.79686],[-122.39393,37.79665],[-122.39385,37.79669],[-122.39374,37.79657],[-122.39388,37.79651],[-122.3936,37.7962],[-122.39352,37.79624],[-122.3934,37.7961],[-122.39348,37.79606],[-122.39326,37.79583],[-122.3932,37.79586],[-122.39301,37.79565],[-122.39306,37.79563],[-122.393,37.79556],[-122.39159,37.79621],[-122.3912,37.79578],[-122.39241,37.79482],[-122.39227,37.79467],[-122.39194,37.79485],[-122.39165,37.79455],[-122.39183,37.79445],[-122.3918,37.79442],[-122.39195,37.79434],[-122.39179,37.79417],[-122.39173,37.7942],[-122.39167,37.79413],[-122.39172,37.7941],[-122.39167,37.79405],[-122.39198,37.79387],[-122.39198,37.79387],[-122.39159,37.79353],[-122.39172,37.79343],[-122.38881,37.79098],[-122.38893,37.79088],[-122.38861,37.79031],[-122.38805,37.79051],[-122.38801,37.79043],[-122.38837,37.79031],[-122.38829,37.79016],[-122.38832,37.79015],[-122.38824,37.79001],[-122.38822,37.79],[-122.38808,37.79004],[-122.38574,37.79097],[-122.38574,37.79097],[-122.38574,37.79097],[-122.38574,37.79097],[-122.38574,37.79097],[-122.38574,37.79097],[-122.38574,37.79097],[-122.38574,37.79097],[-122.38574,37.79097],[-122.38574,37.79097],[-122.38574,37.79097],[-122.38574,37.79097],[-122.38574,37.79097],[-122.38574,37.79097],[-122.38574,37.79097],[-122.38574,37.79097],[-122.38574,37.79097],[-122.38573,37.79097],[-122.38573,37.79097],[-122.38573,37.79097],[-122.38573,37.79097],[-122.38573,37.79097],[-122.38573,37.79097],[-122.38573,37.79097],[-122.38573,37.79097],[-122.38573,37.79097],[-122.38573,37.79097],[-122.38573,37.79097],[-122.38573,37.79097],[-122.38573,37.79097],[-122.38573,37.79097],[-122.38573,37.79097],[-122.38573,37.79097],[-122.38573,37.79097],[-122.38573,37.79097],[-122.38573,37.79097],[-122.38572,37.79097],[-122.38572,37.79097],[-122.38572,37.79097],[-122.38572,37.79097],[-122.38572,37.79097],[-122.38572,37.79097],[-122.38572,37.79097],[-122.38572,37.79097],[-122.38572,37.79097],[-122.38572,37.79097],[-122.38572,37.79097],[-122.38572,37.79097],[-122.38572,37.79097],[-122.38572,37.79097],[-122.38572,37.79097],[-122.38572,37.79097],[-122.38572,37.79097],[-122.38572,37.79097],[-122.38572,37.79097],[-122.38571,37.79097],[-122.38571,37.79097],[-122.38571,37.79097],[-122.38571,37.79097],[-122.38571,37.79097],[-122.38571,37.79097],[-122.38571,37.79097],[-122.38571,37.79097],[-122.38571,37.79097],[-122.38571,37.79097],[-122.38571,37.79097],[-122.38571,37.79097],[-122.38571,37.79097],[-122.38571,37.79097],[-122.38571,37.79097],[-122.38571,37.79097],[-122.38571,37.79097],[-122.38571,37.79097],[-122.38571,37.79097],[-122.38571,37.79097],[-122.38571,37.79097],[-122.38571,37.79096],[-122.38571,37.79096],[-122.38571,37.79096],[-122.38571,37.79096],[-122.3857,37.79096],[-122.3857,37.79096],[-122.3857,37.79096],[-122.3857,37.79096],[-122.3857,37.79096],[-122.3857,37.79096],[-122.3857,37.79096],[-122.3857,37.79096],[-122.3857,37.79096],[-122.3857,37.79096],[-122.3857,37.79096],[-122.3857,37.79096],[-122.3857,37.79096],[-122.3857,37.79096],[-122.3857,37.79096],[-122.3857,37.79096],[-122.38551,37.79056],[-122.38551,37.79056],[-122.38551,37.79056],[-122.38551,37.79056],[-122.38551,37.79055],[-122.38551,37.79055],[-122.38551,37.79055],[-122.38551,37.79055],[-122.38551,37.79055],[-122.38551,37.79055],[-122.38551,37.79055],[-122.38551,37.79055],[-122.38551,37.79055],[-122.38551,37.79055],[-122.38551,37.79055],[-122.38551,37.79055],[-122.38551,37.79055],[-122.38551,37.79055],[-122.38551,37.79055],[-122.38551,37.79055],[-122.38551,37.79055],[-122.38551,37.79055],[-122.38551,37.79055],[-122.38551,37.79055],[-122.38551,37.79055],[-122.38551,37.79055],[-122.38551,37.79055],[-122.38551,37.79054],[-122.38551,37.79054],[-122.38551,37.79054],[-122.38551,37.79054],[-122.38551,37.79054],[-122.38551,37.79054],[-122.38551,37.79054],[-122.38551,37.79054],[-122.38551,37.79054],[-122.38551,37.79054],[-122.38551,37.79054],[-122.38551,37.79054],[-122.38551,37.79054],[-122.38551,37.79054],[-122.38551,37.79054],[-122.38551,37.79054],[-122.38551,37.79054],[-122.38551,37.79054],[-122.38551,37.79054],[-122.38551,37.79054],[-122.38551,37.79054],[-122.38551,37.79054],[-122.38551,37.79054],[-122.38551,37.79054],[-122.38551,37.79054],[-122.38551,37.79053],[-122.38551,37.79053],[-122.38551,37.79053],[-122.38551,37.79053],[-122.38551,37.79053],[-122.38551,37.79053],[-122.38551,37.79053],[-122.38551,37.79053],[-122.38551,37.79053],[-122.38551,37.79053],[-122.38551,37.79053],[-122.38551,37.79053],[-122.38552,37.79053],[-122.38552,37.79053],[-122.38552,37.79053],[-122.38552,37.79053],[-122.38552,37.79053],[-122.38552,37.79053],[-122.38552,37.79053],[-122.38552,37.79053],[-122.38552,37.79053],[-122.38552,37.79053],[-122.38552,37.79053],[-122.38552,37.79053],[-122.38552,37.79053],[-122.38552,37.79053],[-122.38552,37.79053],[-122.38552,37.79053],[-122.38552,37.79053],[-122.38552,37.79053],[-122.38569,37.79045],[-122.38761,37.78979],[-122.38735,37.78931],[-122.38537,37.78979],[-122.38536,37.78979],[-122.38536,37.78979],[-122.38536,37.78979],[-122.38536,37.78979],[-122.38536,37.78979],[-122.38536,37.78979],[-122.38536,37.78979],[-122.38536,37.78979],[-122.38535,37.78979],[-122.38535,37.78979],[-122.38535,37.78979],[-122.38535,37.78979],[-122.38535,37.78979],[-122.38535,37.78979],[-122.38535,37.78979],[-122.38535,37.78979],[-122.38534,37.78979],[-122.38534,37.78979],[-122.38534,37.78979],[-122.38534,37.78979],[-122.38534,37.78979],[-122.38534,37.78979],[-122.38534,37.78979],[-122.38534,37.78979],[-122.38534,37.78979],[-122.38533,37.78979],[-122.38533,37.78979],[-122.38533,37.78979],[-122.38533,37.78979],[-122.38533,37.78979],[-122.38533,37.78979],[-122.38533,37.78979],[-122.38533,37.78979],[-122.38532,37.78979],[-122.38532,37.78979],[-122.38532,37.78979],[-122.38532,37.78979],[-122.38532,37.78979],[-122.38532,37.78979],[-122.38532,37.78979],[-122.38532,37.78979],[-122.38532,37.78979],[-122.38532,37.78978],[-122.38531,37.78978],[-122.38531,37.78978],[-122.38531,37.78978],[-122.38531,37.78978],[-122.38531,37.78978],[-122.38531,37.78978],[-122.38531,37.78978],[-122.38531,37.78978],[-122.38531,37.78978],[-122.38531,37.78978],[-122.3853,37.78978],[-122.3853,37.78978],[-122.3853,37.78978],[-122.3853,37.78978],[-122.3853,37.78978],[-122.3853,37.78978],[-122.3853,37.78978],[-122.3853,37.78977],[-122.3853,37.78977],[-122.3853,37.78977],[-122.3853,37.78977],[-122.38529,37.78977],[-122.38529,37.78977],[-122.38529,37.78977],[-122.38529,37.78977],[-122.38529,37.78977],[-122.38529,37.78977],[-122.38529,37.78977],[-122.38529,37.78977],[-122.38529,37.78977],[-122.38529,37.78977],[-122.38529,37.78976],[-122.38529,37.78976],[-122.38529,37.78976],[-122.38529,37.78976],[-122.38529,37.78976],[-122.38528,37.78976],[-122.38528,37.78976],[-122.38528,37.78976],[-122.38528,37.78976],[-122.38528,37.78976],[-122.38528,37.78976],[-122.38528,37.78976],[-122.38528,37.78975],[-122.38528,37.78975],[-122.38511,37.78933],[-122.38511,37.78933],[-122.38511,37.78933],[-122.38511,37.78933],[-122.38511,37.78933],[-122.38511,37.78933],[-122.38511,37.78933],[-122.38511,37.78932],[-122.38511,37.78932],[-122.38511,37.78932],[-122.38511,37.78932],[-122.38511,37.78932],[-122.38511,37.78932],[-122.38511,37.78932],[-122.38511,37.78932],[-122.38511,37.78932],[-122.38511,37.78932],[-122.38511,37.78932],[-122.38511,37.78932],[-122.38511,37.78932],[-122.38511,37.78932],[-122.38511,37.78931],[-122.38511,37.78931],[-122.38511,37.78931],[-122.38511,37.78931],[-122.38511,37.78931],[-122.38511,37.78931],[-122.38511,37.78931],[-122.38511,37.78931],[-122.38511,37.78931],[-122.38511,37.78931],[-122.38511,37.78931],[-122.38511,37.78931],[-122.38511,37.78931],[-122.38511,37.78931],[-122.38511,37.7893],[-122.38511,37.7893],[-122.38511,37.7893],[-122.38511,37.7893],[-122.38511,37.7893],[-122.38511,37.7893],[-122.38511,37.7893],[-122.38511,37.7893],[-122.38511,37.7893],[-122.38511,37.7893],[-122.38511,37.7893],[-122.38511,37.7893],[-122.38511,37.7893],[-122.38511,37.7893],[-122.38511,37.7893],[-122.38511,37.78929],[-122.38511,37.78929],[-122.38512,37.78929],[-122.38512,37.78929],[-122.38512,37.78929],[-122.38512,37.78929],[-122.38512,37.78929],[-122.38512,37.78929],[-122.38512,37.78929],[-122.38512,37.78929],[-122.38512,37.78929],[-122.38512,37.78929],[-122.38512,37.78929],[-122.38512,37.78929],[-122.38512,37.78929],[-122.38512,37.78929],[-122.38512,37.78929],[-122.38512,37.78929],[-122.38512,37.78929],[-122.38513,37.78928],[-122.38513,37.78928],[-122.38513,37.78928],[-122.38513,37.78928],[-122.38513,37.78928],[-122.38513,37.78928],[-122.38513,37.78928],[-122.38513,37.78928],[-122.38513,37.78928],[-122.38513,37.78928],[-122.38513,37.78928],[-122.38513,37.78928],[-122.38513,37.78928],[-122.38514,37.78928],[-122.38514,37.78928],[-122.38514,37.78928],[-122.38514,37.78928],[-122.38514,37.78928],[-122.38514,37.78928],[-122.38514,37.78928],[-122.38514,37.78928],[-122.38514,37.78928],[-122.38515,37.78922],[-122.38719,37.78877],[-122.38705,37.78823],[-122.38528,37.78852],[-122.38527,37.78852],[-122.38527,37.78852],[-122.38527,37.78852],[-122.38527,37.78852],[-122.38527,37.78852],[-122.38527,37.78852],[-122.38527,37.78852],[-122.38527,37.78852],[-122.38527,37.78852],[-122.38527,37.78852],[-122.38526,37.78852],[-122.38526,37.78852],[-122.38526,37.78852],[-122.38526,37.78852],[-122.38526,37.78852],[-122.38526,37.78852],[-122.38526,37.78852],[-122.38526,37.78852],[-122.38526,37.78852],[-122.38526,37.78852],[-122.38526,37.78852],[-122.38525,37.78852],[-122.38525,37.78852],[-122.38525,37.78852],[-122.38525,37.78852],[-122.38525,37.78852],[-122.38525,37.78852],[-122.38525,37.78852],[-122.38525,37.78852],[-122.38525,37.78852],[-122.38525,37.78852],[-122.38525,37.78852],[-122.38524,37.78852],[-122.38524,37.78852],[-122.38524,37.78852],[-122.38524,37.78852],[-122.38524,37.78852],[-122.38524,37.78852],[-122.38524,37.78851],[-122.38524,37.78851],[-122.38524,37.78851],[-122.38524,37.78851],[-122.38524,37.78851],[-122.38523,37.78851],[-122.38523,37.78851],[-122.38523,37.78851],[-122.38523,37.78851],[-122.38523,37.78851],[-122.38523,37.78851],[-122.38523,37.78851],[-122.38523,37.78851],[-122.38523,37.78851],[-122.38523,37.78851],[-122.38523,37.78851],[-122.38523,37.78851],[-122.38523,37.78851],[-122.38523,37.78851],[-122.38522,37.78851],[-122.38522,37.78851],[-122.38522,37.78851],[-122.38522,37.7885],[-122.38522,37.7885],[-122.38522,37.7885],[-122.38522,37.7885],[-122.38522,37.7885],[-122.38522,37.7885],[-122.38522,37.7885],[-122.38522,37.7885],[-122.38522,37.7885],[-122.38522,37.7885],[-122.38522,37.7885],[-122.38522,37.7885],[-122.38522,37.7885],[-122.38522,37.7885],[-122.38522,37.7885],[-122.38522,37.7885],[-122.38521,37.78849],[-122.38521,37.78849],[-122.38521,37.78849],[-122.38521,37.78849],[-122.38521,37.78849],[-122.38521,37.78849],[-122.38521,37.78849],[-122.38521,37.78849],[-122.38521,37.78849],[-122.38521,37.78849],[-122.38521,37.78849],[-122.38521,37.78849],[-122.38521,37.78849],[-122.38521,37.78848],[-122.38513,37.78815],[-122.38513,37.78815],[-122.38513,37.78815],[-122.38513,37.78815],[-122.38513,37.78815],[-122.38513,37.78815],[-122.38513,37.78815],[-122.38513,37.78815],[-122.38513,37.78815],[-122.38513,37.78815],[-122.38513,37.78815],[-122.38513,37.78815],[-122.38513,37.78814],[-122.38513,37.78814],[-122.38513,37.78814],[-122.38513,37.78814],[-122.38513,37.78814],[-122.38513,37.78814],[-122.38513,37.78814],[-122.38513,37.78814],[-122.38513,37.78814],[-122.38513,37.78814],[-122.38513,37.78814],[-122.38513,37.78814],[-122.38513,37.78814],[-122.38513,37.78813],[-122.38513,37.78813],[-122.38513,37.78813],[-122.38513,37.78813],[-122.38513,37.78813],[-122.38513,37.78813],[-122.38513,37.78813],[-122.38513,37.78813],[-122.38513,37.78813],[-122.38513,37.78813],[-122.38513,37.78813],[-122.38513,37.78813],[-122.38513,37.78813],[-122.38513,37.78813],[-122.38513,37.78813],[-122.38513,37.78812],[-122.38513,37.78812],[-122.38513,37.78812],[-122.38513,37.78812],[-122.38513,37.78812],[-122.38514,37.78812],[-122.38514,37.78812],[-122.38514,37.78812],[-122.38514,37.78812],[-122.38514,37.78812],[-122.38514,37.78812],[-122.38514,37.78812],[-122.38514,37.78812],[-122.38514,37.78812],[-122.38514,37.78812],[-122.38514,37.78812],[-122.38514,37.78811],[-122.38514,37.78811],[-122.38514,37.78811],[-122.38514,37.78811],[-122.38514,37.78811],[-122.38515,37.78811],[-122.38515,37.78811],[-122.38515,37.78811],[-122.38515,37.78811],[-122.38515,37.78811],[-122.38515,37.78811],[-122.38515,37.78811],[-122.38515,37.78811],[-122.38515,37.78811],[-122.38515,37.78811],[-122.38515,37.78811],[-122.38515,37.78811],[-122.38515,37.78811],[-122.38516,37.78811],[-122.38516,37.78811],[-122.38516,37.78811],[-122.38516,37.78811],[-122.38516,37.78811],[-122.38516,37.78811],[-122.38516,37.78811],[-122.38516,37.7881],[-122.38516,37.7881],[-122.38516,37.7881],[-122.38516,37.7881],[-122.38517,37.7881],[-122.38517,37.7881],[-122.38517,37.7881],[-122.38517,37.7881],[-122.38517,37.7881],[-122.38712,37.78779],[-122.38715,37.78778],[-122.38717,37.78778],[-122.38719,37.78777],[-122.38721,37.78777],[-122.38722,37.78777],[-122.38724,37.78776],[-122.38726,37.78776],[-122.38728,37.78775],[-122.3873,37.78775],[-122.38731,37.78774],[-122.38733,37.78774],[-122.38735,37.78773],[-122.38736,37.78773],[-122.38738,37.78772],[-122.38741,37.78724],[-122.38702,37.78725],[-122.38456,37.7874],[-122.38456,37.7874],[-122.38456,37.7874],[-122.38456,37.7874],[-122.38456,37.7874],[-122.38456,37.7874],[-122.38456,37.7874],[-122.38456,37.7874],[-122.38455,37.7874],[-122.38455,37.7874],[-122.38455,37.7874],[-122.38455,37.7874],[-122.38455,37.7874],[-122.38455,37.7874],[-122.38455,37.7874],[-122.38455,37.7874],[-122.38455,37.7874],[-122.38455,37.7874],[-122.38454,37.7874],[-122.38454,37.7874],[-122.38454,37.7874],[-122.38454,37.7874],[-122.38454,37.7874],[-122.38454,37.7874],[-122.38454,37.7874],[-122.38454,37.7874],[-122.38454,37.7874],[-122.38454,37.7874],[-122.38453,37.7874],[-122.38453,37.7874],[-122.38453,37.7874],[-122.38453,37.7874],[-122.38453,37.7874],[-122.38453,37.7874],[-122.38453,37.78739],[-122.38453,37.78739],[-122.38453,37.78739],[-122.38453,37.78739],[-122.38453,37.78739],[-122.38452,37.78739],[-122.38452,37.78739],[-122.38452,37.78739],[-122.38452,37.78739],[-122.38452,37.78739],[-122.38452,37.78739],[-122.38452,37.78739],[-122.38452,37.78739],[-122.38452,37.78739],[-122.38452,37.78739],[-122.38452,37.78739],[-122.38452,37.78739],[-122.38451,37.78739],[-122.38451,37.78739],[-122.38451,37.78738],[-122.38451,37.78738],[-122.38451,37.78738],[-122.38451,37.78738],[-122.38451,37.78738],[-122.38451,37.78738],[-122.38451,37.78738],[-122.38451,37.78738],[-122.38451,37.78738],[-122.38451,37.78738],[-122.38451,37.78738],[-122.38451,37.78738],[-122.38451,37.78738],[-122.38451,37.78738],[-122.38451,37.78738],[-122.3845,37.78737],[-122.3845,37.78737],[-122.3845,37.78737],[-122.3845,37.78737],[-122.3845,37.78737],[-122.3845,37.78737],[-122.3845,37.78737],[-122.3845,37.78737],[-122.3845,37.78737],[-122.3845,37.78737],[-122.3845,37.78737],[-122.3845,37.78737],[-122.3845,37.78737],[-122.3845,37.78736],[-122.3845,37.78736],[-122.3845,37.78736],[-122.3845,37.78736],[-122.3845,37.78736],[-122.3845,37.78736],[-122.3845,37.78736],[-122.3845,37.78736],[-122.3845,37.78736],[-122.3845,37.78736],[-122.38434,37.78575],[-122.38434,37.78575],[-122.38434,37.78575],[-122.38434,37.78575],[-122.38434,37.78574],[-122.38434,37.78574],[-122.38434,37.78574],[-122.38434,37.78574],[-122.38434,37.78574],[-122.38434,37.78574],[-122.38434,37.78574],[-122.38434,37.78574],[-122.38434,37.78574],[-122.38434,37.78574],[-122.38434,37.78574],[-122.38434,37.78574],[-122.38434,37.78574],[-122.38434,37.78573],[-122.38434,37.78573],[-122.38434,37.78573],[-122.38434,37.78573],[-122.38434,37.78573],[-122.38434,37.78573],[-122.38434,37.78573],[-122.38434,37.78573],[-122.38435,37.78573],[-122.38435,37.78573],[-122.38435,37.78573],[-122.38435,37.78573],[-122.38435,37.78572],[-122.38435,37.78572],[-122.38435,37.78572],[-122.38435,37.78572],[-122.38435,37.78572],[-122.38435,37.78572],[-122.38435,37.78572],[-122.38435,37.78572],[-122.38435,37.78572],[-122.38435,37.78572],[-122.38435,37.78572],[-122.38435,37.78572],[-122.38435,37.78572],[-122.38435,37.78572],[-122.38435,37.78572],[-122.38436,37.78571],[-122.38436,37.78571],[-122.38436,37.78571],[-122.38436,37.78571],[-122.38436,37.78571],[-122.38436,37.78571],[-122.38436,37.78571],[-122.38436,37.78571],[-122.38436,37.78571],[-122.38436,37.78571],[-122.38436,37.78571],[-122.38436,37.78571],[-122.38436,37.78571],[-122.38436,37.78571],[-122.38437,37.78571],[-122.38437,37.78571],[-122.38437,37.78571],[-122.38437,37.78571],[-122.38437,37.7857],[-122.38437,37.7857],[-122.38437,37.7857],[-122.38437,37.7857],[-122.38437,37.7857],[-122.38437,37.7857],[-122.38437,37.7857],[-122.38438,37.7857],[-122.38438,37.7857],[-122.38438,37.7857],[-122.38438,37.7857],[-122.38438,37.7857],[-122.38438,37.7857],[-122.38438,37.7857],[-122.38438,37.7857],[-122.38438,37.7857],[-122.38438,37.7857],[-122.38439,37.7857],[-122.38439,37.7857],[-122.38439,37.7857],[-122.38439,37.7857],[-122.38439,37.7857],[-122.38439,37.7857],[-122.38439,37.7857],[-122.38439,37.7857],[-122.38439,37.7857],[-122.38439,37.7857],[-122.3844,37.7857],[-122.38722,37.78553],[-122.38724,37.78552],[-122.38726,37.78552],[-122.38727,37.78552],[-122.38728,37.78552],[-122.3873,37.78552],[-122.38731,37.78552],[-122.38732,37.78552],[-122.38734,37.78552],[-122.38735,37.78552],[-122.38736,37.78551],[-122.38738,37.78551],[-122.38739,37.78551],[-122.3874,37.78551],[-122.38742,37.7855],[-122.38743,37.7855],[-122.38744,37.7855],[-122.38745,37.78549],[-122.38747,37.78549],[-122.38748,37.78549],[-122.38749,37.78548],[-122.3875,37.78548],[-122.38752,37.78548],[-122.38753,37.78547],[-122.38754,37.78547],[-122.38755,37.78546],[-122.38757,37.78546],[-122.38758,37.78544],[-122.38763,37.78486],[-122.38546,37.78499],[-122.38541,37.78461],[-122.38722,37.7845],[-122.38742,37.78448],[-122.38744,37.78448],[-122.38745,37.78447],[-122.38746,37.78447],[-122.38747,37.78447],[-122.38748,37.78447],[-122.3875,37.78446],[-122.38751,37.78446],[-122.38752,37.78446],[-122.38753,37.78446],[-122.38754,37.78445],[-122.38755,37.78445],[-122.38756,37.78445],[-122.38757,37.78444],[-122.38758,37.78444],[-122.38759,37.78443],[-122.3876,37.78443],[-122.38761,37.78443],[-122.38762,37.78442],[-122.38763,37.78442],[-122.38764,37.78441],[-122.38765,37.78441],[-122.38766,37.7844],[-122.38767,37.7844],[-122.38768,37.78435],[-122.38771,37.78388],[-122.38629,37.78396],[-122.38624,37.78341],[-122.38753,37.78333],[-122.38754,37.78333],[-122.3877,37.78328],[-122.38775,37.78325],[-122.38778,37.78287],[-122.38763,37.78282],[-122.38807,37.78245],[-122.38807,37.78211],[-122.3881,37.78191],[-122.38831,37.7818],[-122.38834,37.7818],[-122.38876,37.7818],[-122.389,37.78171],[-122.38917,37.78165],[-122.38939,37.78151],[-122.38975,37.78122],[-122.39053,37.78061],[-122.39106,37.78018],[-122.39221,37.77928],[-122.39275,37.77885],[-122.3943,37.78009],[-122.39463,37.78035],[-122.39507,37.7807],[-122.39552,37.78106],[-122.39584,37.78132],[-122.39638,37.78175],[-122.39646,37.78182],[-122.39661,37.78194],[-122.39684,37.78212],[-122.39739,37.78255],[-122.39794,37.783],[-122.39893,37.78379],[-122.39946,37.78421],[-122.39989,37.78456],[-122.40047,37.78503],[-122.40271,37.78326],[-122.40371,37.78404],[-122.40427,37.78448],[-122.40479,37.78491],[-122.40524,37.78526],[-122.40581,37.78572],[-122.40582,37.78574],[-122.40583,37.78574],[-122.40598,37.78569],[-122.406,37.78567],[-122.40733,37.78463],[-122.40734,37.78456],[-122.4077,37.7847],[-122.40785,37.78549],[-122.40804,37.78641],[-122.40823,37.78736],[-122.4084,37.78829],[-122.4086,37.78923],[-122.40872,37.78985],[-122.40879,37.79016],[-122.40797,37.79026],[-122.40787,37.79028],[-122.4075,37.79032],[-122.40715,37.79037],[-122.40721,37.79066],[-122.40734,37.7913],[-122.40742,37.79167],[-122.40754,37.79225],[-122.40751,37.79225],[-122.40672,37.79235],[-122.40594,37.79245],[-122.40565,37.79249],[-122.40442,37.79264],[-122.40461,37.79356],[-122.40402,37.79365],[-122.40296,37.79378],[-122.40216,37.79388],[-122.40132,37.79399],[-122.40015,37.79413],[-122.40024,37.79457],[-122.40033,37.79501],[-122.40041,37.79545],[-122.40049,37.79587],[-122.40068,37.79678],[-122.40086,37.79765],[-122.40204,37.79751],[-122.40219,37.79825],[-122.40223,37.79843],[-122.40242,37.79938],[-122.4026,37.80031],[-122.40279,37.80124],[-122.40288,37.8017],[-122.40297,37.80217],[-122.40316,37.8031],[-122.40352,37.80306],[-122.4048,37.8029],[-122.40499,37.80383],[-122.40517,37.80476],[-122.4035,37.80509],[-122.40315,37.80512],[-122.40227,37.80513],[-122.40179,37.80531],[-122.40059,37.80602],[-122.40059,37.80602]]]]},"properties":{"nhood":"Financial District/South Beach"}},{"type":"Feature","geometry":{"type":"MultiPolygon","coordinates":[[[[-122.42398,37.73155],[-122.42392,37.73155],[-122.42282,37.73164],[-122.4217,37.73181],[-122.42172,37.73161],[-122.42173,37.73144],[-122.42173,37.73135],[-122.42175,37.73109],[-122.42094,37.73131],[-122.42018,37.73146],[-122.41985,37.73148],[-122.41951,37.73149],[-122.41936,37.73144],[-122.41927,37.73133],[-122.41928,37.73116],[-122.41937,37.73043],[-122.41954,37.72913],[-122.41949,37.72905],[-122.4192,37.72908],[-122.41874,37.72909],[-122.41838,37.72904],[-122.41721,37.72884],[-122.41686,37.7288],[-122.41664,37.72881],[-122.41617,37.72892],[-122.41519,37.72922],[-122.41496,37.72866],[-122.41446,37.72746],[-122.41545,37.7272],[-122.41643,37.72694],[-122.41741,37.72668],[-122.4184,37.72642],[-122.41791,37.72522],[-122.41889,37.72497],[-122.41987,37.72471],[-122.42086,37.72445],[-122.42185,37.7242],[-122.42283,37.72394],[-122.42381,37.72369],[-122.42485,37.72205],[-122.42455,37.72165],[-122.42548,37.72023],[-122.42583,37.7193],[-122.42598,37.71911],[-122.42639,37.71856],[-122.42667,37.71708],[-122.4267,37.71705],[-122.42685,37.71665],[-122.42719,37.71575],[-122.42731,37.71507],[-122.42555,37.71452],[-122.42652,37.7118],[-122.42674,37.71122],[-122.42644,37.71111],[-122.42551,37.71079],[-122.42504,37.71054],[-122.42456,37.71017],[-122.42455,37.7101],[-122.42442,37.71005],[-122.42397,37.70968],[-122.42344,37.70938],[-122.42335,37.70925],[-122.42376,37.70834],[-122.42377,37.70834],[-122.42388,37.70834],[-122.42562,37.70832],[-122.42599,37.70833],[-122.42609,37.70834],[-122.42619,37.70834],[-122.42627,37.70835],[-122.42637,37.70835],[-122.42693,37.70838],[-122.42711,37.70838],[-122.42716,37.70839],[-122.42792,37.70842],[-122.42808,37.70843],[-122.42829,37.70841],[-122.42918,37.70833],[-122.42933,37.70832],[-122.43129,37.7083],[-122.43504,37.70829],[-122.43921,37.70828],[-122.43968,37.70833],[-122.44046,37.70834],[-122.4405,37.70828],[-122.44071,37.70828],[-122.44071,37.70828],[-122.44078,37.7083],[-122.44086,37.70833],[-122.44122,37.70833],[-122.44126,37.70831],[-122.44126,37.70831],[-122.44155,37.70828],[-122.44155,37.70828],[-122.44321,37.70828],[-122.44321,37.70828],[-122.44448,37.70833],[-122.44469,37.70831],[-122.44509,37.70827],[-122.44509,37.70827],[-122.44569,37.70825],[-122.44722,37.70824],[-122.44723,37.70824],[-122.44723,37.70824],[-122.45383,37.70822],[-122.45398,37.70823],[-122.45428,37.70826],[-122.45267,37.70881],[-122.4519,37.70907],[-122.45088,37.70941],[-122.4505,37.70954],[-122.4501,37.70968],[-122.44931,37.70995],[-122.44893,37.71007],[-122.44838,37.71037],[-122.44767,37.71075],[-122.44638,37.71144],[-122.44609,37.71159],[-122.44553,37.71189],[-122.44474,37.71262],[-122.44457,37.71278],[-122.44395,37.71336],[-122.44371,37.71359],[-122.44335,37.71393],[-122.44266,37.71457],[-122.44256,37.71466],[-122.4419,37.71531],[-122.4418,37.71543],[-122.44169,37.71557],[-122.44155,37.71575],[-122.44102,37.71646],[-122.44042,37.71724],[-122.44042,37.71731],[-122.44019,37.71762],[-122.44011,37.71767],[-122.44011,37.71772],[-122.43956,37.71845],[-122.4395,37.71847],[-122.4395,37.71852],[-122.43892,37.71929],[-122.43886,37.71931],[-122.43885,37.71937],[-122.43839,37.71999],[-122.43833,37.72002],[-122.43831,37.72009],[-122.43753,37.72112],[-122.43746,37.72116],[-122.43746,37.72122],[-122.43721,37.72155],[-122.43715,37.72157],[-122.43647,37.72247],[-122.43604,37.72304],[-122.43598,37.72313],[-122.43539,37.72391],[-122.43531,37.72401],[-122.43487,37.72459],[-122.4348,37.72468],[-122.43443,37.72517],[-122.43398,37.72576],[-122.43362,37.72624],[-122.43336,37.72659],[-122.43291,37.72718],[-122.43281,37.72732],[-122.43245,37.72764],[-122.43236,37.72772],[-122.4318,37.72825],[-122.43129,37.72873],[-122.43127,37.72881],[-122.43088,37.72921],[-122.43081,37.72923],[-122.4308,37.72928],[-122.43026,37.72983],[-122.43018,37.72986],[-122.43011,37.72993],[-122.43011,37.72999],[-122.42938,37.73072],[-122.4293,37.73074],[-122.42887,37.73118],[-122.42869,37.73137],[-122.4282,37.73185],[-122.42804,37.73202],[-122.42734,37.73187],[-122.42712,37.73183],[-122.42639,37.73169],[-122.4261,37.73165],[-122.42556,37.73158],[-122.42499,37.73156],[-122.42465,37.73155],[-122.42455,37.73155],[-122.42398,37.73155]]]]},"properties":{"nhood":"Excelsior"}},{"type":"Feature","geometry":{"type":"MultiPolygon","coordinates":[[[[-122.40623,37.79756],[-122.40551,37.79707],[-122.40532,37.79709],[-122.40477,37.79716],[-122.40406,37.79725],[-122.40368,37.7973],[-122.40289,37.7974],[-122.40204,37.79751],[-122.40086,37.79765],[-122.40068,37.79678],[-122.40049,37.79587],[-122.40041,37.79545],[-122.40033,37.79501],[-122.40024,37.79457],[-122.40015,37.79413],[-122.40132,37.79399],[-122.40216,37.79388],[-122.40296,37.79378],[-122.40402,37.79365],[-122.40461,37.79356],[-122.40442,37.79264],[-122.40565,37.79249],[-122.40594,37.79245],[-122.40672,37.79235],[-122.40751,37.79225],[-122.40754,37.79225],[-122.40809,37.79218],[-122.40836,37.79214],[-122.40886,37.79208],[-122.40917,37.79204],[-122.40926,37.79247],[-122.40936,37.79297],[-122.40949,37.79356],[-122.40954,37.79378],[-122.40954,37.79385],[-122.40972,37.79474],[-122.41007,37.79469],[-122.41054,37.79463],[-122.41136,37.79453],[-122.41147,37.79506],[-122.41154,37.79541],[-122.41163,37.79585],[-122.41172,37.79629],[-122.41188,37.7971],[-122.41189,37.79713],[-122.41207,37.79806],[-122.4121,37.79816],[-122.41228,37.7991],[-122.41241,37.79972],[-122.41242,37.79977],[-122.41247,37.80003],[-122.41253,37.80032],[-122.41266,37.80096],[-122.41275,37.80143],[-122.41285,37.80189],[-122.41291,37.80218],[-122.41254,37.80193],[-122.41138,37.80112],[-122.41095,37.80083],[-122.41021,37.80031],[-122.40901,37.79949],[-122.40787,37.7987],[-122.40708,37.79815],[-122.40667,37.79787],[-122.40623,37.79756]]]]},"properties":{"nhood":"Chinatown"}},{"type":"Feature","geometry":{"type":"MultiPolygon","coordinates":[[[[-122.42656,37.76948],[-122.42695,37.76918],[-122.42686,37.76904],[-122.42671,37.76898],[-122.42662,37.76799],[-122.42669,37.76787],[-122.4266,37.76776],[-122.42653,37.76713],[-122.42662,37.76707],[-122.42652,37.76701],[-122.42646,37.76636],[-122.42654,37.76627],[-122.42644,37.76618],[-122.42641,37.76584],[-122.42649,37.76577],[-122.4264,37.76571],[-122.42631,37.76479],[-122.42638,37.76465],[-122.42628,37.76451],[-122.42624,37.76406],[-122.42632,37.76397],[-122.42623,37.76392],[-122.42615,37.76315],[-122.42623,37.76303],[-122.42613,37.76291],[-122.4261,37.76263],[-122.42606,37.76222],[-122.42615,37.76216],[-122.42605,37.7621],[-122.426,37.76155],[-122.42608,37.76143],[-122.42598,37.76131],[-122.42585,37.75995],[-122.42592,37.75983],[-122.42582,37.75971],[-122.42577,37.75915],[-122.42584,37.75903],[-122.42575,37.75891],[-122.42569,37.75835],[-122.42577,37.75823],[-122.42568,37.75814],[-122.42563,37.75752],[-122.42569,37.75743],[-122.4256,37.75735],[-122.42555,37.75672],[-122.42561,37.75663],[-122.42679,37.75656],[-122.42789,37.75649],[-122.43012,37.75636],[-122.43177,37.75626],[-122.43233,37.75623],[-122.43455,37.75609],[-122.43467,37.75611],[-122.43564,37.75604],[-122.43674,37.75597],[-122.4378,37.75589],[-122.43777,37.75554],[-122.43886,37.75543],[-122.43884,37.75552],[-122.43898,37.75702],[-122.439,37.75709],[-122.43903,37.75742],[-122.43907,37.75786],[-122.43911,37.75846],[-122.43917,37.75903],[-122.4401,37.75898],[-122.44038,37.75903],[-122.44059,37.75904],[-122.4408,37.75902],[-122.44103,37.75901],[-122.44218,37.75894],[-122.44216,37.75875],[-122.44221,37.75851],[-122.44222,37.75832],[-122.44224,37.7581],[-122.44226,37.75773],[-122.44228,37.75763],[-122.44237,37.75758],[-122.44229,37.75685],[-122.44224,37.75675],[-122.44222,37.75664],[-122.44227,37.75657],[-122.44238,37.75651],[-122.44298,37.75616],[-122.44333,37.75642],[-122.44328,37.75623],[-122.44338,37.75634],[-122.44393,37.75671],[-122.4447,37.75722],[-122.44481,37.75725],[-122.44496,37.75727],[-122.44498,37.7572],[-122.44511,37.75696],[-122.44482,37.75681],[-122.44441,37.75657],[-122.44435,37.7565],[-122.44436,37.75646],[-122.44437,37.75642],[-122.44438,37.7564],[-122.44449,37.75635],[-122.4445,37.75637],[-122.44455,37.75643],[-122.44476,37.75656],[-122.44503,37.75661],[-122.44528,37.75657],[-122.44565,37.75645],[-122.44585,37.75642],[-122.44595,37.75641],[-122.44695,37.75655],[-122.44703,37.75676],[-122.44712,37.75687],[-122.44716,37.75692],[-122.44731,37.75704],[-122.44755,37.75719],[-122.44771,37.75735],[-122.44782,37.75749],[-122.44792,37.75759],[-122.44777,37.75766],[-122.44749,37.7578],[-122.4473,37.75789],[-122.44704,37.75817],[-122.44677,37.75845],[-122.4464,37.75886],[-122.44645,37.75905],[-122.44641,37.75986],[-122.4464,37.76001],[-122.44634,37.76041],[-122.44639,37.76091],[-122.44643,37.76101],[-122.44641,37.76109],[-122.44653,37.7614],[-122.44678,37.76178],[-122.44638,37.76182],[-122.4464,37.76207],[-122.44639,37.76223],[-122.44629,37.76231],[-122.44625,37.76225],[-122.44617,37.76222],[-122.44593,37.76223],[-122.44583,37.76226],[-122.44569,37.76235],[-122.44466,37.76333],[-122.44441,37.76399],[-122.4443,37.76431],[-122.4442,37.76437],[-122.44413,37.76443],[-122.44407,37.7645],[-122.44404,37.7646],[-122.444,37.7647],[-122.44399,37.76481],[-122.44405,37.76495],[-122.44401,37.76502],[-122.44354,37.76532],[-122.44335,37.76533],[-122.44351,37.76534],[-122.44257,37.76593],[-122.44236,37.76588],[-122.44217,37.76589],[-122.44201,37.76591],[-122.44194,37.76595],[-122.4406,37.76696],[-122.44014,37.76776],[-122.4393,37.76817],[-122.43882,37.7684],[-122.43834,37.76901],[-122.43756,37.76904],[-122.43723,37.76906],[-122.43711,37.76896],[-122.43659,37.769],[-122.43579,37.76906],[-122.43489,37.76911],[-122.43357,37.76918],[-122.43246,37.76925],[-122.43157,37.76931],[-122.43136,37.76932],[-122.43025,37.76939],[-122.42991,37.76941],[-122.42913,37.76946],[-122.42899,37.76939],[-122.42822,37.76944],[-122.42668,37.76953],[-122.42631,37.7696],[-122.42656,37.76948]]]]},"properties":{"nhood":"Castro/Upper Market"}},{"type":"Feature","geometry":{"type":"MultiPolygon","coordinates":[[[[-122.40361,37.74934],[-122.40378,37.7488],[-122.4039,37.74843],[-122.40374,37.74839],[-122.40362,37.74812],[-122.40356,37.74776],[-122.40366,37.74741],[-122.40371,37.7472],[-122.40392,37.74659],[-122.40406,37.74625],[-122.40417,37.74611],[-122.40429,37.74596],[-122.40432,37.74593],[-122.40426,37.74567],[-122.40423,37.74557],[-122.4042,37.74548],[-122.40419,37.74524],[-122.40453,37.7443],[-122.40459,37.74413],[-122.4049,37.74369],[-122.40521,37.74325],[-122.40524,37.74305],[-122.4054,37.74299],[-122.40574,37.74252],[-122.40584,37.74239],[-122.40653,37.74144],[-122.40691,37.74076],[-122.407,37.74024],[-122.40705,37.73971],[-122.40698,37.73957],[-122.40691,37.73943],[-122.40693,37.73923],[-122.40693,37.73921],[-122.40694,37.73909],[-122.40694,37.73869],[-122.40692,37.73846],[-122.40687,37.73814],[-122.40691,37.73797],[-122.4071,37.73797],[-122.40755,37.73784],[-122.40766,37.73781],[-122.40769,37.73781],[-122.40779,37.73778],[-122.40785,37.73776],[-122.40799,37.73771],[-122.40813,37.73766],[-122.40822,37.73761],[-122.40822,37.73758],[-122.40821,37.7374],[-122.40825,37.73706],[-122.40834,37.73668],[-122.40836,37.73662],[-122.40847,37.73634],[-122.40849,37.73629],[-122.40858,37.73613],[-122.40866,37.736],[-122.40878,37.73582],[-122.40881,37.73577],[-122.40884,37.73574],[-122.40892,37.73565],[-122.40899,37.73558],[-122.40909,37.73545],[-122.40914,37.73538],[-122.4095,37.73504],[-122.4098,37.73483],[-122.40995,37.73472],[-122.41147,37.73379],[-122.41208,37.73346],[-122.41344,37.73284],[-122.41378,37.73267],[-122.41439,37.73242],[-122.41511,37.73223],[-122.41546,37.73216],[-122.41594,37.73207],[-122.41666,37.73201],[-122.41739,37.73205],[-122.41846,37.73206],[-122.41946,37.73206],[-122.42036,37.73201],[-122.42113,37.73189],[-122.42128,37.73187],[-122.4217,37.73181],[-122.42282,37.73164],[-122.42392,37.73155],[-122.42398,37.73155],[-122.42455,37.73155],[-122.42465,37.73155],[-122.42499,37.73156],[-122.42556,37.73158],[-122.4261,37.73165],[-122.42639,37.73169],[-122.42712,37.73183],[-122.42734,37.73187],[-122.42804,37.73202],[-122.42734,37.73272],[-122.42639,37.73367],[-122.42637,37.73374],[-122.42617,37.73394],[-122.42611,37.73395],[-122.4274,37.73451],[-122.42784,37.73469],[-122.42835,37.73491],[-122.42844,37.73495],[-122.42857,37.73508],[-122.42802,37.73544],[-122.42787,37.73554],[-122.42672,37.73637],[-122.42666,37.73642],[-122.42617,37.73684],[-122.4256,37.73732],[-122.42529,37.73764],[-122.42508,37.73785],[-122.42495,37.73806],[-122.42472,37.73843],[-122.42449,37.73899],[-122.42428,37.73978],[-122.42415,37.73987],[-122.42426,37.73993],[-122.42414,37.74034],[-122.42405,37.74063],[-122.42404,37.74066],[-122.42394,37.74089],[-122.42362,37.74167],[-122.4234,37.7422],[-122.42329,37.74229],[-122.4233,37.74243],[-122.42304,37.74311],[-122.42276,37.74386],[-122.42267,37.74394],[-122.42271,37.74404],[-122.42244,37.74476],[-122.42237,37.74496],[-122.42229,37.74518],[-122.42228,37.74535],[-122.42228,37.74548],[-122.42222,37.74558],[-122.42192,37.74583],[-122.4217,37.74641],[-122.42141,37.74723],[-122.42133,37.74744],[-122.42138,37.74803],[-122.42139,37.74812],[-122.4213,37.74814],[-122.42047,37.74816],[-122.42028,37.74812],[-122.42014,37.74816],[-122.41917,37.74818],[-122.41836,37.7482],[-122.41822,37.74817],[-122.41805,37.74821],[-122.41601,37.74825],[-122.41586,37.74821],[-122.41573,37.74826],[-122.41503,37.74827],[-122.41492,37.74823],[-122.41483,37.74827],[-122.41382,37.74829],[-122.41367,37.74825],[-122.41354,37.7483],[-122.41259,37.74832],[-122.41163,37.74834],[-122.41148,37.7483],[-122.41135,37.74834],[-122.41065,37.74836],[-122.41055,37.74832],[-122.41045,37.74837],[-122.40975,37.74838],[-122.40965,37.74833],[-122.40955,37.74839],[-122.40885,37.7484],[-122.40871,37.74835],[-122.4086,37.7484],[-122.40807,37.7484],[-122.40788,37.74841],[-122.40777,37.74847],[-122.40715,37.74869],[-122.40689,37.74877],[-122.40676,37.74877],[-122.40673,37.74882],[-122.4065,37.74888],[-122.40631,37.74894],[-122.40568,37.74904],[-122.4055,37.74908],[-122.40524,37.74913],[-122.40509,37.74915],[-122.40502,37.74918],[-122.40489,37.74921],[-122.40481,37.74924],[-122.40481,37.74921],[-122.40478,37.74922],[-122.40431,37.74932],[-122.40378,37.74943],[-122.40359,37.74947],[-122.40357,37.74947],[-122.40361,37.74934]]]]},"properties":{"nhood":"Bernal Heights"}},{"type":"Feature","geometry":{"type":"MultiPolygon","coordinates":[[[[-122.38158,37.75307],[-122.38157,37.75306],[-122.38159,37.75309],[-122.38156,37.75305],[-122.38155,37.75304],[-122.38155,37.75304],[-122.38154,37.75303],[-122.38154,37.75303],[-122.38153,37.75302],[-122.38153,37.75302],[-122.38152,37.75301],[-122.38152,37.75301],[-122.38151,37.75301],[-122.3815,37.753],[-122.3815,37.753],[-122.38149,37.753],[-122.38149,37.75299],[-122.38148,37.75299],[-122.38147,37.75298],[-122.38147,37.75298],[-122.38146,37.75298],[-122.38146,37.75297],[-122.38145,37.75297],[-122.38144,37.75297],[-122.38144,37.75296],[-122.38143,37.75296],[-122.38142,37.75296],[-122.38142,37.75296],[-122.38141,37.75295],[-122.3814,37.75295],[-122.3814,37.75295],[-122.38139,37.75295],[-122.38138,37.75294],[-122.38138,37.75294],[-122.38137,37.75294],[-122.38136,37.75294],[-122.38135,37.75294],[-122.38135,37.75293],[-122.38134,37.75293],[-122.38133,37.75293],[-122.38133,37.75293],[-122.38132,37.75293],[-122.38131,37.75293],[-122.3813,37.75292],[-122.3813,37.75292],[-122.38129,37.75292],[-122.38128,37.75292],[-122.38127,37.75292],[-122.38127,37.75292],[-122.38126,37.75292],[-122.38125,37.75292],[-122.38124,37.75292],[-122.38124,37.75292],[-122.38123,37.75292],[-122.38122,37.75292],[-122.38121,37.75292],[-122.38121,37.75292],[-122.3812,37.75292],[-122.38119,37.75292],[-122.38118,37.75292],[-122.38118,37.75292],[-122.38117,37.75292],[-122.38116,37.75292],[-122.38115,37.75292],[-122.38115,37.75292],[-122.38114,37.75292],[-122.38113,37.75293],[-122.38112,37.75293],[-122.38112,37.75293],[-122.38111,37.75293],[-122.3811,37.75293],[-122.38108,37.75294],[-122.38107,37.75294],[-122.38106,37.75294],[-122.38105,37.75294],[-122.38104,37.75294],[-122.38103,37.75295],[-122.38102,37.75295],[-122.38101,37.75295],[-122.38099,37.75295],[-122.38098,37.75295],[-122.38097,37.75295],[-122.38096,37.75295],[-122.38095,37.75295],[-122.38094,37.75295],[-122.38092,37.75295],[-122.38091,37.75296],[-122.3809,37.75296],[-122.38089,37.75296],[-122.38088,37.75295],[-122.38087,37.75295],[-122.38085,37.75295],[-122.38084,37.75295],[-122.38083,37.75295],[-122.38082,37.75295],[-122.38081,37.75295],[-122.3808,37.75295],[-122.38079,37.75295],[-122.38077,37.75295],[-122.38076,37.75294],[-122.38075,37.75294],[-122.38074,37.75294],[-122.38073,37.75294],[-122.38072,37.75293],[-122.38071,37.75293],[-122.3807,37.75293],[-122.38068,37.75293],[-122.38067,37.75292],[-122.38066,37.75292],[-122.38064,37.75292],[-122.38063,37.75291],[-122.38062,37.75291],[-122.3806,37.75291],[-122.38059,37.75291],[-122.38058,37.75291],[-122.38056,37.7529],[-122.38055,37.7529],[-122.38054,37.7529],[-122.38052,37.7529],[-122.38051,37.7529],[-122.38049,37.7529],[-122.38048,37.7529],[-122.38047,37.7529],[-122.38045,37.7529],[-122.38043,37.7529],[-122.38024,37.75291],[-122.38004,37.75292],[-122.38004,37.75292],[-122.38003,37.75292],[-122.38003,37.75292],[-122.38002,37.75292],[-122.38002,37.75292],[-122.38002,37.75292],[-122.38001,37.75292],[-122.38001,37.75292],[-122.38,37.75292],[-122.38,37.75292],[-122.37999,37.75292],[-122.37999,37.75292],[-122.37999,37.75292],[-122.37998,37.75292],[-122.37998,37.75292],[-122.37997,37.75292],[-122.37997,37.75292],[-122.37996,37.75292],[-122.37996,37.75292],[-122.37996,37.75292],[-122.37995,37.75291],[-122.37995,37.75291],[-122.37994,37.75291],[-122.37994,37.75291],[-122.37994,37.75291],[-122.37993,37.75291],[-122.37993,37.75291],[-122.37992,37.75291],[-122.37992,37.7529],[-122.37992,37.7529],[-122.37991,37.7529],[-122.37991,37.7529],[-122.3799,37.7529],[-122.3799,37.7529],[-122.3799,37.7529],[-122.37989,37.75289],[-122.37989,37.75289],[-122.37989,37.75289],[-122.37989,37.75289],[-122.37989,37.75289],[-122.37988,37.75289],[-122.37988,37.75289],[-122.37988,37.75289],[-122.37988,37.75289],[-122.37988,37.75289],[-122.37988,37.75289],[-122.37988,37.75288],[-122.37988,37.75288],[-122.37988,37.75288],[-122.37987,37.75288],[-122.37987,37.75288],[-122.37987,37.75288],[-122.37987,37.75288],[-122.37987,37.75288],[-122.37987,37.75288],[-122.37987,37.75288],[-122.37987,37.75288],[-122.37987,37.75288],[-122.37987,37.75287],[-122.37987,37.75287],[-122.37986,37.75287],[-122.37986,37.75287],[-122.37986,37.75287],[-122.37986,37.75287],[-122.37986,37.75287],[-122.37986,37.75287],[-122.37986,37.75287],[-122.37986,37.75287],[-122.37986,37.75286],[-122.37986,37.75286],[-122.37986,37.75286],[-122.37986,37.75286],[-122.37986,37.75286],[-122.37986,37.75286],[-122.37986,37.75286],[-122.37986,37.75286],[-122.37985,37.75286],[-122.37985,37.75285],[-122.37985,37.75285],[-122.37985,37.75285],[-122.37985,37.75285],[-122.37985,37.75285],[-122.37985,37.75285],[-122.37985,37.75285],[-122.37985,37.75285],[-122.37985,37.75285],[-122.37985,37.75284],[-122.37985,37.75284],[-122.37985,37.75284],[-122.37985,37.75284],[-122.37985,37.75284],[-122.37985,37.75284],[-122.37985,37.75284],[-122.37985,37.75284],[-122.37985,37.75284],[-122.37985,37.75283],[-122.37985,37.75283],[-122.37985,37.75283],[-122.37985,37.75283],[-122.37985,37.75283],[-122.37985,37.75283],[-122.37985,37.75283],[-122.37985,37.75283],[-122.37985,37.75283],[-122.37985,37.75282],[-122.37985,37.75282],[-122.37985,37.75282],[-122.37985,37.75282],[-122.37985,37.75282],[-122.37985,37.75282],[-122.37985,37.75282],[-122.37985,37.75282],[-122.37985,37.75281],[-122.37986,37.75281],[-122.37986,37.75281],[-122.37986,37.75281],[-122.37986,37.75281],[-122.37986,37.75281],[-122.37986,37.75281],[-122.37986,37.75281],[-122.37986,37.75281],[-122.37986,37.75281],[-122.37986,37.7528],[-122.37986,37.7528],[-122.37986,37.7528],[-122.37986,37.7528],[-122.37986,37.7528],[-122.37986,37.7528],[-122.37987,37.7528],[-122.37987,37.7528],[-122.37987,37.7528],[-122.37987,37.7528],[-122.37987,37.75279],[-122.37988,37.75279],[-122.3799,37.75278],[-122.37991,37.75278],[-122.37993,37.75277],[-122.37994,37.75277],[-122.37995,37.75276],[-122.37998,37.75276],[-122.37998,37.75276],[-122.37998,37.75275],[-122.37998,37.75275],[-122.37998,37.75275],[-122.37999,37.75275],[-122.37999,37.75275],[-122.37999,37.75275],[-122.37999,37.75275],[-122.37999,37.75275],[-122.37999,37.75275],[-122.37999,37.75275],[-122.37999,37.75275],[-122.37999,37.75275],[-122.37999,37.75275],[-122.38,37.75275],[-122.38,37.75275],[-122.38,37.75275],[-122.38,37.75275],[-122.38,37.75275],[-122.38,37.75275],[-122.38,37.75275],[-122.38,37.75274],[-122.38,37.75274],[-122.38,37.75274],[-122.38,37.75274],[-122.38001,37.75274],[-122.38001,37.75274],[-122.38001,37.75274],[-122.38001,37.75274],[-122.38001,37.75274],[-122.38001,37.75274],[-122.38001,37.75274],[-122.38001,37.75274],[-122.38001,37.75274],[-122.38001,37.75274],[-122.38001,37.75273],[-122.38001,37.75273],[-122.38001,37.75273],[-122.38002,37.75273],[-122.38002,37.75273],[-122.38002,37.75273],[-122.38002,37.75273],[-122.38002,37.75273],[-122.38002,37.75273],[-122.38002,37.75273],[-122.38002,37.75273],[-122.38002,37.75272],[-122.38002,37.75272],[-122.38002,37.75272],[-122.38002,37.75272],[-122.38002,37.75272],[-122.38002,37.75272],[-122.38002,37.75272],[-122.38002,37.75272],[-122.38002,37.75272],[-122.38002,37.75272],[-122.38002,37.75272],[-122.38002,37.75271],[-122.38002,37.75271],[-122.38002,37.75271],[-122.38002,37.75271],[-122.38002,37.75271],[-122.38002,37.75271],[-122.38003,37.75271],[-122.38003,37.75271],[-122.38003,37.75271],[-122.38003,37.75271],[-122.38003,37.7527],[-122.38003,37.7527],[-122.38003,37.7527],[-122.38003,37.7527],[-122.38003,37.7527],[-122.38003,37.7527],[-122.38003,37.7527],[-122.38003,37.7527],[-122.38003,37.7527],[-122.38002,37.7527],[-122.38002,37.75269],[-122.38001,37.75246],[-122.37996,37.75203],[-122.37609,37.75225],[-122.37577,37.74871],[-122.38491,37.74814],[-122.38492,37.74818],[-122.38465,37.7482],[-122.38466,37.7483],[-122.38467,37.7483],[-122.38468,37.7483],[-122.38468,37.7483],[-122.38469,37.7483],[-122.38469,37.74831],[-122.3847,37.74831],[-122.3847,37.74831],[-122.38471,37.74831],[-122.38472,37.7483],[-122.38472,37.7483],[-122.38473,37.7483],[-122.38473,37.7483],[-122.38474,37.7483],[-122.38474,37.7483],[-122.38475,37.7483],[-122.38475,37.7483],[-122.38476,37.7483],[-122.38477,37.7483],[-122.38477,37.7483],[-122.38478,37.7483],[-122.38478,37.7483],[-122.38479,37.7483],[-122.38479,37.74829],[-122.3848,37.74829],[-122.3848,37.74829],[-122.38481,37.74829],[-122.38481,37.74829],[-122.38482,37.74829],[-122.38482,37.74829],[-122.38483,37.74828],[-122.38484,37.74828],[-122.38484,37.74828],[-122.38485,37.74828],[-122.38485,37.74828],[-122.38486,37.74827],[-122.38486,37.74827],[-122.38487,37.74827],[-122.38487,37.74827],[-122.38488,37.74826],[-122.38488,37.74826],[-122.38489,37.74826],[-122.38489,37.74826],[-122.38489,37.74825],[-122.3849,37.74825],[-122.3849,37.74825],[-122.3849,37.74825],[-122.38491,37.74824],[-122.38491,37.74824],[-122.38491,37.74824],[-122.38492,37.74824],[-122.38492,37.74824],[-122.38493,37.74823],[-122.38493,37.74823],[-122.38493,37.74823],[-122.38494,37.74823],[-122.38494,37.74823],[-122.38495,37.74823],[-122.38495,37.74823],[-122.38495,37.74822],[-122.38496,37.74822],[-122.38496,37.74822],[-122.38497,37.74822],[-122.38497,37.74822],[-122.38498,37.74822],[-122.38498,37.74822],[-122.38498,37.74822],[-122.38499,37.74821],[-122.38499,37.74821],[-122.385,37.74821],[-122.385,37.74821],[-122.38501,37.74821],[-122.38501,37.74821],[-122.38501,37.74821],[-122.38501,37.74821],[-122.38501,37.74821],[-122.38501,37.74821],[-122.38501,37.74821],[-122.38502,37.74821],[-122.38502,37.74821],[-122.38502,37.74821],[-122.38502,37.74821],[-122.38502,37.7482],[-122.38502,37.7482],[-122.38502,37.7482],[-122.38502,37.7482],[-122.38503,37.7482],[-122.38503,37.7482],[-122.38503,37.7482],[-122.38503,37.7482],[-122.38503,37.7482],[-122.38503,37.7482],[-122.38503,37.7482],[-122.38503,37.7482],[-122.38504,37.74819],[-122.38504,37.74819],[-122.38504,37.74819],[-122.38504,37.74819],[-122.38504,37.74819],[-122.38504,37.74819],[-122.38504,37.74819],[-122.38504,37.74819],[-122.38504,37.74819],[-122.38505,37.74819],[-122.38505,37.74819],[-122.38505,37.74818],[-122.38505,37.74818],[-122.38505,37.74818],[-122.38505,37.74818],[-122.38505,37.74818],[-122.38505,37.74818],[-122.38505,37.74818],[-122.38505,37.74818],[-122.38505,37.74818],[-122.38505,37.74817],[-122.38505,37.74817],[-122.38506,37.74817],[-122.38506,37.74817],[-122.38506,37.74817],[-122.38506,37.74817],[-122.38506,37.74817],[-122.38506,37.74817],[-122.38506,37.74816],[-122.38506,37.74816],[-122.38506,37.74816],[-122.38506,37.74816],[-122.38506,37.74816],[-122.38506,37.74816],[-122.38506,37.74816],[-122.38506,37.74816],[-122.38506,37.74815],[-122.38506,37.74815],[-122.38506,37.74815],[-122.38506,37.74815],[-122.38506,37.74815],[-122.38506,37.74815],[-122.38506,37.74815],[-122.38506,37.74815],[-122.38506,37.74815],[-122.38506,37.74814],[-122.38506,37.74814],[-122.38506,37.74814],[-122.38507,37.74814],[-122.38507,37.74814],[-122.38507,37.74814],[-122.38507,37.74814],[-122.38507,37.74814],[-122.38507,37.74814],[-122.38507,37.74814],[-122.38507,37.74814],[-122.38507,37.74813],[-122.38507,37.74813],[-122.38507,37.74813],[-122.38507,37.74813],[-122.38507,37.74813],[-122.38507,37.74813],[-122.38507,37.74813],[-122.38508,37.74813],[-122.38508,37.74813],[-122.38508,37.74813],[-122.38508,37.74813],[-122.38508,37.74813],[-122.38508,37.74813],[-122.38508,37.74812],[-122.38508,37.74812],[-122.38508,37.74812],[-122.38508,37.74812],[-122.38508,37.74812],[-122.38508,37.74812],[-122.38509,37.74812],[-122.38509,37.74812],[-122.38509,37.74812],[-122.38509,37.74812],[-122.38509,37.74812],[-122.38509,37.74812],[-122.38509,37.74812],[-122.38509,37.74812],[-122.38509,37.74812],[-122.38509,37.74812],[-122.3851,37.74812],[-122.3851,37.74811],[-122.3851,37.74811],[-122.3851,37.74811],[-122.3851,37.74811],[-122.3851,37.74811],[-122.3851,37.74811],[-122.3851,37.74811],[-122.3851,37.74811],[-122.38511,37.74811],[-122.38511,37.74811],[-122.38511,37.74811],[-122.38511,37.74811],[-122.38511,37.74811],[-122.38511,37.74811],[-122.38511,37.74811],[-122.38511,37.74811],[-122.38512,37.74811],[-122.38512,37.74811],[-122.38512,37.74811],[-122.38512,37.74811],[-122.38512,37.74811],[-122.38512,37.74811],[-122.38512,37.74811],[-122.38512,37.74811],[-122.38513,37.74811],[-122.38513,37.74811],[-122.38513,37.74811],[-122.38513,37.74811],[-122.38513,37.74811],[-122.38513,37.74811],[-122.38513,37.74811],[-122.38513,37.74811],[-122.38514,37.74811],[-122.38514,37.74811],[-122.38514,37.74811],[-122.38514,37.74811],[-122.38514,37.74811],[-122.38514,37.74811],[-122.38514,37.74811],[-122.38514,37.74811],[-122.38515,37.74811],[-122.38515,37.74811],[-122.38515,37.74811],[-122.38515,37.74811],[-122.38515,37.74811],[-122.38515,37.74811],[-122.38515,37.74811],[-122.38515,37.74811],[-122.38515,37.74811],[-122.38516,37.74811],[-122.38516,37.74811],[-122.38516,37.74811],[-122.38516,37.74811],[-122.38516,37.74811],[-122.38516,37.74811],[-122.38516,37.74811],[-122.38516,37.74811],[-122.38516,37.74812],[-122.38517,37.74812],[-122.38517,37.74812],[-122.38517,37.74812],[-122.38517,37.74812],[-122.38517,37.74812],[-122.38517,37.74812],[-122.38517,37.74812],[-122.38517,37.74812],[-122.38517,37.74812],[-122.38518,37.74812],[-122.38518,37.74812],[-122.38518,37.74812],[-122.38518,37.74812],[-122.38518,37.74812],[-122.38518,37.74812],[-122.38518,37.74812],[-122.38518,37.74813],[-122.38518,37.74813],[-122.38518,37.74813],[-122.38519,37.74813],[-122.38519,37.74813],[-122.38519,37.74813],[-122.38519,37.74813],[-122.38519,37.74813],[-122.38519,37.74814],[-122.38519,37.74814],[-122.3852,37.74814],[-122.3852,37.74814],[-122.3852,37.74814],[-122.3852,37.74814],[-122.3852,37.74814],[-122.3852,37.74814],[-122.3852,37.74814],[-122.38521,37.74815],[-122.38521,37.74815],[-122.38521,37.74815],[-122.38521,37.74815],[-122.38521,37.74815],[-122.38522,37.74815],[-122.38522,37.74815],[-122.38522,37.74815],[-122.38522,37.74815],[-122.38522,37.74815],[-122.38522,37.74815],[-122.38523,37.74816],[-122.38523,37.74816],[-122.38523,37.74816],[-122.38523,37.74816],[-122.38523,37.74816],[-122.38524,37.74816],[-122.38524,37.74816],[-122.38524,37.74816],[-122.38524,37.74816],[-122.38524,37.74816],[-122.38525,37.74816],[-122.38525,37.74816],[-122.38525,37.74816],[-122.38525,37.74816],[-122.38525,37.74816],[-122.38526,37.74816],[-122.38526,37.74816],[-122.38526,37.74816],[-122.38526,37.74816],[-122.38526,37.74817],[-122.38527,37.74817],[-122.38527,37.74817],[-122.38527,37.74817],[-122.38527,37.74817],[-122.38528,37.74817],[-122.38528,37.74817],[-122.38528,37.74817],[-122.38528,37.74817],[-122.38528,37.74817],[-122.38529,37.74817],[-122.38529,37.74817],[-122.38529,37.74817],[-122.38529,37.74817],[-122.38529,37.74817],[-122.3853,37.74817],[-122.3853,37.74817],[-122.38531,37.74816],[-122.38531,37.74816],[-122.38532,37.74816],[-122.38533,37.74815],[-122.38534,37.74815],[-122.38534,37.74815],[-122.38535,37.74814],[-122.38536,37.74814],[-122.38537,37.74813],[-122.38537,37.74813],[-122.38538,37.74813],[-122.38538,37.74813],[-122.38539,37.74812],[-122.38539,37.74812],[-122.38539,37.74812],[-122.3854,37.74812],[-122.3854,37.74812],[-122.38541,37.74812],[-122.38541,37.74812],[-122.38542,37.74812],[-122.38542,37.74812],[-122.38542,37.74811],[-122.38543,37.74811],[-122.38543,37.74811],[-122.38544,37.74811],[-122.38544,37.74811],[-122.38545,37.74811],[-122.38545,37.74811],[-122.38545,37.74811],[-122.38546,37.74811],[-122.38546,37.74811],[-122.38547,37.74811],[-122.38547,37.74811],[-122.38548,37.74811],[-122.38548,37.74811],[-122.38549,37.74811],[-122.38549,37.74811],[-122.38549,37.74811],[-122.3855,37.74811],[-122.3855,37.74811],[-122.38551,37.74811],[-122.38551,37.74811],[-122.38552,37.74811],[-122.38552,37.74811],[-122.38553,37.74811],[-122.38553,37.74811],[-122.38553,37.74811],[-122.38554,37.74811],[-122.38554,37.74811],[-122.38555,37.74811],[-122.38558,37.74812],[-122.38562,37.74812],[-122.38565,37.74813],[-122.38569,37.74813],[-122.38572,37.74813],[-122.38577,37.74814],[-122.38577,37.74814],[-122.38577,37.74814],[-122.38578,37.74814],[-122.38578,37.74814],[-122.38578,37.74814],[-122.38578,37.74814],[-122.38578,37.74814],[-122.38578,37.74814],[-122.38579,37.74814],[-122.38579,37.74814],[-122.38579,37.74814],[-122.38579,37.74814],[-122.38579,37.74814],[-122.38579,37.74814],[-122.3858,37.74814],[-122.3858,37.74814],[-122.3858,37.74815],[-122.3858,37.74815],[-122.3858,37.74815],[-122.3858,37.74815],[-122.38581,37.74815],[-122.38581,37.74815],[-122.38581,37.74815],[-122.38581,37.74815],[-122.38581,37.74815],[-122.38581,37.74815],[-122.38582,37.74815],[-122.38582,37.74815],[-122.38582,37.74815],[-122.38582,37.74815],[-122.38582,37.74815],[-122.38582,37.74815],[-122.38583,37.74815],[-122.38583,37.74815],[-122.38583,37.74815],[-122.38583,37.74815],[-122.38583,37.74815],[-122.38583,37.74815],[-122.38584,37.74815],[-122.38584,37.74814],[-122.38584,37.74814],[-122.38584,37.74814],[-122.38584,37.74814],[-122.38584,37.74814],[-122.38584,37.74814],[-122.38585,37.74814],[-122.38585,37.74814],[-122.38585,37.74814],[-122.38585,37.74814],[-122.38585,37.74814],[-122.38585,37.74814],[-122.38586,37.74814],[-122.38586,37.74814],[-122.38586,37.74814],[-122.38586,37.74814],[-122.38586,37.74814],[-122.38586,37.74814],[-122.38586,37.74814],[-122.38587,37.74814],[-122.38587,37.74813],[-122.38587,37.74813],[-122.38587,37.74813],[-122.38587,37.74813],[-122.38587,37.74813],[-122.38587,37.74813],[-122.38588,37.74813],[-122.38588,37.74813],[-122.38588,37.74813],[-122.38588,37.74813],[-122.38588,37.74813],[-122.38588,37.74813],[-122.38588,37.74813],[-122.38588,37.74812],[-122.38589,37.74812],[-122.38589,37.74812],[-122.38589,37.74812],[-122.38589,37.74812],[-122.38589,37.74812],[-122.38589,37.74812],[-122.38589,37.74812],[-122.38589,37.74812],[-122.38589,37.74812],[-122.38589,37.74811],[-122.3859,37.74811],[-122.3859,37.74811],[-122.3859,37.74811],[-122.3859,37.74811],[-122.3859,37.74811],[-122.3859,37.74811],[-122.3859,37.74811],[-122.3859,37.7481],[-122.3859,37.7481],[-122.3859,37.7481],[-122.3859,37.7481],[-122.3859,37.7481],[-122.3859,37.7481],[-122.3859,37.7481],[-122.3859,37.7481],[-122.3859,37.7481],[-122.3859,37.7481],[-122.3859,37.7481],[-122.3859,37.7481],[-122.3859,37.7481],[-122.3859,37.7481],[-122.3859,37.7481],[-122.3859,37.7481],[-122.3859,37.7481],[-122.3859,37.7481],[-122.3859,37.74809],[-122.3859,37.74809],[-122.3859,37.74809],[-122.3859,37.74809],[-122.3859,37.74809],[-122.3859,37.74809],[-122.3859,37.74809],[-122.3859,37.74809],[-122.3859,37.74809],[-122.3859,37.74809],[-122.3859,37.74809],[-122.3859,37.74809],[-122.3859,37.74809],[-122.3859,37.74809],[-122.3859,37.74809],[-122.3859,37.74809],[-122.3859,37.74809],[-122.3859,37.74808],[-122.3859,37.74808],[-122.38591,37.74808],[-122.38591,37.74808],[-122.38591,37.74808],[-122.38591,37.74808],[-122.38591,37.74808],[-122.38591,37.74808],[-122.38591,37.74808],[-122.38591,37.74808],[-122.38591,37.74808],[-122.38591,37.74808],[-122.38591,37.74808],[-122.38591,37.74808],[-122.38591,37.74808],[-122.38591,37.74808],[-122.38591,37.74808],[-122.38591,37.74808],[-122.38591,37.74808],[-122.38591,37.74808],[-122.38591,37.74808],[-122.38591,37.74808],[-122.38591,37.74807],[-122.38591,37.74807],[-122.38591,37.74807],[-122.38592,37.74807],[-122.38592,37.74807],[-122.38592,37.74807],[-122.38592,37.74807],[-122.38592,37.74807],[-122.38592,37.74807],[-122.38592,37.74807],[-122.38592,37.74807],[-122.38592,37.74807],[-122.38592,37.74807],[-122.38592,37.74807],[-122.38592,37.74807],[-122.38592,37.74807],[-122.38592,37.74807],[-122.38592,37.74807],[-122.38592,37.74807],[-122.38593,37.74807],[-122.38593,37.74807],[-122.38593,37.74807],[-122.38593,37.74807],[-122.38593,37.74807],[-122.38593,37.74807],[-122.38593,37.74807],[-122.38593,37.74807],[-122.38593,37.74807],[-122.38593,37.74807],[-122.38593,37.74807],[-122.38593,37.74807],[-122.38593,37.74807],[-122.38593,37.74807],[-122.38593,37.74807],[-122.38594,37.74807],[-122.38594,37.74807],[-122.38594,37.74807],[-122.38594,37.74807],[-122.38594,37.74807],[-122.38594,37.74807],[-122.38594,37.74807],[-122.38594,37.74807],[-122.38594,37.74807],[-122.38594,37.74807],[-122.38594,37.74807],[-122.38594,37.74807],[-122.38594,37.74807],[-122.38594,37.74807],[-122.38595,37.74807],[-122.38595,37.74807],[-122.38595,37.74807],[-122.38595,37.74807],[-122.38595,37.74807],[-122.38595,37.74807],[-122.38595,37.74807],[-122.38595,37.74807],[-122.38595,37.74807],[-122.38595,37.74807],[-122.38595,37.74807],[-122.38596,37.74807],[-122.38596,37.74807],[-122.38596,37.74807],[-122.38596,37.74807],[-122.38596,37.74807],[-122.38597,37.74807],[-122.38597,37.74807],[-122.38597,37.74808],[-122.38597,37.74808],[-122.38597,37.74808],[-122.38598,37.74808],[-122.38598,37.74808],[-122.38598,37.74808],[-122.38598,37.74808],[-122.38599,37.74808],[-122.38599,37.74808],[-122.38599,37.74808],[-122.38599,37.74808],[-122.386,37.74809],[-122.386,37.74809],[-122.386,37.74809],[-122.386,37.74809],[-122.38601,37.74809],[-122.38601,37.74809],[-122.38601,37.74809],[-122.38601,37.74809],[-122.38602,37.74809],[-122.38602,37.74809],[-122.38602,37.74809],[-122.38602,37.74809],[-122.38603,37.74809],[-122.38603,37.74809],[-122.38603,37.74809],[-122.38603,37.74809],[-122.38604,37.74809],[-122.38604,37.74809],[-122.38604,37.74809],[-122.38604,37.74809],[-122.38605,37.74809],[-122.38605,37.74809],[-122.38605,37.74809],[-122.38605,37.74809],[-122.38606,37.74809],[-122.38606,37.74809],[-122.38606,37.74809],[-122.38606,37.74809],[-122.38607,37.74809],[-122.38607,37.74809],[-122.38607,37.74809],[-122.38607,37.74809],[-122.38608,37.74809],[-122.38608,37.74809],[-122.38608,37.74809],[-122.38608,37.74809],[-122.38609,37.74809],[-122.38609,37.74809],[-122.38609,37.74809],[-122.38609,37.74809],[-122.3861,37.74809],[-122.3861,37.74809],[-122.3861,37.74809],[-122.3861,37.74808],[-122.38611,37.74808],[-122.38611,37.74808],[-122.38611,37.74808],[-122.38611,37.74808],[-122.38612,37.74808],[-122.38612,37.74808],[-122.38612,37.74808],[-122.38612,37.74808],[-122.38612,37.74808],[-122.38613,37.74808],[-122.38613,37.74808],[-122.38613,37.74808],[-122.38613,37.74808],[-122.38614,37.74807],[-122.38614,37.74807],[-122.38614,37.74807],[-122.38614,37.74807],[-122.38614,37.74807],[-122.38615,37.74807],[-122.38615,37.74807],[-122.38615,37.74807],[-122.38615,37.74807],[-122.38615,37.74807],[-122.38616,37.74806],[-122.38616,37.74806],[-122.38616,37.74806],[-122.38616,37.74806],[-122.38616,37.74806],[-122.38616,37.74806],[-122.38617,37.74806],[-122.38617,37.74805],[-122.38617,37.74805],[-122.38617,37.74805],[-122.38617,37.74805],[-122.38617,37.74805],[-122.38618,37.74805],[-122.38618,37.74805],[-122.38618,37.74804],[-122.38618,37.74804],[-122.38618,37.74804],[-122.38618,37.74804],[-122.38619,37.74804],[-122.38619,37.74804],[-122.38619,37.74803],[-122.38619,37.74803],[-122.38619,37.74803],[-122.38619,37.74803],[-122.38619,37.74803],[-122.38619,37.74803],[-122.38619,37.74802],[-122.3862,37.74802],[-122.3862,37.74802],[-122.3862,37.74802],[-122.3862,37.74802],[-122.3862,37.74802],[-122.3862,37.74801],[-122.3862,37.74801],[-122.3862,37.74801],[-122.3862,37.74801],[-122.3862,37.74801],[-122.3862,37.748],[-122.3862,37.748],[-122.3862,37.748],[-122.38621,37.748],[-122.38621,37.748],[-122.38621,37.74799],[-122.38621,37.74799],[-122.38621,37.74799],[-122.38621,37.74799],[-122.38621,37.74799],[-122.38621,37.74799],[-122.38621,37.74798],[-122.38621,37.74798],[-122.38621,37.74798],[-122.38621,37.74798],[-122.38621,37.74798],[-122.38621,37.74798],[-122.38621,37.74797],[-122.38621,37.74797],[-122.38621,37.74797],[-122.38621,37.74797],[-122.38621,37.74797],[-122.38621,37.74797],[-122.38621,37.74797],[-122.38621,37.74796],[-122.38621,37.74796],[-122.38621,37.74796],[-122.38621,37.74796],[-122.38621,37.74796],[-122.38621,37.74796],[-122.38621,37.74795],[-122.38622,37.74795],[-122.38622,37.74795],[-122.38622,37.74795],[-122.38622,37.74795],[-122.38622,37.74795],[-122.38622,37.74795],[-122.38622,37.74794],[-122.38622,37.74794],[-122.38622,37.74794],[-122.38622,37.74794],[-122.38623,37.74794],[-122.38623,37.74794],[-122.38623,37.74794],[-122.38623,37.74793],[-122.38623,37.74793],[-122.38623,37.74793],[-122.38623,37.74793],[-122.38623,37.74793],[-122.38624,37.74793],[-122.38624,37.74793],[-122.38624,37.74793],[-122.38624,37.74792],[-122.38624,37.74792],[-122.38624,37.74792],[-122.38625,37.74792],[-122.38625,37.74792],[-122.38625,37.74792],[-122.38625,37.74792],[-122.38625,37.74792],[-122.38625,37.74792],[-122.38626,37.74791],[-122.38626,37.74791],[-122.38626,37.74791],[-122.38626,37.74791],[-122.38626,37.74791],[-122.38626,37.74791],[-122.38627,37.74791],[-122.38627,37.74791],[-122.38627,37.74791],[-122.38627,37.74791],[-122.38627,37.74791],[-122.38628,37.7479],[-122.38628,37.7479],[-122.38628,37.7479],[-122.38628,37.7479],[-122.38628,37.7479],[-122.38628,37.7479],[-122.38629,37.7479],[-122.38629,37.7479],[-122.38629,37.7479],[-122.38629,37.7479],[-122.38629,37.7479],[-122.3863,37.7479],[-122.3863,37.7479],[-122.3863,37.7479],[-122.3863,37.7479],[-122.38631,37.7479],[-122.38631,37.7479],[-122.38631,37.7479],[-122.38631,37.7479],[-122.38631,37.7479],[-122.38632,37.7479],[-122.38632,37.7479],[-122.38632,37.7479],[-122.38632,37.7479],[-122.38632,37.7479],[-122.38633,37.7479],[-122.38633,37.7479],[-122.38633,37.7479],[-122.38633,37.7479],[-122.38633,37.7479],[-122.38634,37.7479],[-122.38634,37.7479],[-122.38634,37.7479],[-122.38635,37.7479],[-122.38635,37.7479],[-122.38635,37.7479],[-122.38635,37.7479],[-122.38636,37.7479],[-122.38636,37.7479],[-122.38636,37.7479],[-122.38637,37.7479],[-122.38637,37.7479],[-122.38637,37.7479],[-122.38637,37.74791],[-122.38638,37.74791],[-122.38638,37.74791],[-122.38638,37.74791],[-122.38638,37.74791],[-122.38639,37.74791],[-122.38639,37.74791],[-122.38639,37.74791],[-122.38639,37.74791],[-122.3864,37.74792],[-122.3864,37.74792],[-122.3864,37.74792],[-122.3864,37.74792],[-122.38641,37.74792],[-122.38641,37.74792],[-122.38641,37.74792],[-122.38641,37.74793],[-122.38642,37.74793],[-122.38642,37.74793],[-122.38642,37.74793],[-122.38642,37.74793],[-122.38642,37.74793],[-122.38642,37.74793],[-122.38642,37.74793],[-122.38642,37.74793],[-122.38642,37.74793],[-122.38642,37.74793],[-122.38642,37.74793],[-122.38642,37.74793],[-122.38642,37.74794],[-122.38642,37.74794],[-122.38642,37.74794],[-122.38642,37.74794],[-122.38642,37.74794],[-122.38642,37.74794],[-122.38643,37.74794],[-122.38643,37.74794],[-122.38643,37.74794],[-122.38643,37.74794],[-122.38643,37.74794],[-122.38643,37.74794],[-122.38643,37.74794],[-122.38643,37.74794],[-122.38643,37.74794],[-122.38643,37.74794],[-122.38643,37.74794],[-122.38643,37.74794],[-122.38643,37.74794],[-122.38643,37.74794],[-122.38643,37.74794],[-122.38643,37.74794],[-122.38643,37.74794],[-122.38643,37.74794],[-122.38643,37.74794],[-122.38643,37.74794],[-122.38643,37.74794],[-122.38643,37.74795],[-122.38643,37.74795],[-122.38643,37.74795],[-122.38644,37.74795],[-122.38644,37.74795],[-122.38644,37.74795],[-122.38644,37.74795],[-122.38644,37.74795],[-122.38644,37.74795],[-122.38644,37.74795],[-122.38644,37.74795],[-122.38644,37.74795],[-122.38644,37.74795],[-122.38644,37.74795],[-122.38644,37.74795],[-122.38644,37.74795],[-122.38644,37.74795],[-122.38644,37.74795],[-122.38644,37.74795],[-122.38644,37.74795],[-122.38644,37.74795],[-122.38645,37.74795],[-122.38645,37.74795],[-122.38645,37.74795],[-122.38645,37.74795],[-122.38645,37.74795],[-122.38645,37.74795],[-122.38645,37.74795],[-122.38645,37.74795],[-122.38645,37.74795],[-122.38645,37.74795],[-122.38645,37.74795],[-122.38645,37.74795],[-122.38645,37.74795],[-122.38645,37.74795],[-122.38645,37.74795],[-122.38645,37.74795],[-122.38645,37.74795],[-122.38646,37.74795],[-122.38646,37.74795],[-122.38646,37.74795],[-122.38646,37.74795],[-122.38646,37.74795],[-122.38646,37.74795],[-122.38646,37.74795],[-122.38646,37.74795],[-122.38646,37.74795],[-122.38646,37.74795],[-122.38646,37.74795],[-122.38646,37.74795],[-122.38646,37.74795],[-122.38646,37.74795],[-122.38646,37.74795],[-122.38646,37.74795],[-122.38646,37.74795],[-122.38647,37.74795],[-122.38647,37.74795],[-122.38647,37.74795],[-122.38647,37.74795],[-122.38647,37.74795],[-122.38647,37.74795],[-122.38647,37.74795],[-122.38647,37.74795],[-122.38647,37.74795],[-122.38647,37.74795],[-122.38647,37.74795],[-122.38647,37.74795],[-122.38647,37.74795],[-122.38647,37.74795],[-122.38647,37.74795],[-122.38647,37.74795],[-122.38647,37.74795],[-122.38679,37.74789],[-122.38683,37.74784],[-122.38684,37.74783],[-122.38685,37.74783],[-122.38686,37.74782],[-122.38687,37.74782],[-122.38688,37.74781],[-122.38689,37.7478],[-122.3869,37.7478],[-122.38691,37.74779],[-122.38692,37.74778],[-122.38693,37.74778],[-122.38693,37.74777],[-122.38694,37.74776],[-122.38695,37.74776],[-122.38696,37.74775],[-122.38697,37.74774],[-122.38698,37.74774],[-122.38699,37.74773],[-122.387,37.74773],[-122.387,37.74772],[-122.38701,37.74772],[-122.38702,37.74771],[-122.38702,37.74771],[-122.38703,37.7477],[-122.38704,37.74769],[-122.38704,37.74769],[-122.38705,37.74768],[-122.38706,37.74768],[-122.38706,37.74767],[-122.38707,37.74767],[-122.38708,37.74766],[-122.38708,37.74765],[-122.38709,37.74765],[-122.38709,37.74764],[-122.38709,37.74764],[-122.38709,37.74764],[-122.38709,37.74764],[-122.3871,37.74764],[-122.3871,37.74764],[-122.3871,37.74763],[-122.3871,37.74763],[-122.3871,37.74763],[-122.38711,37.74763],[-122.38711,37.74763],[-122.38711,37.74763],[-122.38711,37.74763],[-122.38711,37.74762],[-122.38712,37.74762],[-122.38712,37.74762],[-122.38712,37.74762],[-122.38712,37.74762],[-122.38713,37.74762],[-122.38713,37.74762],[-122.38713,37.74761],[-122.38713,37.74761],[-122.38713,37.74761],[-122.38714,37.74761],[-122.38714,37.74761],[-122.38714,37.74761],[-122.38714,37.74761],[-122.38715,37.74761],[-122.38715,37.74761],[-122.38715,37.74761],[-122.38717,37.7476],[-122.38719,37.7476],[-122.38721,37.7476],[-122.38723,37.7476],[-122.38725,37.74759],[-122.38726,37.74759],[-122.38728,37.74759],[-122.3873,37.74759],[-122.38732,37.74759],[-122.38734,37.74759],[-122.38736,37.74759],[-122.38738,37.74759],[-122.38739,37.74759],[-122.38741,37.74759],[-122.38743,37.74759],[-122.38745,37.7476],[-122.38747,37.7476],[-122.38749,37.7476],[-122.38751,37.7476],[-122.38753,37.7476],[-122.38753,37.74761],[-122.38754,37.74761],[-122.38754,37.74761],[-122.38755,37.74762],[-122.38755,37.74762],[-122.38756,37.74763],[-122.38756,37.74763],[-122.38756,37.74763],[-122.38757,37.74764],[-122.38757,37.74764],[-122.38757,37.74764],[-122.38758,37.74765],[-122.38758,37.74765],[-122.38758,37.74766],[-122.38759,37.74766],[-122.38759,37.74767],[-122.38759,37.74767],[-122.3876,37.74767],[-122.3876,37.74768],[-122.3876,37.74768],[-122.38761,37.74769],[-122.38761,37.74769],[-122.38761,37.7477],[-122.38761,37.7477],[-122.38762,37.74771],[-122.38762,37.74771],[-122.38762,37.74771],[-122.38762,37.74772],[-122.38762,37.74772],[-122.38763,37.74773],[-122.38763,37.74773],[-122.38763,37.74774],[-122.38763,37.74774],[-122.38763,37.74775],[-122.38763,37.74775],[-122.38763,37.74776],[-122.38764,37.74776],[-122.38766,37.74776],[-122.38764,37.74777],[-122.38764,37.74777],[-122.38764,37.74777],[-122.38764,37.74777],[-122.38764,37.74778],[-122.38764,37.74778],[-122.38764,37.74778],[-122.38764,37.74778],[-122.38764,37.74778],[-122.38764,37.74778],[-122.38764,37.74778],[-122.38764,37.74778],[-122.38764,37.74778],[-122.38764,37.74779],[-122.38764,37.74779],[-122.38764,37.74779],[-122.38764,37.74779],[-122.38764,37.74779],[-122.38764,37.74779],[-122.38764,37.74779],[-122.38764,37.74779],[-122.38764,37.74779],[-122.38764,37.7478],[-122.38764,37.7478],[-122.38764,37.7478],[-122.38764,37.7478],[-122.38764,37.7478],[-122.38764,37.7478],[-122.38764,37.7478],[-122.38764,37.7478],[-122.38764,37.7478],[-122.38764,37.74781],[-122.38764,37.74781],[-122.38764,37.74781],[-122.38764,37.74781],[-122.38764,37.74781],[-122.38764,37.74781],[-122.38765,37.74781],[-122.38765,37.74781],[-122.38765,37.74781],[-122.38765,37.74781],[-122.38765,37.74782],[-122.38765,37.74782],[-122.38765,37.74782],[-122.38765,37.74782],[-122.38765,37.74782],[-122.38765,37.74782],[-122.38765,37.74782],[-122.38765,37.74782],[-122.38765,37.74782],[-122.38766,37.74782],[-122.38766,37.74782],[-122.38766,37.74782],[-122.38766,37.74783],[-122.38766,37.74783],[-122.38766,37.74783],[-122.38766,37.74783],[-122.38766,37.74783],[-122.38766,37.74783],[-122.38766,37.74783],[-122.38767,37.74783],[-122.38767,37.74783],[-122.38767,37.74783],[-122.38767,37.74783],[-122.38767,37.74783],[-122.38767,37.74783],[-122.38767,37.74783],[-122.38767,37.74784],[-122.38768,37.74784],[-122.38768,37.74784],[-122.38768,37.74784],[-122.38768,37.74784],[-122.38768,37.74784],[-122.38768,37.74784],[-122.38768,37.74784],[-122.38768,37.74784],[-122.38769,37.74784],[-122.38769,37.74784],[-122.38769,37.74784],[-122.38769,37.74784],[-122.38769,37.74784],[-122.38769,37.74784],[-122.38769,37.74784],[-122.38769,37.74784],[-122.3877,37.74784],[-122.3877,37.74784],[-122.3877,37.74784],[-122.3877,37.74784],[-122.3877,37.74784],[-122.38771,37.74784],[-122.38771,37.74785],[-122.38772,37.74785],[-122.38773,37.74785],[-122.38773,37.74785],[-122.38774,37.74785],[-122.38774,37.74785],[-122.38775,37.74785],[-122.38776,37.74785],[-122.38776,37.74785],[-122.38777,37.74785],[-122.38778,37.74785],[-122.38778,37.74785],[-122.38779,37.74785],[-122.38779,37.74785],[-122.3878,37.74785],[-122.38781,37.74785],[-122.38781,37.74785],[-122.38782,37.74785],[-122.38782,37.74785],[-122.38783,37.74785],[-122.38784,37.74785],[-122.38784,37.74785],[-122.38785,37.74785],[-122.38785,37.74785],[-122.38786,37.74784],[-122.38787,37.74784],[-122.38787,37.74784],[-122.38788,37.74784],[-122.38789,37.74784],[-122.38789,37.74784],[-122.38789,37.74784],[-122.38789,37.74784],[-122.38789,37.74784],[-122.38789,37.74784],[-122.38789,37.74784],[-122.3879,37.74784],[-122.3879,37.74784],[-122.3879,37.74784],[-122.3879,37.74784],[-122.3879,37.74784],[-122.3879,37.74784],[-122.3879,37.74784],[-122.3879,37.74783],[-122.3879,37.74783],[-122.3879,37.74783],[-122.38791,37.74783],[-122.38791,37.74783],[-122.38791,37.74783],[-122.38791,37.74783],[-122.38791,37.74783],[-122.38791,37.74783],[-122.38791,37.74783],[-122.38791,37.74783],[-122.38791,37.74783],[-122.38791,37.74783],[-122.38792,37.74783],[-122.38792,37.74783],[-122.38792,37.74783],[-122.38792,37.74783],[-122.38792,37.74783],[-122.38792,37.74783],[-122.38792,37.74783],[-122.38792,37.74783],[-122.38792,37.74783],[-122.38792,37.74783],[-122.38793,37.74783],[-122.38793,37.74783],[-122.38793,37.74783],[-122.38793,37.74783],[-122.38793,37.74784],[-122.38793,37.74784],[-122.38793,37.74784],[-122.38793,37.74784],[-122.38793,37.74784],[-122.38793,37.74784],[-122.38794,37.74784],[-122.38794,37.74784],[-122.38794,37.74784],[-122.38794,37.74784],[-122.38794,37.74784],[-122.38794,37.74784],[-122.38794,37.74784],[-122.38794,37.74784],[-122.38794,37.74784],[-122.38794,37.74784],[-122.38794,37.74784],[-122.38795,37.74784],[-122.38795,37.74784],[-122.38795,37.74784],[-122.38796,37.74784],[-122.38796,37.74784],[-122.38796,37.74785],[-122.38797,37.74785],[-122.38797,37.74785],[-122.38798,37.74785],[-122.38798,37.74785],[-122.38798,37.74785],[-122.38799,37.74785],[-122.38799,37.74785],[-122.38799,37.74785],[-122.388,37.74785],[-122.388,37.74785],[-122.388,37.74785],[-122.38801,37.74785],[-122.38801,37.74785],[-122.38801,37.74785],[-122.38802,37.74785],[-122.38802,37.74785],[-122.38802,37.74785],[-122.38803,37.74785],[-122.38803,37.74785],[-122.38803,37.74785],[-122.38804,37.74785],[-122.38804,37.74785],[-122.38805,37.74785],[-122.38805,37.74785],[-122.38805,37.74785],[-122.38806,37.74785],[-122.38806,37.74785],[-122.38806,37.74785],[-122.38807,37.74785],[-122.38807,37.74785],[-122.38807,37.74784],[-122.38808,37.74784],[-122.38808,37.74784],[-122.38808,37.74784],[-122.38809,37.74784],[-122.38809,37.74784],[-122.38809,37.74784],[-122.3881,37.74784],[-122.3881,37.74784],[-122.3881,37.74784],[-122.38811,37.74783],[-122.38811,37.74781],[-122.38808,37.74781],[-122.38807,37.7478],[-122.38811,37.7478],[-122.3881,37.74771],[-122.38815,37.74771],[-122.38815,37.74783],[-122.38828,37.74782],[-122.38849,37.74781],[-122.38849,37.74781],[-122.3885,37.74781],[-122.38851,37.74781],[-122.38851,37.74781],[-122.38852,37.74781],[-122.38853,37.74781],[-122.38853,37.74781],[-122.38854,37.74781],[-122.38855,37.74782],[-122.38855,37.74782],[-122.38856,37.74782],[-122.38857,37.74782],[-122.38857,37.74782],[-122.38858,37.74782],[-122.38859,37.74782],[-122.38859,37.74782],[-122.3886,37.74782],[-122.38861,37.74782],[-122.38861,37.74782],[-122.38862,37.74781],[-122.38863,37.74781],[-122.38863,37.74781],[-122.38864,37.74781],[-122.38865,37.74781],[-122.38865,37.74781],[-122.38866,37.74781],[-122.38867,37.74781],[-122.38867,37.74781],[-122.38868,37.74781],[-122.38868,37.74781],[-122.38869,37.7478],[-122.3887,37.7478],[-122.3887,37.7478],[-122.38871,37.7478],[-122.38872,37.7478],[-122.38872,37.74779],[-122.38873,37.74779],[-122.38874,37.74779],[-122.38875,37.74779],[-122.38875,37.74779],[-122.38876,37.74778],[-122.38877,37.74778],[-122.38877,37.74778],[-122.38878,37.74778],[-122.38879,37.74778],[-122.38879,37.74778],[-122.3888,37.74778],[-122.38881,37.74777],[-122.38881,37.74777],[-122.38882,37.74777],[-122.38883,37.74777],[-122.38884,37.74777],[-122.38884,37.74777],[-122.38885,37.74777],[-122.38886,37.74777],[-122.38887,37.74777],[-122.38887,37.74777],[-122.38888,37.74777],[-122.38889,37.74777],[-122.38889,37.74777],[-122.3889,37.74777],[-122.38891,37.74777],[-122.38892,37.74777],[-122.38892,37.74777],[-122.38893,37.74777],[-122.38894,37.74777],[-122.38895,37.74777],[-122.38896,37.74777],[-122.38898,37.74777],[-122.389,37.74778],[-122.38902,37.74778],[-122.38904,37.74778],[-122.38906,37.74778],[-122.38908,37.74778],[-122.3891,37.74778],[-122.38912,37.74778],[-122.38914,37.74778],[-122.38916,37.74778],[-122.38918,37.74778],[-122.3892,37.74777],[-122.38927,37.74778],[-122.38933,37.74778],[-122.3894,37.74778],[-122.38947,37.74778],[-122.38954,37.74777],[-122.38961,37.74777],[-122.38968,37.74777],[-122.38975,37.74776],[-122.38982,37.74776],[-122.38989,37.74775],[-122.38996,37.74774],[-122.39004,37.74773],[-122.39005,37.74773],[-122.39006,37.74773],[-122.39007,37.74773],[-122.39008,37.74773],[-122.39009,37.74773],[-122.39009,37.74773],[-122.3901,37.74773],[-122.39011,37.74773],[-122.39012,37.74773],[-122.39013,37.74773],[-122.39014,37.74773],[-122.39015,37.74773],[-122.39016,37.74773],[-122.39017,37.74772],[-122.39018,37.74772],[-122.39019,37.74772],[-122.3902,37.74772],[-122.3902,37.74772],[-122.39021,37.74772],[-122.39022,37.74771],[-122.39023,37.74771],[-122.39024,37.74771],[-122.39025,37.74771],[-122.39025,37.74771],[-122.39025,37.7477],[-122.39026,37.7477],[-122.39026,37.7477],[-122.39026,37.7477],[-122.39026,37.7477],[-122.39027,37.7477],[-122.39027,37.7477],[-122.39027,37.7477],[-122.39027,37.7477],[-122.39028,37.7477],[-122.39028,37.7477],[-122.39028,37.7477],[-122.39028,37.7477],[-122.39029,37.7477],[-122.39029,37.7477],[-122.39029,37.7477],[-122.39029,37.7477],[-122.3903,37.7477],[-122.3903,37.7477],[-122.3903,37.7477],[-122.3903,37.7477],[-122.39031,37.7477],[-122.39031,37.7477],[-122.39031,37.7477],[-122.39031,37.7477],[-122.39032,37.7477],[-122.39032,37.7477],[-122.39032,37.7477],[-122.39032,37.7477],[-122.39033,37.7477],[-122.39033,37.7477],[-122.39033,37.7477],[-122.39033,37.7477],[-122.39034,37.7477],[-122.39034,37.7477],[-122.39035,37.7477],[-122.39035,37.7477],[-122.39036,37.74771],[-122.39036,37.74771],[-122.39037,37.74771],[-122.39038,37.74771],[-122.39038,37.74771],[-122.39039,37.74771],[-122.3904,37.74771],[-122.3904,37.74771],[-122.3904,37.74771],[-122.39041,37.74771],[-122.39041,37.74771],[-122.39041,37.74771],[-122.39042,37.74771],[-122.39042,37.74771],[-122.39042,37.74771],[-122.39043,37.74772],[-122.39043,37.74772],[-122.39043,37.74772],[-122.39044,37.74772],[-122.39044,37.74772],[-122.39044,37.74772],[-122.39045,37.74772],[-122.39045,37.74772],[-122.39045,37.74772],[-122.39045,37.74772],[-122.39046,37.74773],[-122.39046,37.74773],[-122.39046,37.74773],[-122.39047,37.74773],[-122.39047,37.74773],[-122.39047,37.74773],[-122.39047,37.74773],[-122.39048,37.74773],[-122.39048,37.74773],[-122.39048,37.74773],[-122.39048,37.74774],[-122.39048,37.74774],[-122.39048,37.74774],[-122.39049,37.74774],[-122.39049,37.74774],[-122.39049,37.74774],[-122.39049,37.74774],[-122.39049,37.74774],[-122.3905,37.74774],[-122.3905,37.74774],[-122.3905,37.74774],[-122.3905,37.74774],[-122.3905,37.74774],[-122.39051,37.74774],[-122.39051,37.74774],[-122.39051,37.74774],[-122.39051,37.74774],[-122.39051,37.74774],[-122.39051,37.74774],[-122.39052,37.74774],[-122.39052,37.74774],[-122.39052,37.74774],[-122.39052,37.74774],[-122.39052,37.74774],[-122.39053,37.74774],[-122.39065,37.74782],[-122.39063,37.74776],[-122.39064,37.74776],[-122.39064,37.74776],[-122.39064,37.74776],[-122.39064,37.74776],[-122.39064,37.74776],[-122.39064,37.74776],[-122.39065,37.74776],[-122.39065,37.74776],[-122.39065,37.74776],[-122.39065,37.74776],[-122.39065,37.74776],[-122.39065,37.74776],[-122.39065,37.74776],[-122.39066,37.74776],[-122.39066,37.74776],[-122.39066,37.74776],[-122.39066,37.74776],[-122.39066,37.74776],[-122.39066,37.74776],[-122.39066,37.74776],[-122.39067,37.74776],[-122.39067,37.74776],[-122.39067,37.74777],[-122.39067,37.74777],[-122.39067,37.74777],[-122.39067,37.74777],[-122.39067,37.74777],[-122.39068,37.74777],[-122.39068,37.74777],[-122.39068,37.74777],[-122.39068,37.74777],[-122.39068,37.74777],[-122.39068,37.74777],[-122.39068,37.74777],[-122.39068,37.74777],[-122.39069,37.74778],[-122.39069,37.74778],[-122.39069,37.74778],[-122.39069,37.74778],[-122.39069,37.74778],[-122.39069,37.74778],[-122.39069,37.74778],[-122.39069,37.74778],[-122.39069,37.74778],[-122.39069,37.74778],[-122.3907,37.74779],[-122.3907,37.74779],[-122.3907,37.74779],[-122.3907,37.74779],[-122.3907,37.74779],[-122.3907,37.74779],[-122.3907,37.74779],[-122.3907,37.74779],[-122.3907,37.74779],[-122.3907,37.7478],[-122.3907,37.7478],[-122.39071,37.74781],[-122.39071,37.74781],[-122.39071,37.74781],[-122.39071,37.74782],[-122.39071,37.74782],[-122.39072,37.74783],[-122.39072,37.74783],[-122.39072,37.74784],[-122.39072,37.74784],[-122.39072,37.74785],[-122.39073,37.74785],[-122.39073,37.74785],[-122.39073,37.74786],[-122.39073,37.74786],[-122.39074,37.74787],[-122.39074,37.74787],[-122.39074,37.74788],[-122.39075,37.74788],[-122.39075,37.74788],[-122.39075,37.74789],[-122.39076,37.74789],[-122.39076,37.7479],[-122.39076,37.7479],[-122.39077,37.7479],[-122.39077,37.74791],[-122.39078,37.74791],[-122.39078,37.74791],[-122.39078,37.74792],[-122.39079,37.74792],[-122.39079,37.74792],[-122.3908,37.74793],[-122.3908,37.74793],[-122.3908,37.74793],[-122.39081,37.74794],[-122.39081,37.74794],[-122.39082,37.74794],[-122.39082,37.74795],[-122.39083,37.74795],[-122.39083,37.74795],[-122.39084,37.74796],[-122.39084,37.74796],[-122.39085,37.74796],[-122.39087,37.74797],[-122.39088,37.74797],[-122.3909,37.74798],[-122.39091,37.74798],[-122.39093,37.74798],[-122.39094,37.74799],[-122.39096,37.74799],[-122.39098,37.74799],[-122.39099,37.748],[-122.39101,37.748],[-122.39102,37.748],[-122.39104,37.748],[-122.39106,37.748],[-122.39107,37.74801],[-122.39109,37.74801],[-122.39111,37.74801],[-122.39111,37.74801],[-122.39112,37.74801],[-122.39112,37.74801],[-122.39112,37.74801],[-122.39112,37.74801],[-122.39112,37.74801],[-122.39112,37.74801],[-122.39113,37.74801],[-122.39113,37.74801],[-122.39113,37.74801],[-122.39113,37.74801],[-122.39113,37.74801],[-122.39113,37.74801],[-122.39114,37.74801],[-122.39114,37.74801],[-122.39114,37.74801],[-122.39114,37.74801],[-122.39114,37.74801],[-122.39114,37.74801],[-122.39115,37.74801],[-122.39115,37.74801],[-122.39115,37.74801],[-122.39115,37.74801],[-122.39115,37.74801],[-122.39115,37.74801],[-122.39116,37.74802],[-122.39116,37.74802],[-122.39116,37.74802],[-122.39116,37.74802],[-122.39116,37.74802],[-122.39116,37.74802],[-122.39117,37.74802],[-122.39117,37.74802],[-122.39117,37.74802],[-122.39117,37.74802],[-122.39117,37.74802],[-122.39117,37.74802],[-122.39117,37.74802],[-122.39118,37.74802],[-122.39118,37.74803],[-122.39118,37.74803],[-122.39118,37.74803],[-122.39118,37.74803],[-122.39118,37.74803],[-122.39118,37.74803],[-122.39118,37.74803],[-122.39119,37.74803],[-122.39119,37.74803],[-122.39119,37.74803],[-122.39119,37.74803],[-122.39119,37.74804],[-122.39119,37.74804],[-122.39119,37.74804],[-122.39119,37.74804],[-122.39119,37.74804],[-122.3912,37.74804],[-122.3912,37.74804],[-122.3912,37.74804],[-122.3912,37.74804],[-122.3912,37.74805],[-122.3912,37.74805],[-122.3912,37.74805],[-122.3912,37.74805],[-122.3912,37.74805],[-122.3912,37.74805],[-122.3912,37.74805],[-122.3912,37.74805],[-122.39121,37.74806],[-122.39121,37.74806],[-122.39121,37.74806],[-122.39121,37.74806],[-122.39121,37.74806],[-122.39121,37.74806],[-122.39121,37.74806],[-122.39124,37.74808],[-122.3913,37.74812],[-122.39196,37.7484],[-122.39196,37.7484],[-122.39197,37.7484],[-122.39198,37.7484],[-122.39198,37.7484],[-122.39199,37.7484],[-122.392,37.7484],[-122.392,37.7484],[-122.39201,37.74841],[-122.39202,37.74841],[-122.39202,37.74841],[-122.39203,37.74841],[-122.39203,37.74841],[-122.39204,37.74842],[-122.39205,37.74842],[-122.39205,37.74842],[-122.39206,37.74842],[-122.39207,37.74842],[-122.39207,37.74843],[-122.39208,37.74843],[-122.39208,37.74843],[-122.39209,37.74843],[-122.3921,37.74844],[-122.3921,37.74844],[-122.39211,37.74844],[-122.39211,37.74845],[-122.39212,37.74845],[-122.39212,37.74845],[-122.39213,37.74845],[-122.39213,37.74845],[-122.39213,37.74846],[-122.39213,37.74846],[-122.39213,37.74846],[-122.39213,37.74846],[-122.39213,37.74846],[-122.39213,37.74846],[-122.39214,37.74846],[-122.39214,37.74846],[-122.39214,37.74846],[-122.39214,37.74846],[-122.39214,37.74846],[-122.39214,37.74847],[-122.39214,37.74847],[-122.39214,37.74847],[-122.39215,37.74847],[-122.39215,37.74847],[-122.39215,37.74847],[-122.39215,37.74847],[-122.39215,37.74847],[-122.39215,37.74847],[-122.39215,37.74847],[-122.39216,37.74847],[-122.39216,37.74847],[-122.39216,37.74847],[-122.39216,37.74847],[-122.39216,37.74847],[-122.39216,37.74847],[-122.39217,37.74847],[-122.39217,37.74848],[-122.39217,37.74848],[-122.39217,37.74848],[-122.39217,37.74848],[-122.39217,37.74848],[-122.39218,37.74848],[-122.39219,37.74848],[-122.3922,37.74848],[-122.39221,37.74848],[-122.39222,37.74848],[-122.39223,37.74848],[-122.39224,37.74848],[-122.39226,37.74848],[-122.39227,37.74848],[-122.39228,37.74848],[-122.39229,37.74848],[-122.3923,37.74848],[-122.39231,37.74848],[-122.39232,37.74848],[-122.39233,37.74848],[-122.39234,37.74848],[-122.39235,37.74848],[-122.39236,37.74848],[-122.39237,37.74847],[-122.39238,37.74847],[-122.39239,37.74847],[-122.3924,37.74847],[-122.39241,37.74847],[-122.39242,37.74847],[-122.39243,37.74847],[-122.39244,37.74846],[-122.39245,37.74846],[-122.39246,37.74846],[-122.39247,37.74846],[-122.39248,37.74846],[-122.39249,37.74846],[-122.3925,37.74846],[-122.39251,37.74846],[-122.39252,37.74847],[-122.39253,37.74847],[-122.39253,37.74847],[-122.39254,37.74847],[-122.39255,37.74847],[-122.39257,37.74847],[-122.39258,37.74847],[-122.39258,37.74847],[-122.39259,37.74847],[-122.39259,37.74847],[-122.3926,37.74847],[-122.39261,37.74847],[-122.39261,37.74847],[-122.39262,37.74847],[-122.39262,37.74847],[-122.39263,37.74847],[-122.39263,37.74847],[-122.39264,37.74847],[-122.39265,37.74847],[-122.39265,37.74847],[-122.39266,37.74847],[-122.39266,37.74847],[-122.39267,37.74847],[-122.39267,37.74847],[-122.39268,37.74848],[-122.39269,37.74848],[-122.39269,37.74848],[-122.3927,37.74848],[-122.3927,37.74848],[-122.39271,37.74848],[-122.39271,37.74848],[-122.39272,37.74848],[-122.39272,37.74849],[-122.39273,37.74849],[-122.39273,37.74849],[-122.39274,37.74849],[-122.39274,37.74849],[-122.39275,37.7485],[-122.39275,37.7485],[-122.39276,37.7485],[-122.39276,37.7485],[-122.39277,37.7485],[-122.39277,37.74851],[-122.39278,37.74851],[-122.39278,37.74851],[-122.39279,37.74851],[-122.39279,37.74852],[-122.3928,37.74852],[-122.3928,37.74852],[-122.39281,37.74853],[-122.39281,37.74853],[-122.39282,37.74853],[-122.39282,37.74853],[-122.39282,37.74853],[-122.39283,37.74853],[-122.39283,37.74853],[-122.39284,37.74853],[-122.39284,37.74854],[-122.39284,37.74854],[-122.39285,37.74854],[-122.39285,37.74854],[-122.39285,37.74854],[-122.39286,37.74854],[-122.39286,37.74854],[-122.39286,37.74854],[-122.39287,37.74854],[-122.39287,37.74854],[-122.39288,37.74854],[-122.39288,37.74854],[-122.39288,37.74854],[-122.39289,37.74854],[-122.39289,37.74855],[-122.39289,37.74855],[-122.3929,37.74855],[-122.3929,37.74855],[-122.39291,37.74855],[-122.39291,37.74855],[-122.39291,37.74855],[-122.39292,37.74855],[-122.39292,37.74855],[-122.39292,37.74855],[-122.39293,37.74855],[-122.39293,37.74855],[-122.39294,37.74855],[-122.39294,37.74854],[-122.39295,37.74854],[-122.39295,37.74854],[-122.39295,37.74854],[-122.39295,37.74854],[-122.39296,37.74854],[-122.39296,37.74854],[-122.39296,37.74854],[-122.39296,37.74854],[-122.39297,37.74854],[-122.39297,37.74854],[-122.39297,37.74853],[-122.39297,37.74853],[-122.39298,37.74853],[-122.39298,37.74853],[-122.39298,37.74853],[-122.39298,37.74853],[-122.39298,37.74853],[-122.39299,37.74853],[-122.39299,37.74852],[-122.39299,37.74852],[-122.39299,37.74852],[-122.39299,37.74852],[-122.393,37.74852],[-122.393,37.74852],[-122.393,37.74852],[-122.393,37.74851],[-122.393,37.74851],[-122.39301,37.74851],[-122.39301,37.74851],[-122.39301,37.74851],[-122.39301,37.74851],[-122.39301,37.74851],[-122.39301,37.7485],[-122.39302,37.7485],[-122.39302,37.7485],[-122.39302,37.7485],[-122.39302,37.7485],[-122.39302,37.74849],[-122.39302,37.74849],[-122.39303,37.74849],[-122.39303,37.74849],[-122.39303,37.74849],[-122.39303,37.74849],[-122.39303,37.74848],[-122.39303,37.74848],[-122.39303,37.74848],[-122.39303,37.74848],[-122.39304,37.74848],[-122.39304,37.74847],[-122.39304,37.74847],[-122.39304,37.74847],[-122.39304,37.74847],[-122.39304,37.74847],[-122.39304,37.74846],[-122.39304,37.74846],[-122.39304,37.74846],[-122.39304,37.74846],[-122.39304,37.74846],[-122.39304,37.74845],[-122.39304,37.74845],[-122.39304,37.74845],[-122.39305,37.74845],[-122.39305,37.74844],[-122.39305,37.74844],[-122.39305,37.74844],[-122.39305,37.74844],[-122.39305,37.74844],[-122.39305,37.74843],[-122.39305,37.74843],[-122.39305,37.74843],[-122.39305,37.74843],[-122.39305,37.74843],[-122.39305,37.74842],[-122.39305,37.74828],[-122.39308,37.74813],[-122.39298,37.74759],[-122.39291,37.74754],[-122.39291,37.74744],[-122.39285,37.74744],[-122.39281,37.74745],[-122.39277,37.74746],[-122.39274,37.74744],[-122.39271,37.74744],[-122.39262,37.74743],[-122.39262,37.74743],[-122.39262,37.74743],[-122.39261,37.74743],[-122.39261,37.74743],[-122.39261,37.74743],[-122.39261,37.74743],[-122.39261,37.74743],[-122.39261,37.74743],[-122.3926,37.74743],[-122.3926,37.74743],[-122.3926,37.74743],[-122.3926,37.74743],[-122.3926,37.74743],[-122.3926,37.74743],[-122.3926,37.74743],[-122.39259,37.74743],[-122.39259,37.74743],[-122.39259,37.74743],[-122.39259,37.74743],[-122.39259,37.74743],[-122.39259,37.74743],[-122.39258,37.74743],[-122.39258,37.74743],[-122.39258,37.74743],[-122.39258,37.74743],[-122.39258,37.74743],[-122.39258,37.74743],[-122.39257,37.74743],[-122.39257,37.74743],[-122.39257,37.74743],[-122.39257,37.74742],[-122.39257,37.74742],[-122.39257,37.74742],[-122.39256,37.74742],[-122.39256,37.74742],[-122.39256,37.74742],[-122.39256,37.74742],[-122.39256,37.74742],[-122.39256,37.74742],[-122.39256,37.74742],[-122.39255,37.74742],[-122.39255,37.74742],[-122.39255,37.74742],[-122.39255,37.74742],[-122.39255,37.74742],[-122.39255,37.74741],[-122.39255,37.74741],[-122.39255,37.74741],[-122.39254,37.74741],[-122.39254,37.74741],[-122.39254,37.74741],[-122.39254,37.74741],[-122.39254,37.74741],[-122.39254,37.74741],[-122.39254,37.74741],[-122.39254,37.74741],[-122.39253,37.74741],[-122.39253,37.7474],[-122.39253,37.7474],[-122.39253,37.7474],[-122.39253,37.7474],[-122.39253,37.7474],[-122.39253,37.7474],[-122.39253,37.7474],[-122.39253,37.7474],[-122.39253,37.7474],[-122.39252,37.74739],[-122.39252,37.74739],[-122.39252,37.74739],[-122.39252,37.74739],[-122.39252,37.74739],[-122.39252,37.74739],[-122.39252,37.74739],[-122.39252,37.74739],[-122.39252,37.74739],[-122.39252,37.74738],[-122.39252,37.74738],[-122.39252,37.74738],[-122.39252,37.74738],[-122.39252,37.74738],[-122.39237,37.74729],[-122.39231,37.74722],[-122.39156,37.74701],[-122.39152,37.74711],[-122.39155,37.74712],[-122.39154,37.74714],[-122.39163,37.74717],[-122.39161,37.74723],[-122.39129,37.74714],[-122.3913,37.74708],[-122.3914,37.74711],[-122.39141,37.74708],[-122.39145,37.74709],[-122.3915,37.74697],[-122.39084,37.74679],[-122.39069,37.74675],[-122.39058,37.74671],[-122.39049,37.74669],[-122.38917,37.74677],[-122.38901,37.74681],[-122.38886,37.74684],[-122.3888,37.74683],[-122.38875,37.74685],[-122.38865,37.74686],[-122.38857,37.74689],[-122.3885,37.74691],[-122.38843,37.7469],[-122.3884,37.74692],[-122.38837,37.74692],[-122.38821,37.74695],[-122.3882,37.74698],[-122.38812,37.74699],[-122.38812,37.74695],[-122.38791,37.74695],[-122.38791,37.74695],[-122.3879,37.74695],[-122.3879,37.74695],[-122.3879,37.74695],[-122.3879,37.74695],[-122.3879,37.74695],[-122.3879,37.74695],[-122.3879,37.74695],[-122.3879,37.74695],[-122.3879,37.74695],[-122.3879,37.74695],[-122.3879,37.74695],[-122.38789,37.74695],[-122.38789,37.74695],[-122.38789,37.74695],[-122.38789,37.74695],[-122.38789,37.74695],[-122.38789,37.74695],[-122.38789,37.74695],[-122.38789,37.74695],[-122.38789,37.74695],[-122.38789,37.74695],[-122.38789,37.74695],[-122.38788,37.74694],[-122.38788,37.74694],[-122.38788,37.74694],[-122.38788,37.74694],[-122.38788,37.74694],[-122.38788,37.74694],[-122.38788,37.74694],[-122.38788,37.74694],[-122.38788,37.74694],[-122.38788,37.74694],[-122.38788,37.74694],[-122.38787,37.74694],[-122.38787,37.74694],[-122.38787,37.74694],[-122.38787,37.74694],[-122.38787,37.74694],[-122.38787,37.74694],[-122.38787,37.74694],[-122.38787,37.74694],[-122.38787,37.74694],[-122.38787,37.74694],[-122.38787,37.74694],[-122.38787,37.74694],[-122.38786,37.74694],[-122.38786,37.74694],[-122.38786,37.74694],[-122.38786,37.74694],[-122.38786,37.74694],[-122.38786,37.74694],[-122.38786,37.74694],[-122.38786,37.74693],[-122.38786,37.74693],[-122.38786,37.74693],[-122.38786,37.74693],[-122.38786,37.74693],[-122.38786,37.74693],[-122.38786,37.74693],[-122.38786,37.74693],[-122.38785,37.74693],[-122.38785,37.74693],[-122.38785,37.74693],[-122.38785,37.74693],[-122.38785,37.74693],[-122.38785,37.74693],[-122.38785,37.74693],[-122.38785,37.74693],[-122.38785,37.74693],[-122.38785,37.74692],[-122.3877,37.74694],[-122.3876,37.74697],[-122.38759,37.74703],[-122.38755,37.74703],[-122.38755,37.74703],[-122.38755,37.74703],[-122.38755,37.74703],[-122.38755,37.74703],[-122.38755,37.74704],[-122.38755,37.74704],[-122.38755,37.74704],[-122.38755,37.74704],[-122.38755,37.74704],[-122.38755,37.74704],[-122.38755,37.74704],[-122.38755,37.74704],[-122.38755,37.74705],[-122.38755,37.74705],[-122.38755,37.74705],[-122.38754,37.74705],[-122.38754,37.74705],[-122.38754,37.74705],[-122.38754,37.74705],[-122.38754,37.74705],[-122.38754,37.74706],[-122.38754,37.74706],[-122.38754,37.74706],[-122.38754,37.74706],[-122.38754,37.74706],[-122.38754,37.74706],[-122.38753,37.74706],[-122.38753,37.74706],[-122.38753,37.74706],[-122.38753,37.74707],[-122.38753,37.74707],[-122.38753,37.74707],[-122.38753,37.74707],[-122.38753,37.74707],[-122.38753,37.74707],[-122.38752,37.74707],[-122.38752,37.74707],[-122.38752,37.74707],[-122.38752,37.74707],[-122.38752,37.74707],[-122.38752,37.74708],[-122.38752,37.74708],[-122.38751,37.74708],[-122.38751,37.74708],[-122.38751,37.74708],[-122.38751,37.74708],[-122.38751,37.74708],[-122.38751,37.74708],[-122.38751,37.74708],[-122.3875,37.74708],[-122.3875,37.74708],[-122.3875,37.74708],[-122.3875,37.74708],[-122.3875,37.74709],[-122.3875,37.74709],[-122.3875,37.74709],[-122.38749,37.74709],[-122.38749,37.74709],[-122.38749,37.74709],[-122.38749,37.74709],[-122.38749,37.74709],[-122.38749,37.74709],[-122.38748,37.74709],[-122.38748,37.74709],[-122.38748,37.74709],[-122.38748,37.74709],[-122.38746,37.7471],[-122.38711,37.74711],[-122.3871,37.74711],[-122.38709,37.74711],[-122.38709,37.74711],[-122.38709,37.74711],[-122.38709,37.74711],[-122.38709,37.74711],[-122.38708,37.74711],[-122.38708,37.74711],[-122.38708,37.74711],[-122.38708,37.74711],[-122.38708,37.74711],[-122.38708,37.74711],[-122.38708,37.74711],[-122.38708,37.74711],[-122.38707,37.74711],[-122.38707,37.74711],[-122.38707,37.74711],[-122.38707,37.74711],[-122.38707,37.74711],[-122.38707,37.74711],[-122.38707,37.74711],[-122.38707,37.74711],[-122.38706,37.74711],[-122.38706,37.74711],[-122.38706,37.7471],[-122.38706,37.7471],[-122.38706,37.7471],[-122.38706,37.7471],[-122.38706,37.7471],[-122.38706,37.7471],[-122.38706,37.7471],[-122.38705,37.7471],[-122.38705,37.7471],[-122.38705,37.7471],[-122.38705,37.7471],[-122.38705,37.7471],[-122.38705,37.7471],[-122.38705,37.7471],[-122.38705,37.7471],[-122.38705,37.7471],[-122.38704,37.7471],[-122.38704,37.7471],[-122.38704,37.7471],[-122.38704,37.74709],[-122.38704,37.74709],[-122.38704,37.74709],[-122.38704,37.74709],[-122.38704,37.74709],[-122.38704,37.74709],[-122.38704,37.74709],[-122.38704,37.74709],[-122.38704,37.74709],[-122.38703,37.74709],[-122.38703,37.74709],[-122.38703,37.74709],[-122.38703,37.74709],[-122.38703,37.74708],[-122.38703,37.74708],[-122.38703,37.74708],[-122.38703,37.74708],[-122.38703,37.74708],[-122.38703,37.74708],[-122.38703,37.74708],[-122.38703,37.74708],[-122.38703,37.74708],[-122.38703,37.74708],[-122.38703,37.74708],[-122.38702,37.74708],[-122.38702,37.74707],[-122.38702,37.74707],[-122.38702,37.74707],[-122.38702,37.74707],[-122.38702,37.74707],[-122.38702,37.74707],[-122.38702,37.74707],[-122.38702,37.74707],[-122.38702,37.74707],[-122.38702,37.74707],[-122.38702,37.74706],[-122.38702,37.74706],[-122.38702,37.74706],[-122.38702,37.74706],[-122.38702,37.74706],[-122.38702,37.74706],[-122.38702,37.74706],[-122.38702,37.74706],[-122.38702,37.74706],[-122.38702,37.74706],[-122.38702,37.74705],[-122.38701,37.74691],[-122.38592,37.74698],[-122.38277,37.74715],[-122.38271,37.74716],[-122.38264,37.74716],[-122.38202,37.74706],[-122.37966,37.74721],[-122.37961,37.74698],[-122.37956,37.74699],[-122.37953,37.74699],[-122.37951,37.747],[-122.37948,37.747],[-122.37946,37.74701],[-122.37943,37.74701],[-122.37941,37.74701],[-122.37938,37.74701],[-122.37936,37.74702],[-122.37933,37.74702],[-122.37931,37.74702],[-122.37928,37.74702],[-122.37926,37.74702],[-122.37923,37.74702],[-122.37915,37.74702],[-122.37907,37.74702],[-122.379,37.74702],[-122.37893,37.74703],[-122.37885,37.74703],[-122.37878,37.74704],[-122.37871,37.74704],[-122.37863,37.74705],[-122.37856,37.74706],[-122.37849,37.74706],[-122.37841,37.74707],[-122.37834,37.74709],[-122.37827,37.7471],[-122.3782,37.74711],[-122.37813,37.74712],[-122.3777,37.74714],[-122.37745,37.74715],[-122.3772,37.74715],[-122.37695,37.74715],[-122.3767,37.74715],[-122.37663,37.74715],[-122.37659,37.74715],[-122.37654,37.74716],[-122.3765,37.74716],[-122.37645,37.74716],[-122.37641,37.74716],[-122.37636,37.74716],[-122.37632,37.74716],[-122.37627,37.74716],[-122.37623,37.74715],[-122.37618,37.74715],[-122.37614,37.74715],[-122.37609,37.74714],[-122.37605,37.74714],[-122.376,37.74713],[-122.37596,37.74713],[-122.37591,37.74712],[-122.37587,37.74711],[-122.37583,37.74711],[-122.37578,37.7471],[-122.37574,37.74709],[-122.37569,37.74708],[-122.37565,37.74707],[-122.37561,37.74706],[-122.37556,37.74705],[-122.37552,37.74704],[-122.37548,37.74702],[-122.37547,37.74702],[-122.37545,37.74701],[-122.37543,37.747],[-122.37541,37.747],[-122.37539,37.74699],[-122.37537,37.74698],[-122.37535,37.74697],[-122.37534,37.74696],[-122.37532,37.74696],[-122.3753,37.74695],[-122.37528,37.74694],[-122.37527,37.74693],[-122.37525,37.74692],[-122.37523,37.74691],[-122.37522,37.7469],[-122.3752,37.74689],[-122.37518,37.74688],[-122.37517,37.74687],[-122.37515,37.74686],[-122.37514,37.74685],[-122.37512,37.74684],[-122.37511,37.74682],[-122.37509,37.74681],[-122.37508,37.7468],[-122.37506,37.74679],[-122.37505,37.74678],[-122.37504,37.74676],[-122.37502,37.74675],[-122.37501,37.74674],[-122.375,37.74672],[-122.37499,37.74671],[-122.37497,37.7467],[-122.37496,37.74668],[-122.37495,37.74667],[-122.37494,37.74666],[-122.37493,37.74664],[-122.37492,37.74663],[-122.37491,37.74661],[-122.3749,37.7466],[-122.37489,37.74659],[-122.37488,37.74657],[-122.37487,37.74656],[-122.37486,37.74654],[-122.37485,37.74653],[-122.37485,37.74652],[-122.37485,37.74652],[-122.37484,37.74652],[-122.37484,37.74652],[-122.37484,37.74652],[-122.37483,37.74651],[-122.37483,37.74651],[-122.37483,37.74651],[-122.37483,37.74651],[-122.37482,37.74651],[-122.37482,37.7465],[-122.37482,37.7465],[-122.37482,37.7465],[-122.37482,37.7465],[-122.37481,37.7465],[-122.37481,37.74649],[-122.37481,37.74649],[-122.37481,37.74649],[-122.3748,37.74649],[-122.3748,37.74648],[-122.3748,37.74648],[-122.3748,37.74648],[-122.3748,37.74648],[-122.3748,37.74647],[-122.37479,37.74647],[-122.37479,37.74647],[-122.37479,37.74647],[-122.37479,37.74646],[-122.37479,37.74646],[-122.37479,37.74646],[-122.37478,37.74646],[-122.37478,37.74645],[-122.37478,37.74645],[-122.37478,37.74645],[-122.37478,37.74645],[-122.37478,37.74644],[-122.37478,37.74644],[-122.37478,37.74644],[-122.37478,37.74644],[-122.37477,37.74643],[-122.37477,37.74643],[-122.37477,37.74643],[-122.37477,37.74642],[-122.37477,37.74642],[-122.37477,37.74642],[-122.37477,37.74642],[-122.37477,37.74641],[-122.37477,37.74641],[-122.37477,37.74641],[-122.37477,37.74641],[-122.37477,37.7464],[-122.37477,37.7464],[-122.37477,37.7464],[-122.37477,37.74639],[-122.37477,37.74639],[-122.37477,37.74639],[-122.37477,37.74639],[-122.37477,37.74638],[-122.37477,37.74638],[-122.37477,37.74638],[-122.37477,37.74637],[-122.37477,37.74637],[-122.37477,37.74637],[-122.37477,37.74637],[-122.37477,37.74636],[-122.37477,37.74636],[-122.37477,37.74636],[-122.37478,37.74635],[-122.37478,37.74635],[-122.37478,37.74635],[-122.37478,37.74635],[-122.37478,37.74634],[-122.37478,37.74634],[-122.37478,37.74634],[-122.37478,37.74634],[-122.37478,37.74633],[-122.37479,37.74633],[-122.37479,37.74633],[-122.37479,37.74633],[-122.37479,37.74632],[-122.37479,37.74632],[-122.37479,37.74632],[-122.37492,37.7459],[-122.37492,37.7459],[-122.37492,37.74589],[-122.37492,37.74589],[-122.37492,37.74589],[-122.37492,37.74589],[-122.37493,37.74589],[-122.37493,37.74589],[-122.37493,37.74589],[-122.37493,37.74588],[-122.37493,37.74588],[-122.37493,37.74588],[-122.37493,37.74588],[-122.37494,37.74588],[-122.37494,37.74588],[-122.37494,37.74587],[-122.37494,37.74587],[-122.37494,37.74587],[-122.37494,37.74587],[-122.37494,37.74587],[-122.37494,37.74587],[-122.37494,37.74586],[-122.37495,37.74586],[-122.37495,37.74586],[-122.37495,37.74586],[-122.37495,37.74586],[-122.37495,37.74586],[-122.37495,37.74585],[-122.37495,37.74585],[-122.37495,37.74585],[-122.37495,37.74585],[-122.37495,37.74585],[-122.37495,37.74584],[-122.37495,37.74584],[-122.37495,37.74584],[-122.37495,37.74584],[-122.37495,37.74584],[-122.37495,37.74583],[-122.37495,37.74583],[-122.37495,37.74583],[-122.37495,37.74583],[-122.37496,37.74583],[-122.37496,37.74583],[-122.37496,37.74582],[-122.37496,37.74582],[-122.37496,37.74582],[-122.37496,37.74582],[-122.37496,37.74582],[-122.37495,37.74581],[-122.37495,37.74581],[-122.37495,37.74581],[-122.37495,37.74581],[-122.37495,37.74581],[-122.37495,37.7458],[-122.37495,37.7458],[-122.37495,37.7458],[-122.37495,37.7458],[-122.37495,37.7458],[-122.37495,37.7458],[-122.37495,37.74579],[-122.37495,37.74579],[-122.37495,37.74579],[-122.37495,37.74579],[-122.37495,37.74579],[-122.37495,37.74578],[-122.37495,37.74578],[-122.37495,37.74578],[-122.37494,37.74578],[-122.37494,37.74578],[-122.37494,37.74578],[-122.37494,37.74577],[-122.37494,37.74577],[-122.37494,37.74577],[-122.37494,37.74577],[-122.37494,37.74577],[-122.37494,37.74577],[-122.37493,37.74576],[-122.37493,37.74576],[-122.37493,37.74576],[-122.37493,37.74576],[-122.37493,37.74576],[-122.37493,37.74576],[-122.37493,37.74575],[-122.37492,37.74575],[-122.37417,37.74501],[-122.37417,37.74501],[-122.37416,37.74501],[-122.37416,37.74501],[-122.37416,37.745],[-122.37416,37.745],[-122.37416,37.745],[-122.37415,37.745],[-122.37415,37.745],[-122.37415,37.74499],[-122.37415,37.74499],[-122.37415,37.74499],[-122.37414,37.74499],[-122.37414,37.74499],[-122.37414,37.74499],[-122.37414,37.74498],[-122.37413,37.74498],[-122.37413,37.74498],[-122.37413,37.74498],[-122.37413,37.74498],[-122.37412,37.74498],[-122.37412,37.74497],[-122.37412,37.74497],[-122.37412,37.74497],[-122.37412,37.74497],[-122.37411,37.74497],[-122.37411,37.74497],[-122.37411,37.74497],[-122.3741,37.74497],[-122.3741,37.74497],[-122.3741,37.74496],[-122.3741,37.74496],[-122.37409,37.74496],[-122.37409,37.74496],[-122.37409,37.74496],[-122.37409,37.74496],[-122.37409,37.74496],[-122.37408,37.74496],[-122.37408,37.74496],[-122.37408,37.74496],[-122.37407,37.74496],[-122.37407,37.74496],[-122.37407,37.74496],[-122.37407,37.74495],[-122.37406,37.74495],[-122.37406,37.74495],[-122.37406,37.74495],[-122.37405,37.74495],[-122.37405,37.74495],[-122.37405,37.74495],[-122.37404,37.74495],[-122.37404,37.74495],[-122.37404,37.74495],[-122.37403,37.74495],[-122.37403,37.74495],[-122.37403,37.74495],[-122.37403,37.74495],[-122.37402,37.74495],[-122.37402,37.74495],[-122.37402,37.74495],[-122.37402,37.74495],[-122.37401,37.74495],[-122.37401,37.74495],[-122.37401,37.74495],[-122.374,37.74495],[-122.374,37.74495],[-122.374,37.74495],[-122.374,37.74495],[-122.37399,37.74495],[-122.37399,37.74495],[-122.37399,37.74495],[-122.37398,37.74495],[-122.37398,37.74495],[-122.37398,37.74495],[-122.37397,37.74495],[-122.37397,37.74495],[-122.37397,37.74495],[-122.37396,37.74496],[-122.37396,37.74496],[-122.37396,37.74496],[-122.37396,37.74496],[-122.37396,37.74496],[-122.37395,37.74496],[-122.37395,37.74496],[-122.37395,37.74496],[-122.37395,37.74496],[-122.37394,37.74496],[-122.37394,37.74496],[-122.37394,37.74496],[-122.37393,37.74496],[-122.37393,37.74497],[-122.37393,37.74497],[-122.37393,37.74497],[-122.37392,37.74497],[-122.37392,37.74497],[-122.37392,37.74497],[-122.37391,37.74497],[-122.37391,37.74498],[-122.37391,37.74498],[-122.37391,37.74498],[-122.37391,37.74498],[-122.37391,37.74498],[-122.3739,37.74498],[-122.3739,37.74498],[-122.3739,37.74498],[-122.3739,37.74498],[-122.37389,37.74499],[-122.37389,37.74499],[-122.37389,37.74499],[-122.37389,37.74499],[-122.37388,37.74499],[-122.37388,37.745],[-122.37388,37.745],[-122.37388,37.745],[-122.37388,37.745],[-122.37387,37.745],[-122.37387,37.74501],[-122.37387,37.74501],[-122.37387,37.74501],[-122.37387,37.74501],[-122.37386,37.74501],[-122.37386,37.74502],[-122.37386,37.74502],[-122.37386,37.74502],[-122.37386,37.74502],[-122.37386,37.74502],[-122.37385,37.74503],[-122.37385,37.74503],[-122.37385,37.74503],[-122.37385,37.74503],[-122.37385,37.74504],[-122.37385,37.74504],[-122.37385,37.74504],[-122.37384,37.74504],[-122.37384,37.74505],[-122.37384,37.74505],[-122.37385,37.74509],[-122.37384,37.7451],[-122.37345,37.74532],[-122.37344,37.74532],[-122.37344,37.74533],[-122.37343,37.74533],[-122.37343,37.74533],[-122.37336,37.74537],[-122.37328,37.7454],[-122.37327,37.7454],[-122.37327,37.7454],[-122.37317,37.74542],[-122.37308,37.74541],[-122.37307,37.74541],[-122.37307,37.74541],[-122.37299,37.7454],[-122.37299,37.7454],[-122.37298,37.74539],[-122.37298,37.74539],[-122.37296,37.74539],[-122.37276,37.74551],[-122.37072,37.74337],[-122.36908,37.74164],[-122.36763,37.74013],[-122.36777,37.74005],[-122.36787,37.73999],[-122.36808,37.73998],[-122.36829,37.73998],[-122.36828,37.7399],[-122.36827,37.73983],[-122.3702,37.73972],[-122.37122,37.73967],[-122.37123,37.73967],[-122.37125,37.73966],[-122.37126,37.73974],[-122.37126,37.73979],[-122.37126,37.73979],[-122.37341,37.73966],[-122.37341,37.73966],[-122.37341,37.73966],[-122.37341,37.73966],[-122.37342,37.73963],[-122.37345,37.73962],[-122.37345,37.73962],[-122.37347,37.73962],[-122.37347,37.73962],[-122.37347,37.73962],[-122.37347,37.73962],[-122.37347,37.73962],[-122.37347,37.73962],[-122.37347,37.73962],[-122.37347,37.73962],[-122.37347,37.73962],[-122.37348,37.73962],[-122.3735,37.73961],[-122.37361,37.73959],[-122.37366,37.73958],[-122.37367,37.73958],[-122.37369,37.73958],[-122.37372,37.73958],[-122.37374,37.73958],[-122.37377,37.73958],[-122.37379,37.73957],[-122.37382,37.73957],[-122.37384,37.73957],[-122.37387,37.73957],[-122.37389,37.73957],[-122.37392,37.73957],[-122.37392,37.73957],[-122.37392,37.73957],[-122.37392,37.73957],[-122.37392,37.73957],[-122.37393,37.73957],[-122.37393,37.73957],[-122.37393,37.73957],[-122.37393,37.73957],[-122.37393,37.73957],[-122.37393,37.73957],[-122.37394,37.73957],[-122.37394,37.73957],[-122.37394,37.73957],[-122.37394,37.73957],[-122.37394,37.73957],[-122.37394,37.73957],[-122.37395,37.73957],[-122.37395,37.73957],[-122.37395,37.73957],[-122.37395,37.73957],[-122.37395,37.73957],[-122.37395,37.73957],[-122.37395,37.73957],[-122.37396,37.73957],[-122.37396,37.73957],[-122.37396,37.73957],[-122.37396,37.73956],[-122.37396,37.73956],[-122.37396,37.73956],[-122.37396,37.73956],[-122.37397,37.73956],[-122.37397,37.73956],[-122.37397,37.73956],[-122.37397,37.73956],[-122.37397,37.73956],[-122.37397,37.73956],[-122.37397,37.73956],[-122.37398,37.73956],[-122.37398,37.73956],[-122.37398,37.73956],[-122.37398,37.73956],[-122.37398,37.73955],[-122.37398,37.73955],[-122.37398,37.73955],[-122.37398,37.73955],[-122.37399,37.73955],[-122.37399,37.73955],[-122.37399,37.73955],[-122.37399,37.73955],[-122.37399,37.73955],[-122.37399,37.73955],[-122.37399,37.73955],[-122.37399,37.73954],[-122.37399,37.73954],[-122.37399,37.73954],[-122.374,37.73954],[-122.374,37.73954],[-122.374,37.73954],[-122.374,37.73954],[-122.374,37.73954],[-122.374,37.73954],[-122.374,37.73953],[-122.374,37.73953],[-122.374,37.73953],[-122.374,37.73953],[-122.374,37.73953],[-122.374,37.73953],[-122.374,37.73953],[-122.374,37.73953],[-122.37401,37.73953],[-122.37401,37.73953],[-122.37401,37.73953],[-122.37401,37.73952],[-122.37401,37.73952],[-122.37401,37.73952],[-122.37401,37.73952],[-122.37401,37.73952],[-122.37401,37.73952],[-122.37401,37.73952],[-122.37401,37.73952],[-122.37401,37.73951],[-122.37401,37.73951],[-122.37401,37.73951],[-122.37401,37.73951],[-122.37401,37.73951],[-122.37401,37.73951],[-122.37401,37.73951],[-122.37401,37.7395],[-122.37401,37.7395],[-122.37401,37.7395],[-122.37401,37.7395],[-122.37401,37.7395],[-122.37401,37.7395],[-122.37401,37.7395],[-122.37401,37.7395],[-122.37401,37.73949],[-122.37401,37.73949],[-122.37401,37.73949],[-122.37401,37.73949],[-122.37401,37.73949],[-122.37401,37.73949],[-122.37401,37.73949],[-122.37401,37.73949],[-122.37401,37.73948],[-122.37401,37.73948],[-122.37401,37.73948],[-122.37401,37.73948],[-122.37401,37.73948],[-122.37401,37.73948],[-122.37401,37.73948],[-122.37401,37.73948],[-122.37401,37.73947],[-122.37401,37.73947],[-122.37401,37.73947],[-122.37401,37.73947],[-122.374,37.73947],[-122.374,37.73947],[-122.374,37.73947],[-122.374,37.73947],[-122.374,37.73947],[-122.374,37.73946],[-122.374,37.73946],[-122.374,37.73946],[-122.374,37.73946],[-122.37399,37.73945],[-122.37396,37.73942],[-122.3739,37.73936],[-122.3739,37.73935],[-122.3739,37.73935],[-122.37382,37.73924],[-122.37381,37.73923],[-122.37381,37.73922],[-122.37375,37.73909],[-122.37374,37.73908],[-122.37374,37.73908],[-122.37373,37.73905],[-122.37372,37.73903],[-122.37372,37.73901],[-122.37371,37.73899],[-122.3737,37.73897],[-122.37369,37.73896],[-122.37369,37.73896],[-122.37369,37.73895],[-122.37368,37.73894],[-122.37367,37.73892],[-122.37366,37.73891],[-122.37365,37.73889],[-122.37364,37.73887],[-122.37364,37.73886],[-122.37363,37.73885],[-122.37363,37.73885],[-122.37362,37.73884],[-122.37361,37.73882],[-122.3736,37.7388],[-122.37359,37.73879],[-122.37357,37.73877],[-122.37356,37.73876],[-122.37355,37.73874],[-122.37355,37.73874],[-122.37354,37.73874],[-122.37353,37.73873],[-122.37352,37.73871],[-122.37351,37.7387],[-122.37349,37.73868],[-122.37348,37.73867],[-122.37346,37.73865],[-122.37344,37.73864],[-122.37343,37.73863],[-122.37343,37.73862],[-122.37342,37.73862],[-122.37341,37.73861],[-122.3734,37.7386],[-122.37338,37.73858],[-122.37336,37.73857],[-122.37334,37.73856],[-122.37333,37.73854],[-122.37331,37.73853],[-122.37329,37.73852],[-122.37327,37.73851],[-122.37325,37.7385],[-122.37323,37.73848],[-122.37322,37.73847],[-122.3732,37.73846],[-122.37318,37.73845],[-122.37316,37.73844],[-122.37314,37.73843],[-122.37312,37.73842],[-122.3731,37.73841],[-122.37307,37.7384],[-122.37305,37.7384],[-122.37303,37.73839],[-122.37301,37.73838],[-122.37299,37.73837],[-122.37297,37.73836],[-122.37295,37.73836],[-122.37293,37.73835],[-122.37292,37.73835],[-122.37292,37.73835],[-122.3729,37.73834],[-122.37288,37.73834],[-122.37286,37.73833],[-122.37283,37.73832],[-122.37281,37.73832],[-122.37279,37.73831],[-122.37277,37.73831],[-122.37274,37.7383],[-122.37272,37.7383],[-122.3727,37.73829],[-122.37267,37.73829],[-122.37265,37.73829],[-122.37263,37.73829],[-122.37261,37.73828],[-122.3726,37.73828],[-122.37259,37.73828],[-122.37258,37.73828],[-122.37256,37.73828],[-122.37253,37.73828],[-122.37251,37.73828],[-122.37248,37.73827],[-122.37246,37.73827],[-122.37245,37.73827],[-122.37244,37.73827],[-122.37242,37.73827],[-122.37241,37.73827],[-122.37239,37.73827],[-122.37237,37.73827],[-122.37236,37.73827],[-122.37234,37.73827],[-122.37175,37.73823],[-122.37142,37.7382],[-122.37134,37.73819],[-122.37129,37.73818],[-122.37125,37.73818],[-122.37122,37.73818],[-122.3712,37.73818],[-122.37119,37.73818],[-122.37116,37.73817],[-122.37112,37.73817],[-122.37107,37.73817],[-122.37103,37.73817],[-122.371,37.73817],[-122.37098,37.73817],[-122.37097,37.73817],[-122.37094,37.73817],[-122.37089,37.73817],[-122.37085,37.73818],[-122.37081,37.73818],[-122.37076,37.73818],[-122.37072,37.73818],[-122.37067,37.73819],[-122.37063,37.73819],[-122.3706,37.7382],[-122.37059,37.7382],[-122.37057,37.73819],[-122.37054,37.73815],[-122.3704,37.7382],[-122.37032,37.7382],[-122.37024,37.7382],[-122.37019,37.7382],[-122.37016,37.73821],[-122.37014,37.73821],[-122.37008,37.73821],[-122.37,37.73821],[-122.36992,37.73822],[-122.36984,37.73822],[-122.36976,37.73823],[-122.36968,37.73824],[-122.36962,37.73825],[-122.3696,37.73825],[-122.36948,37.73827],[-122.36948,37.73827],[-122.36947,37.73827],[-122.36934,37.73827],[-122.36934,37.73827],[-122.36934,37.73827],[-122.36921,37.73827],[-122.36915,37.73826],[-122.36907,37.73826],[-122.36899,37.73825],[-122.36899,37.73825],[-122.36899,37.73825],[-122.36891,37.73825],[-122.36883,37.73825],[-122.36874,37.73825],[-122.36866,37.73825],[-122.36858,37.73825],[-122.36849,37.73825],[-122.36842,37.73825],[-122.36841,37.73825],[-122.3684,37.73825],[-122.36833,37.73826],[-122.36825,37.73827],[-122.36816,37.73827],[-122.36808,37.73828],[-122.3678,37.73831],[-122.36752,37.73834],[-122.36751,37.73834],[-122.36751,37.73834],[-122.36751,37.73834],[-122.36751,37.73834],[-122.3675,37.73834],[-122.3675,37.73834],[-122.3675,37.73834],[-122.36746,37.73833],[-122.36746,37.73833],[-122.36746,37.73833],[-122.36742,37.7383],[-122.36742,37.7383],[-122.36742,37.7383],[-122.3674,37.73826],[-122.36739,37.73823],[-122.36739,37.73822],[-122.36739,37.73822],[-122.3674,37.73819],[-122.36747,37.73814],[-122.36748,37.73814],[-122.36748,37.73814],[-122.36755,37.7381],[-122.36755,37.7381],[-122.36756,37.7381],[-122.36765,37.73807],[-122.36765,37.73807],[-122.36766,37.73807],[-122.36769,37.73807],[-122.3679,37.73803],[-122.36792,37.73802],[-122.36795,37.73802],[-122.36812,37.73799],[-122.36815,37.73799],[-122.36818,37.73799],[-122.36837,37.73797],[-122.36839,37.73797],[-122.36845,37.73796],[-122.36849,37.73796],[-122.3685,37.73796],[-122.36851,37.73796],[-122.36853,37.73796],[-122.36854,37.73795],[-122.36856,37.73795],[-122.36858,37.73795],[-122.36859,37.73795],[-122.36861,37.73794],[-122.36862,37.73794],[-122.36864,37.73794],[-122.36866,37.73793],[-122.36867,37.73793],[-122.36869,37.73793],[-122.3687,37.73792],[-122.36872,37.73792],[-122.36873,37.73791],[-122.36875,37.73791],[-122.36877,37.7379],[-122.36878,37.7379],[-122.3688,37.73789],[-122.36881,37.73789],[-122.36883,37.73788],[-122.36884,37.73787],[-122.36885,37.73787],[-122.36887,37.73786],[-122.36888,37.73786],[-122.3689,37.73785],[-122.36891,37.73784],[-122.36893,37.73783],[-122.36894,37.73783],[-122.36895,37.73782],[-122.36895,37.73782],[-122.36898,37.73779],[-122.36898,37.73779],[-122.36898,37.73779],[-122.36902,37.73777],[-122.36902,37.73777],[-122.36902,37.73777],[-122.36902,37.73777],[-122.36902,37.73777],[-122.36907,37.73776],[-122.36907,37.73776],[-122.36907,37.73776],[-122.36911,37.73777],[-122.36911,37.73777],[-122.36911,37.73777],[-122.36916,37.73777],[-122.36919,37.73776],[-122.36922,37.73776],[-122.36925,37.73776],[-122.36927,37.73776],[-122.36928,37.73776],[-122.36929,37.73776],[-122.36931,37.73775],[-122.36934,37.73775],[-122.36937,37.73775],[-122.36939,37.73774],[-122.36942,37.73774],[-122.36945,37.73773],[-122.36948,37.73773],[-122.36948,37.73773],[-122.36948,37.73773],[-122.36951,37.73772],[-122.36954,37.73771],[-122.36956,37.73771],[-122.36959,37.7377],[-122.36962,37.73769],[-122.36965,37.73768],[-122.36968,37.73768],[-122.3697,37.73767],[-122.36973,37.73766],[-122.36976,37.73765],[-122.36978,37.73764],[-122.36981,37.73763],[-122.36981,37.73763],[-122.36981,37.73763],[-122.36984,37.73762],[-122.36986,37.73761],[-122.36987,37.7376],[-122.36987,37.7376],[-122.36987,37.7376],[-122.36993,37.73757],[-122.36994,37.73757],[-122.36994,37.73757],[-122.37,37.73755],[-122.37,37.73755],[-122.37001,37.73755],[-122.37001,37.73755],[-122.37002,37.73755],[-122.37002,37.73755],[-122.37006,37.73755],[-122.37008,37.73754],[-122.3701,37.73754],[-122.37012,37.73754],[-122.37014,37.73753],[-122.37016,37.73753],[-122.37018,37.73752],[-122.3702,37.73752],[-122.37021,37.73752],[-122.37023,37.73751],[-122.37025,37.73751],[-122.37027,37.7375],[-122.37029,37.7375],[-122.3703,37.73749],[-122.37031,37.73749],[-122.37032,37.73749],[-122.37032,37.73748],[-122.37034,37.73748],[-122.37036,37.73747],[-122.37038,37.73746],[-122.3704,37.73746],[-122.37041,37.73745],[-122.37042,37.73744],[-122.37043,37.73744],[-122.37044,37.73744],[-122.37045,37.73743],[-122.37046,37.73743],[-122.37048,37.73742],[-122.3705,37.73741],[-122.37051,37.7374],[-122.37052,37.7374],[-122.37052,37.7374],[-122.37052,37.7374],[-122.37052,37.7374],[-122.37055,37.73737],[-122.37055,37.73737],[-122.37055,37.73737],[-122.37059,37.73736],[-122.37059,37.73736],[-122.37059,37.73736],[-122.37063,37.73737],[-122.37064,37.73737],[-122.37064,37.73737],[-122.37064,37.73737],[-122.37065,37.73737],[-122.37065,37.73737],[-122.37065,37.73737],[-122.37066,37.73738],[-122.37066,37.73738],[-122.37067,37.73738],[-122.37067,37.73738],[-122.37067,37.73738],[-122.37068,37.73738],[-122.37068,37.73738],[-122.37069,37.73738],[-122.37069,37.73738],[-122.3707,37.73738],[-122.3707,37.73738],[-122.3707,37.73738],[-122.37071,37.73738],[-122.37071,37.73738],[-122.37072,37.73738],[-122.37072,37.73738],[-122.37073,37.73738],[-122.37073,37.73738],[-122.37073,37.73738],[-122.37074,37.73738],[-122.37074,37.73738],[-122.37075,37.73737],[-122.37075,37.73737],[-122.37075,37.73737],[-122.37076,37.73737],[-122.37076,37.73737],[-122.37076,37.73737],[-122.37077,37.73737],[-122.37077,37.73737],[-122.37077,37.73737],[-122.37078,37.73737],[-122.37078,37.73737],[-122.37078,37.73737],[-122.37079,37.73737],[-122.37079,37.73736],[-122.3708,37.73736],[-122.3708,37.73736],[-122.3708,37.73736],[-122.37081,37.73736],[-122.37081,37.73736],[-122.37081,37.73736],[-122.37082,37.73735],[-122.37082,37.73735],[-122.37083,37.73735],[-122.37083,37.73735],[-122.37083,37.73735],[-122.37083,37.73735],[-122.37083,37.73735],[-122.37084,37.73735],[-122.37084,37.73734],[-122.37084,37.73734],[-122.37085,37.73734],[-122.37085,37.73734],[-122.37085,37.73734],[-122.37086,37.73733],[-122.37086,37.73733],[-122.37086,37.73733],[-122.37087,37.73733],[-122.37087,37.73732],[-122.37087,37.73732],[-122.37088,37.73732],[-122.37088,37.73732],[-122.37088,37.73731],[-122.37088,37.73731],[-122.37088,37.73731],[-122.37089,37.73731],[-122.37089,37.73731],[-122.37089,37.7373],[-122.37089,37.7373],[-122.3709,37.7373],[-122.3709,37.7373],[-122.3709,37.73729],[-122.37096,37.73722],[-122.37097,37.73722],[-122.37104,37.73716],[-122.37104,37.73716],[-122.37104,37.73716],[-122.37112,37.73712],[-122.37112,37.73712],[-122.37113,37.73711],[-122.37122,37.73708],[-122.3713,37.73706],[-122.37135,37.73706],[-122.37135,37.73706],[-122.37138,37.73708],[-122.37138,37.73708],[-122.37138,37.73708],[-122.37137,37.73706],[-122.37138,37.73706],[-122.37139,37.73706],[-122.3714,37.73706],[-122.37141,37.73707],[-122.37142,37.73707],[-122.37143,37.73707],[-122.37145,37.73707],[-122.37146,37.73707],[-122.37147,37.73708],[-122.37148,37.73708],[-122.37149,37.73708],[-122.37149,37.73708],[-122.3715,37.73708],[-122.37151,37.73708],[-122.37152,37.73708],[-122.37153,37.73708],[-122.37154,37.73708],[-122.37155,37.73708],[-122.37157,37.73708],[-122.37158,37.73708],[-122.37159,37.73708],[-122.3716,37.73708],[-122.37161,37.73708],[-122.37162,37.73708],[-122.37162,37.73708],[-122.37163,37.73708],[-122.37164,37.73708],[-122.37165,37.73708],[-122.37166,37.73708],[-122.37168,37.73707],[-122.37169,37.73707],[-122.3717,37.73707],[-122.37171,37.73707],[-122.37173,37.73707],[-122.37174,37.73707],[-122.37174,37.73707],[-122.37174,37.73706],[-122.37175,37.73706],[-122.37176,37.73706],[-122.37177,37.73706],[-122.37178,37.73705],[-122.37179,37.73705],[-122.37186,37.73704],[-122.37193,37.73703],[-122.37199,37.73704],[-122.372,37.73704],[-122.372,37.73704],[-122.37205,37.73708],[-122.3721,37.73712],[-122.37213,37.73716],[-122.37213,37.73716],[-122.37214,37.73716],[-122.37215,37.73716],[-122.37215,37.73716],[-122.37216,37.73716],[-122.37217,37.73716],[-122.37217,37.73716],[-122.37218,37.73716],[-122.37219,37.73716],[-122.37219,37.73715],[-122.3722,37.73715],[-122.37221,37.73715],[-122.37222,37.73715],[-122.37222,37.73715],[-122.37222,37.73715],[-122.37222,37.73715],[-122.37223,37.73715],[-122.37224,37.73715],[-122.37224,37.73714],[-122.37225,37.73714],[-122.37226,37.73714],[-122.37226,37.73714],[-122.37227,37.73713],[-122.37227,37.73713],[-122.37228,37.73713],[-122.37228,37.73713],[-122.37228,37.73713],[-122.37228,37.73713],[-122.37228,37.73713],[-122.37228,37.73713],[-122.37229,37.73713],[-122.37229,37.73713],[-122.37229,37.73713],[-122.37229,37.73713],[-122.37229,37.73712],[-122.37229,37.73712],[-122.37229,37.73712],[-122.37229,37.73712],[-122.37229,37.73712],[-122.37229,37.73712],[-122.37229,37.73712],[-122.37229,37.73712],[-122.37229,37.73712],[-122.37229,37.73712],[-122.37229,37.73712],[-122.37229,37.73712],[-122.37229,37.73712],[-122.37229,37.73712],[-122.3723,37.73712],[-122.3723,37.73712],[-122.3723,37.73712],[-122.3723,37.73712],[-122.3723,37.73712],[-122.3723,37.73711],[-122.3723,37.73711],[-122.3723,37.73711],[-122.3723,37.73711],[-122.3723,37.73711],[-122.3723,37.73711],[-122.3723,37.73711],[-122.3723,37.73711],[-122.3723,37.73711],[-122.3723,37.73711],[-122.3723,37.73711],[-122.3723,37.73711],[-122.3723,37.73711],[-122.3723,37.73711],[-122.3723,37.73711],[-122.3723,37.73711],[-122.3723,37.73711],[-122.3723,37.7371],[-122.3723,37.7371],[-122.3723,37.7371],[-122.3723,37.7371],[-122.3723,37.7371],[-122.3723,37.7371],[-122.3723,37.7371],[-122.3723,37.7371],[-122.3723,37.7371],[-122.3723,37.7371],[-122.3723,37.7371],[-122.3723,37.7371],[-122.3723,37.7371],[-122.3723,37.7371],[-122.3723,37.7371],[-122.3723,37.7371],[-122.3723,37.73709],[-122.3723,37.73709],[-122.3723,37.73709],[-122.3723,37.73709],[-122.3723,37.73709],[-122.3723,37.73709],[-122.3723,37.73709],[-122.3723,37.73709],[-122.3723,37.73709],[-122.3723,37.73709],[-122.37231,37.73709],[-122.37251,37.73706],[-122.37273,37.73705],[-122.37274,37.73705],[-122.37278,37.73705],[-122.37278,37.73705],[-122.37292,37.73704],[-122.37306,37.73705],[-122.37319,37.73707],[-122.3732,37.73707],[-122.3732,37.73707],[-122.37333,37.7371],[-122.37345,37.73714],[-122.37346,37.73714],[-122.37347,37.73715],[-122.37354,37.73718],[-122.37358,37.73721],[-122.37378,37.73737],[-122.37394,37.7375],[-122.37395,37.73751],[-122.37397,37.73752],[-122.37413,37.73764],[-122.3743,37.73778],[-122.37431,37.73778],[-122.37431,37.73778],[-122.37432,37.73778],[-122.37432,37.73779],[-122.37432,37.73779],[-122.37432,37.73779],[-122.37432,37.73779],[-122.37433,37.73779],[-122.37433,37.73779],[-122.37433,37.73779],[-122.37434,37.73779],[-122.37434,37.7378],[-122.37434,37.7378],[-122.37435,37.7378],[-122.37435,37.7378],[-122.37435,37.7378],[-122.37436,37.7378],[-122.37436,37.73781],[-122.37436,37.73781],[-122.37437,37.73781],[-122.37437,37.73781],[-122.37438,37.73781],[-122.37438,37.73781],[-122.37438,37.73781],[-122.37438,37.73781],[-122.37438,37.73781],[-122.37439,37.73781],[-122.37439,37.73782],[-122.37439,37.73782],[-122.3744,37.73782],[-122.3744,37.73782],[-122.37441,37.73782],[-122.37441,37.73782],[-122.37441,37.73782],[-122.37442,37.73782],[-122.37442,37.73782],[-122.37443,37.73782],[-122.37443,37.73782],[-122.37443,37.73782],[-122.37444,37.73782],[-122.37444,37.73782],[-122.37445,37.73782],[-122.37445,37.73782],[-122.37446,37.73782],[-122.37446,37.73782],[-122.37446,37.73782],[-122.37447,37.73782],[-122.37447,37.73782],[-122.37448,37.73782],[-122.37448,37.73782],[-122.37448,37.73782],[-122.37449,37.73782],[-122.37449,37.73782],[-122.3745,37.73782],[-122.3745,37.73782],[-122.3745,37.73782],[-122.37453,37.73782],[-122.37478,37.73794],[-122.375,37.73805],[-122.375,37.73806],[-122.37505,37.73809],[-122.37508,37.73811],[-122.37511,37.73813],[-122.37514,37.73815],[-122.37517,37.73817],[-122.3752,37.73819],[-122.37523,37.7382],[-122.37527,37.73822],[-122.3753,37.73824],[-122.37533,37.73826],[-122.37537,37.73827],[-122.3754,37.73829],[-122.37543,37.7383],[-122.37543,37.7383],[-122.37544,37.73831],[-122.37547,37.73832],[-122.3755,37.73833],[-122.37554,37.73835],[-122.37557,37.73836],[-122.37561,37.73837],[-122.37564,37.73839],[-122.37568,37.7384],[-122.37572,37.73841],[-122.37575,37.73842],[-122.37579,37.73843],[-122.37583,37.73844],[-122.37587,37.73845],[-122.3759,37.73846],[-122.37594,37.73847],[-122.37598,37.73848],[-122.37599,37.73848],[-122.376,37.73848],[-122.37601,37.73848],[-122.37602,37.73848],[-122.37603,37.73848],[-122.37603,37.73848],[-122.37604,37.73848],[-122.37605,37.73848],[-122.37606,37.73848],[-122.37607,37.73848],[-122.37608,37.73848],[-122.37608,37.73848],[-122.37608,37.73847],[-122.37609,37.73847],[-122.37609,37.73847],[-122.3761,37.73847],[-122.37611,37.73847],[-122.37612,37.73847],[-122.37613,37.73847],[-122.37613,37.73847],[-122.37614,37.73847],[-122.37615,37.73846],[-122.37616,37.73846],[-122.37617,37.73846],[-122.37617,37.73846],[-122.37618,37.73846],[-122.37618,37.73846],[-122.37619,37.73845],[-122.37619,37.73845],[-122.3762,37.73845],[-122.37621,37.73845],[-122.37621,37.73845],[-122.37622,37.73844],[-122.37623,37.73844],[-122.37624,37.73844],[-122.37624,37.73843],[-122.37625,37.73843],[-122.37626,37.73843],[-122.37627,37.73842],[-122.37627,37.73842],[-122.37627,37.73842],[-122.37627,37.73842],[-122.37628,37.73842],[-122.37629,37.73841],[-122.37629,37.73841],[-122.3763,37.73841],[-122.37631,37.7384],[-122.37631,37.7384],[-122.37632,37.73839],[-122.37633,37.73839],[-122.37633,37.73839],[-122.37634,37.73838],[-122.37635,37.73838],[-122.37635,37.73837],[-122.37635,37.73837],[-122.37636,37.73837],[-122.37636,37.73837],[-122.37636,37.73836],[-122.37637,37.73836],[-122.37638,37.73835],[-122.37638,37.73835],[-122.37639,37.73834],[-122.37639,37.73834],[-122.3764,37.73833],[-122.3764,37.73833],[-122.37641,37.73832],[-122.37641,37.73832],[-122.37642,37.73831],[-122.37642,37.7383],[-122.37643,37.7383],[-122.37643,37.73829],[-122.37643,37.73829],[-122.37644,37.73828],[-122.37644,37.73828],[-122.37645,37.73827],[-122.37645,37.73826],[-122.37645,37.73826],[-122.37646,37.73825],[-122.37646,37.73825],[-122.37602,37.73799],[-122.37602,37.73799],[-122.37602,37.73799],[-122.37602,37.73799],[-122.37587,37.738],[-122.3757,37.738],[-122.37556,37.73799],[-122.37556,37.73799],[-122.37556,37.73799],[-122.37545,37.73796],[-122.37534,37.73793],[-122.37534,37.73792],[-122.37534,37.73792],[-122.37523,37.73787],[-122.37523,37.73787],[-122.37514,37.7378],[-122.37514,37.7378],[-122.37514,37.7378],[-122.37505,37.73772],[-122.375,37.73765],[-122.375,37.73765],[-122.37499,37.73764],[-122.37495,37.73756],[-122.37495,37.73756],[-122.37495,37.73756],[-122.37492,37.73746],[-122.37492,37.73745],[-122.37492,37.73745],[-122.37491,37.73743],[-122.37491,37.73742],[-122.3749,37.7374],[-122.37488,37.7373],[-122.37488,37.7372],[-122.3749,37.7371],[-122.37491,37.73709],[-122.37491,37.73709],[-122.37494,37.737],[-122.37494,37.737],[-122.37494,37.737],[-122.37499,37.73691],[-122.37505,37.73684],[-122.37505,37.73684],[-122.37505,37.73684],[-122.37505,37.73684],[-122.37503,37.7368],[-122.37503,37.7368],[-122.37503,37.7368],[-122.37503,37.73675],[-122.37503,37.73675],[-122.37503,37.73675],[-122.37505,37.7367],[-122.37505,37.7367],[-122.37505,37.7367],[-122.37505,37.7367],[-122.37507,37.73668],[-122.37507,37.73668],[-122.37508,37.73667],[-122.37508,37.73667],[-122.37509,37.73667],[-122.37509,37.73666],[-122.37509,37.73666],[-122.3751,37.73666],[-122.3751,37.73666],[-122.3751,37.73665],[-122.3751,37.73665],[-122.37511,37.73665],[-122.37511,37.73664],[-122.37511,37.73664],[-122.37512,37.73664],[-122.37512,37.73663],[-122.37512,37.73663],[-122.37512,37.73663],[-122.37512,37.73663],[-122.37512,37.73663],[-122.37513,37.73662],[-122.37513,37.73662],[-122.37513,37.73662],[-122.37513,37.73661],[-122.37514,37.73661],[-122.37514,37.73661],[-122.37514,37.7366],[-122.37514,37.7366],[-122.37514,37.73659],[-122.37515,37.73659],[-122.37515,37.73659],[-122.37515,37.73658],[-122.37515,37.73658],[-122.37515,37.73658],[-122.37515,37.73658],[-122.37515,37.73658],[-122.37515,37.73658],[-122.37515,37.73657],[-122.37516,37.73656],[-122.37516,37.73656],[-122.37516,37.73655],[-122.37516,37.73655],[-122.37516,37.73654],[-122.37516,37.73653],[-122.37516,37.73653],[-122.37517,37.73652],[-122.37517,37.73652],[-122.37517,37.73651],[-122.37517,37.73651],[-122.37517,37.7365],[-122.37517,37.7365],[-122.37517,37.7365],[-122.37517,37.73649],[-122.37517,37.73649],[-122.37517,37.73648],[-122.37517,37.73647],[-122.37517,37.73647],[-122.37517,37.73646],[-122.37517,37.73646],[-122.37517,37.73645],[-122.37517,37.73644],[-122.37517,37.73644],[-122.37516,37.73641],[-122.37522,37.7363],[-122.37522,37.7363],[-122.37522,37.7363],[-122.37524,37.73623],[-122.37549,37.73605],[-122.37556,37.736],[-122.37567,37.73588],[-122.3757,37.73586],[-122.37574,37.73583],[-122.37583,37.73582],[-122.3759,37.73584],[-122.37595,37.73584],[-122.37595,37.73584],[-122.37595,37.73584],[-122.37597,37.73582],[-122.37597,37.73582],[-122.37597,37.73582],[-122.37597,37.73577],[-122.37597,37.73577],[-122.37597,37.73577],[-122.3759,37.73565],[-122.3759,37.73565],[-122.37588,37.73563],[-122.37591,37.73557],[-122.37591,37.73556],[-122.37591,37.73556],[-122.37591,37.73556],[-122.3759,37.73553],[-122.37588,37.73553],[-122.37586,37.73552],[-122.37583,37.73549],[-122.37583,37.73549],[-122.37587,37.73548],[-122.37588,37.73547],[-122.37588,37.73547],[-122.37588,37.73547],[-122.37588,37.73547],[-122.37586,37.73546],[-122.37585,37.73545],[-122.37585,37.73545],[-122.37588,37.73544],[-122.3759,37.73542],[-122.3759,37.73542],[-122.3759,37.73542],[-122.3759,37.73542],[-122.37593,37.73538],[-122.37596,37.73531],[-122.37599,37.73524],[-122.37599,37.73524],[-122.376,37.7352],[-122.376,37.73519],[-122.376,37.73519],[-122.376,37.73519],[-122.37592,37.73509],[-122.37587,37.73505],[-122.37583,37.73509],[-122.37582,37.73509],[-122.37579,37.7351],[-122.37573,37.73512],[-122.37573,37.73512],[-122.37573,37.73512],[-122.37563,37.73521],[-122.3756,37.73522],[-122.37557,37.73524],[-122.37557,37.73524],[-122.37557,37.73524],[-122.37557,37.73524],[-122.37554,37.73528],[-122.3755,37.73533],[-122.37546,37.73536],[-122.37545,37.73536],[-122.37538,37.7354],[-122.37537,37.7354],[-122.37535,37.7354],[-122.37532,37.73539],[-122.37525,37.73538],[-122.37525,37.73538],[-122.3752,37.73535],[-122.37517,37.73533],[-122.37517,37.73532],[-122.37513,37.73529],[-122.3751,37.73528],[-122.37508,37.73526],[-122.37506,37.73522],[-122.37505,37.7352],[-122.37504,37.73516],[-122.37504,37.73516],[-122.37504,37.7351],[-122.37505,37.73507],[-122.37506,37.73504],[-122.37506,37.73504],[-122.37506,37.73504],[-122.37501,37.73503],[-122.37499,37.73503],[-122.37497,37.73503],[-122.37495,37.73502],[-122.37493,37.73501],[-122.37491,37.735],[-122.37491,37.735],[-122.37488,37.73498],[-122.37487,37.73495],[-122.37487,37.73492],[-122.37487,37.73491],[-122.37491,37.73482],[-122.37491,37.73481],[-122.37495,37.73474],[-122.37499,37.7347],[-122.37499,37.7347],[-122.37503,37.73468],[-122.37503,37.73468],[-122.37507,37.73465],[-122.37511,37.73463],[-122.37511,37.73461],[-122.37512,37.73459],[-122.37515,37.73456],[-122.37514,37.73454],[-122.37513,37.73452],[-122.37513,37.73452],[-122.37513,37.73452],[-122.37504,37.73445],[-122.37504,37.73445],[-122.37498,37.73443],[-122.37495,37.73442],[-122.37494,37.73442],[-122.37491,37.73443],[-122.37489,37.73442],[-122.37489,37.73441],[-122.37489,37.7344],[-122.37489,37.7344],[-122.37491,37.73436],[-122.37489,37.73431],[-122.37488,37.73428],[-122.37488,37.73428],[-122.37488,37.73428],[-122.37488,37.73424],[-122.37487,37.73421],[-122.37487,37.73421],[-122.37487,37.73417],[-122.37493,37.73407],[-122.37495,37.73401],[-122.37496,37.73395],[-122.37496,37.73393],[-122.37496,37.73389],[-122.37496,37.73389],[-122.37497,37.73388],[-122.37498,37.73386],[-122.37501,37.73384],[-122.37507,37.73384],[-122.37512,37.73383],[-122.37514,37.73382],[-122.37515,37.73382],[-122.37516,37.73381],[-122.37517,37.7338],[-122.37517,37.73376],[-122.37523,37.73362],[-122.37528,37.73356],[-122.37529,37.73355],[-122.37536,37.73343],[-122.37536,37.73342],[-122.37537,37.73338],[-122.37538,37.73338],[-122.37538,37.73338],[-122.37538,37.73338],[-122.37538,37.73331],[-122.3754,37.7333],[-122.37546,37.73323],[-122.37551,37.7332],[-122.37551,37.7332],[-122.37552,37.73317],[-122.37552,37.73314],[-122.37551,37.73311],[-122.37558,37.73302],[-122.37565,37.73293],[-122.37565,37.73293],[-122.37569,37.7329],[-122.37569,37.73288],[-122.37568,37.73288],[-122.37565,37.7329],[-122.37555,37.73283],[-122.37555,37.73283],[-122.37561,37.73276],[-122.37562,37.73275],[-122.37562,37.73275],[-122.37562,37.73275],[-122.3756,37.73274],[-122.37557,37.73272],[-122.37557,37.73272],[-122.37557,37.73272],[-122.37555,37.73273],[-122.37548,37.73278],[-122.3752,37.73296],[-122.37501,37.73278],[-122.37501,37.73277],[-122.37501,37.73277],[-122.37501,37.73277],[-122.37501,37.73277],[-122.37497,37.73275],[-122.37497,37.73275],[-122.37497,37.73275],[-122.37489,37.7328],[-122.37487,37.73278],[-122.37487,37.73277],[-122.37483,37.73279],[-122.37481,37.73276],[-122.37474,37.7328],[-122.37461,37.73288],[-122.37456,37.73282],[-122.3749,37.73261],[-122.37491,37.73261],[-122.37482,37.73253],[-122.37468,37.73264],[-122.37439,37.73254],[-122.37435,37.73254],[-122.37431,37.73255],[-122.37427,37.73256],[-122.37423,37.73258],[-122.37418,37.73259],[-122.37415,37.7326],[-122.37412,37.73262],[-122.37412,37.73262],[-122.37412,37.73262],[-122.37411,37.73266],[-122.374,37.73267],[-122.37391,37.73271],[-122.37391,37.73271],[-122.37389,37.73274],[-122.37388,37.73277],[-122.37388,37.73277],[-122.37384,37.73277],[-122.37379,37.73277],[-122.37376,37.7328],[-122.37375,37.73283],[-122.37375,37.73285],[-122.37373,37.73288],[-122.37372,37.73289],[-122.37369,37.73289],[-122.37364,37.73289],[-122.37361,37.7329],[-122.37357,37.73291],[-122.37351,37.73295],[-122.3735,37.73298],[-122.3735,37.73307],[-122.3735,37.73307],[-122.37348,37.73309],[-122.37344,37.73311],[-122.37341,37.7331],[-122.37341,37.7331],[-122.37341,37.7331],[-122.37341,37.7331],[-122.37339,37.73313],[-122.37337,37.73316],[-122.37333,37.73319],[-122.37329,37.7332],[-122.37327,37.73321],[-122.37325,37.73322],[-122.37323,37.73324],[-122.37322,37.73325],[-122.37318,37.73331],[-122.37313,37.73334],[-122.37306,37.73339],[-122.37303,37.73342],[-122.37299,37.73344],[-122.37298,37.73345],[-122.37295,37.73349],[-122.3729,37.73354],[-122.37286,37.7336],[-122.37284,37.73362],[-122.37279,37.73368],[-122.3727,37.73375],[-122.37266,37.73379],[-122.37266,37.73379],[-122.37257,37.7339],[-122.37256,37.73393],[-122.37255,37.73395],[-122.37252,37.734],[-122.37252,37.734],[-122.37247,37.73402],[-122.3724,37.73404],[-122.37239,37.73405],[-122.37234,37.73407],[-122.37232,37.7341],[-122.37226,37.73416],[-122.37223,37.7342],[-122.37223,37.7342],[-122.37213,37.73422],[-122.37207,37.73422],[-122.37202,37.73421],[-122.37201,37.73421],[-122.37198,37.7342],[-122.37197,37.7342],[-122.37192,37.73421],[-122.37191,37.73421],[-122.3719,37.73419],[-122.37189,37.73419],[-122.37186,37.73418],[-122.37185,37.73417],[-122.37182,37.73414],[-122.37178,37.73412],[-122.37176,37.7341],[-122.37176,37.7341],[-122.37176,37.7341],[-122.37176,37.7341],[-122.37172,37.73408],[-122.37166,37.73404],[-122.3716,37.73401],[-122.37159,37.73401],[-122.37152,37.73394],[-122.3715,37.73392],[-122.37145,37.73387],[-122.37141,37.73382],[-122.37141,37.73382],[-122.37137,37.73379],[-122.37134,37.73376],[-122.37133,37.73373],[-122.37131,37.7337],[-122.37127,37.73368],[-122.37125,37.73366],[-122.37122,37.73365],[-122.37118,37.73363],[-122.37115,37.73361],[-122.37114,37.7336],[-122.37113,37.73358],[-122.37112,37.73356],[-122.37111,37.73356],[-122.37107,37.73354],[-122.37104,37.73351],[-122.37101,37.73347],[-122.37101,37.73346],[-122.37101,37.73346],[-122.37101,37.73346],[-122.37095,37.73338],[-122.37091,37.73335],[-122.3709,37.73334],[-122.37088,37.7333],[-122.37086,37.73326],[-122.37086,37.73326],[-122.37084,37.73325],[-122.37081,37.73324],[-122.37079,37.73325],[-122.37076,37.73325],[-122.37075,37.73324],[-122.37074,37.73324],[-122.37074,37.73321],[-122.37074,37.73318],[-122.37073,37.73317],[-122.37072,37.73312],[-122.37071,37.73311],[-122.37071,37.73311],[-122.37071,37.73311],[-122.3706,37.73303],[-122.37051,37.73301],[-122.37044,37.73295],[-122.37039,37.73293],[-122.37027,37.73288],[-122.37023,37.73287],[-122.3702,37.73285],[-122.37008,37.73279],[-122.37005,37.73276],[-122.36999,37.73271],[-122.36996,37.73269],[-122.36993,37.73267],[-122.36989,37.73264],[-122.36985,37.73261],[-122.36982,37.73259],[-122.36977,37.73257],[-122.36966,37.73253],[-122.36959,37.73248],[-122.36954,37.73243],[-122.36952,37.73237],[-122.36952,37.7323],[-122.36953,37.73225],[-122.36951,37.7322],[-122.36946,37.73216],[-122.36946,37.73216],[-122.36944,37.73214],[-122.36941,37.73213],[-122.36939,37.73212],[-122.36937,37.73211],[-122.36935,37.73209],[-122.36933,37.73208],[-122.36931,37.73206],[-122.36929,37.73205],[-122.36927,37.73204],[-122.36925,37.73202],[-122.36921,37.73199],[-122.36921,37.73199],[-122.3692,37.73199],[-122.3692,37.73199],[-122.36919,37.73199],[-122.36919,37.732],[-122.36919,37.732],[-122.36918,37.732],[-122.36918,37.732],[-122.36917,37.732],[-122.36917,37.732],[-122.36917,37.732],[-122.36916,37.732],[-122.36916,37.732],[-122.36915,37.732],[-122.36915,37.732],[-122.36915,37.732],[-122.36914,37.732],[-122.36914,37.732],[-122.36913,37.732],[-122.36913,37.732],[-122.36913,37.732],[-122.36912,37.73199],[-122.36912,37.73199],[-122.36911,37.73199],[-122.36911,37.73199],[-122.36911,37.73199],[-122.3691,37.73199],[-122.3691,37.73199],[-122.36909,37.73199],[-122.36909,37.73199],[-122.36909,37.73199],[-122.36908,37.73199],[-122.36908,37.73199],[-122.36908,37.73199],[-122.36907,37.73198],[-122.36907,37.73198],[-122.36906,37.73198],[-122.36906,37.73198],[-122.36906,37.73198],[-122.36905,37.73198],[-122.36905,37.73198],[-122.36905,37.73197],[-122.36904,37.73197],[-122.36904,37.73197],[-122.36904,37.73197],[-122.36903,37.73197],[-122.36903,37.73197],[-122.36903,37.73196],[-122.36902,37.73196],[-122.36902,37.73196],[-122.36902,37.73196],[-122.36901,37.73196],[-122.36898,37.73199],[-122.369,37.73195],[-122.369,37.73195],[-122.36899,37.73195],[-122.36898,37.73195],[-122.36898,37.73194],[-122.36897,37.73194],[-122.36897,37.73194],[-122.36896,37.73194],[-122.36895,37.73194],[-122.36895,37.73194],[-122.36894,37.73194],[-122.36893,37.73194],[-122.36893,37.73193],[-122.36892,37.73193],[-122.36891,37.73193],[-122.36891,37.73193],[-122.3689,37.73193],[-122.36889,37.73193],[-122.36889,37.73193],[-122.36888,37.73193],[-122.36887,37.73193],[-122.36887,37.73193],[-122.36886,37.73193],[-122.36885,37.73193],[-122.36885,37.73193],[-122.36884,37.73193],[-122.36883,37.73193],[-122.36883,37.73193],[-122.36882,37.73193],[-122.36881,37.73193],[-122.36881,37.73193],[-122.3688,37.73193],[-122.36879,37.73193],[-122.36879,37.73194],[-122.36878,37.73194],[-122.36877,37.73194],[-122.36877,37.73194],[-122.36876,37.73194],[-122.36876,37.73194],[-122.36875,37.73194],[-122.36874,37.73194],[-122.36874,37.73195],[-122.36873,37.73195],[-122.36872,37.73195],[-122.36872,37.73195],[-122.36871,37.73195],[-122.36871,37.73196],[-122.3687,37.73196],[-122.36869,37.73196],[-122.36869,37.73196],[-122.36869,37.73197],[-122.36869,37.73197],[-122.36868,37.73197],[-122.36868,37.73197],[-122.36868,37.73197],[-122.36868,37.73198],[-122.36867,37.73198],[-122.36867,37.73198],[-122.36867,37.73198],[-122.36867,37.73199],[-122.36866,37.73199],[-122.36866,37.73199],[-122.36866,37.73199],[-122.36866,37.732],[-122.36866,37.732],[-122.36865,37.732],[-122.36865,37.73201],[-122.36865,37.73201],[-122.36865,37.73201],[-122.36865,37.73201],[-122.36864,37.73202],[-122.36864,37.73202],[-122.36864,37.73202],[-122.36864,37.73203],[-122.36864,37.73203],[-122.36864,37.73203],[-122.36864,37.73203],[-122.36864,37.73204],[-122.36863,37.73204],[-122.36863,37.73204],[-122.36863,37.73205],[-122.36863,37.73205],[-122.36863,37.73205],[-122.36863,37.73205],[-122.36863,37.73206],[-122.36863,37.73206],[-122.36863,37.73206],[-122.36863,37.73207],[-122.36863,37.73207],[-122.36863,37.73207],[-122.36863,37.73208],[-122.36863,37.73208],[-122.36863,37.73208],[-122.36863,37.73209],[-122.36863,37.73209],[-122.36863,37.73209],[-122.36863,37.7321],[-122.36863,37.7321],[-122.36863,37.7321],[-122.36863,37.7321],[-122.36863,37.73211],[-122.36863,37.73211],[-122.36863,37.73211],[-122.36863,37.73212],[-122.36863,37.73212],[-122.36863,37.73212],[-122.36863,37.73213],[-122.36863,37.73213],[-122.36863,37.73213],[-122.36863,37.73213],[-122.36863,37.73214],[-122.36863,37.73214],[-122.36864,37.73214],[-122.36864,37.73215],[-122.36864,37.73215],[-122.36864,37.73215],[-122.36864,37.73215],[-122.36864,37.73216],[-122.36864,37.73216],[-122.36864,37.73216],[-122.36864,37.73216],[-122.36864,37.73216],[-122.36864,37.73217],[-122.36864,37.73217],[-122.36864,37.73217],[-122.36864,37.73217],[-122.36864,37.73217],[-122.36864,37.73217],[-122.36864,37.73218],[-122.36864,37.73218],[-122.36864,37.73218],[-122.36864,37.73218],[-122.36864,37.73218],[-122.36864,37.73219],[-122.36864,37.73219],[-122.36864,37.73219],[-122.36864,37.73219],[-122.36864,37.73219],[-122.36864,37.73219],[-122.36864,37.7322],[-122.36864,37.7322],[-122.36864,37.7322],[-122.36864,37.7322],[-122.36864,37.7322],[-122.36864,37.73221],[-122.36864,37.73221],[-122.36864,37.73221],[-122.36864,37.73221],[-122.36864,37.73221],[-122.36864,37.73221],[-122.36864,37.73222],[-122.36864,37.73222],[-122.36863,37.73222],[-122.36863,37.73222],[-122.36863,37.73222],[-122.36863,37.73222],[-122.36863,37.73223],[-122.36863,37.73223],[-122.36863,37.73223],[-122.36863,37.73223],[-122.36863,37.73223],[-122.36863,37.73223],[-122.36862,37.73224],[-122.36862,37.73224],[-122.36862,37.73224],[-122.36862,37.73224],[-122.36862,37.73224],[-122.36862,37.73224],[-122.36862,37.73224],[-122.36862,37.73225],[-122.36861,37.73225],[-122.36861,37.73225],[-122.36861,37.73225],[-122.36861,37.73225],[-122.36861,37.73225],[-122.36861,37.73225],[-122.3686,37.73226],[-122.3686,37.73226],[-122.3686,37.73226],[-122.3686,37.73226],[-122.3686,37.73226],[-122.3686,37.73226],[-122.36859,37.73226],[-122.36859,37.73226],[-122.36859,37.73226],[-122.36859,37.73227],[-122.36859,37.73227],[-122.36858,37.73227],[-122.36858,37.73227],[-122.36858,37.73227],[-122.36858,37.73227],[-122.36858,37.73227],[-122.36857,37.73227],[-122.36857,37.73227],[-122.36857,37.73227],[-122.36857,37.73228],[-122.36857,37.73228],[-122.36856,37.73228],[-122.36856,37.73228],[-122.36856,37.73228],[-122.36856,37.73228],[-122.36856,37.73228],[-122.36855,37.73228],[-122.36855,37.73228],[-122.36855,37.73228],[-122.36855,37.73228],[-122.36854,37.73228],[-122.36854,37.73228],[-122.36854,37.73228],[-122.36854,37.73228],[-122.36854,37.73228],[-122.36853,37.73228],[-122.36853,37.73228],[-122.36853,37.73228],[-122.36853,37.73228],[-122.36852,37.73228],[-122.36852,37.73229],[-122.36852,37.73229],[-122.36852,37.73229],[-122.3685,37.73229],[-122.36849,37.73229],[-122.36847,37.73229],[-122.36846,37.73229],[-122.36845,37.73229],[-122.36843,37.73229],[-122.36842,37.73229],[-122.3684,37.73229],[-122.36839,37.73229],[-122.36837,37.73229],[-122.36836,37.73229],[-122.36834,37.73229],[-122.36833,37.73229],[-122.36832,37.73229],[-122.3683,37.73229],[-122.36829,37.73229],[-122.36827,37.73228],[-122.36826,37.73228],[-122.36824,37.73228],[-122.36823,37.73228],[-122.36822,37.73227],[-122.3682,37.73227],[-122.36819,37.73227],[-122.36817,37.73227],[-122.36816,37.73226],[-122.36814,37.73226],[-122.36811,37.73224],[-122.36809,37.73222],[-122.36806,37.7322],[-122.36803,37.73218],[-122.368,37.73217],[-122.36797,37.73215],[-122.36795,37.73213],[-122.36792,37.73212],[-122.36789,37.7321],[-122.36783,37.73207],[-122.36783,37.73207],[-122.36782,37.73206],[-122.36782,37.73206],[-122.36781,37.73205],[-122.36781,37.73205],[-122.3678,37.73205],[-122.3678,37.73204],[-122.36779,37.73204],[-122.36779,37.73203],[-122.36778,37.73203],[-122.36778,37.73203],[-122.36777,37.73202],[-122.36777,37.73202],[-122.36776,37.73202],[-122.36776,37.73201],[-122.36775,37.73201],[-122.36774,37.732],[-122.36774,37.732],[-122.36773,37.732],[-122.36773,37.732],[-122.36772,37.73199],[-122.36771,37.73199],[-122.36771,37.73199],[-122.3677,37.73198],[-122.36769,37.73198],[-122.36769,37.73198],[-122.36768,37.73198],[-122.36767,37.73197],[-122.36767,37.73197],[-122.36766,37.73197],[-122.36765,37.73197],[-122.36765,37.73197],[-122.36764,37.73196],[-122.36763,37.73196],[-122.36763,37.73196],[-122.36762,37.73196],[-122.36761,37.73196],[-122.36761,37.73195],[-122.3676,37.73195],[-122.36759,37.73195],[-122.36758,37.73195],[-122.36758,37.73195],[-122.36757,37.73195],[-122.36756,37.73195],[-122.36756,37.73195],[-122.36755,37.73195],[-122.36754,37.73195],[-122.36753,37.73195],[-122.36753,37.73195],[-122.36752,37.73195],[-122.36751,37.73195],[-122.3675,37.73195],[-122.3675,37.73195],[-122.36749,37.73195],[-122.36748,37.73195],[-122.36748,37.73195],[-122.36747,37.73195],[-122.36746,37.73195],[-122.36745,37.73195],[-122.36745,37.73195],[-122.36744,37.73195],[-122.36743,37.73195],[-122.36743,37.73195],[-122.36742,37.73195],[-122.36741,37.73195],[-122.3674,37.73195],[-122.3674,37.73196],[-122.36739,37.73196],[-122.36738,37.73196],[-122.36738,37.73196],[-122.36737,37.73196],[-122.36736,37.73196],[-122.36736,37.73197],[-122.36735,37.73197],[-122.36734,37.73197],[-122.36734,37.73197],[-122.36733,37.73198],[-122.36732,37.73198],[-122.36732,37.73198],[-122.36731,37.73198],[-122.3673,37.73199],[-122.3673,37.73199],[-122.36729,37.73199],[-122.36728,37.732],[-122.36727,37.73201],[-122.36726,37.73202],[-122.36725,37.73202],[-122.36725,37.73203],[-122.36724,37.73204],[-122.36723,37.73205],[-122.36722,37.73206],[-122.36721,37.73206],[-122.3672,37.73207],[-122.36719,37.73208],[-122.36718,37.73209],[-122.36717,37.73209],[-122.36716,37.7321],[-122.36715,37.73211],[-122.36714,37.73211],[-122.36713,37.73212],[-122.36712,37.73213],[-122.36711,37.73213],[-122.36709,37.73214],[-122.36709,37.73214],[-122.36708,37.73214],[-122.36708,37.73214],[-122.36707,37.73215],[-122.36707,37.73215],[-122.36707,37.73215],[-122.36706,37.73215],[-122.36706,37.73215],[-122.36705,37.73215],[-122.36705,37.73215],[-122.36704,37.73215],[-122.36704,37.73215],[-122.36703,37.73216],[-122.36703,37.73216],[-122.36702,37.73216],[-122.36702,37.73216],[-122.36702,37.73216],[-122.36701,37.73216],[-122.36701,37.73217],[-122.367,37.73217],[-122.367,37.73217],[-122.36699,37.73217],[-122.36699,37.73217],[-122.36699,37.73218],[-122.36698,37.73218],[-122.36698,37.73218],[-122.36697,37.73218],[-122.36697,37.73218],[-122.36697,37.73219],[-122.36696,37.73219],[-122.36696,37.73219],[-122.36695,37.73219],[-122.36695,37.7322],[-122.36695,37.7322],[-122.36694,37.7322],[-122.36694,37.73221],[-122.36694,37.73221],[-122.36693,37.73221],[-122.36693,37.73221],[-122.36693,37.73222],[-122.36692,37.73222],[-122.36692,37.73222],[-122.36692,37.73223],[-122.36691,37.73223],[-122.36691,37.73223],[-122.36693,37.7322],[-122.36691,37.73224],[-122.36691,37.73224],[-122.36691,37.73224],[-122.36691,37.73224],[-122.36691,37.73224],[-122.36691,37.73224],[-122.36691,37.73225],[-122.36691,37.73225],[-122.36691,37.73225],[-122.3669,37.73225],[-122.3669,37.73225],[-122.3669,37.73225],[-122.3669,37.73225],[-122.3669,37.73225],[-122.3669,37.73226],[-122.3669,37.73226],[-122.3669,37.73226],[-122.3669,37.73226],[-122.3669,37.73226],[-122.3669,37.73226],[-122.3669,37.73226],[-122.3669,37.73226],[-122.3669,37.73227],[-122.3669,37.73227],[-122.36689,37.73227],[-122.36689,37.73227],[-122.36689,37.73227],[-122.36689,37.73227],[-122.36689,37.73227],[-122.36689,37.73227],[-122.36689,37.73227],[-122.36689,37.73228],[-122.36689,37.73228],[-122.36689,37.73228],[-122.36688,37.73228],[-122.36688,37.73228],[-122.36688,37.73228],[-122.36688,37.73228],[-122.36688,37.73228],[-122.36688,37.73228],[-122.36688,37.73228],[-122.36688,37.73229],[-122.36688,37.73229],[-122.36687,37.73229],[-122.36687,37.73229],[-122.36687,37.73229],[-122.36687,37.73229],[-122.36687,37.73229],[-122.36687,37.73229],[-122.36687,37.73229],[-122.36686,37.73229],[-122.36686,37.73229],[-122.36686,37.73229],[-122.36686,37.73229],[-122.36686,37.7323],[-122.36686,37.7323],[-122.36686,37.7323],[-122.36685,37.7323],[-122.36685,37.7323],[-122.36685,37.7323],[-122.36685,37.7323],[-122.36685,37.7323],[-122.36685,37.7323],[-122.36685,37.7323],[-122.36684,37.7323],[-122.36684,37.7323],[-122.36684,37.7323],[-122.36684,37.7323],[-122.36684,37.7323],[-122.36684,37.7323],[-122.36683,37.7323],[-122.36683,37.7323],[-122.36683,37.7323],[-122.36683,37.7323],[-122.36683,37.7323],[-122.36683,37.7323],[-122.36682,37.7323],[-122.36682,37.7323],[-122.36682,37.7323],[-122.36682,37.7323],[-122.36682,37.7323],[-122.36682,37.7323],[-122.36681,37.7323],[-122.36681,37.7323],[-122.36681,37.7323],[-122.36681,37.7323],[-122.36681,37.7323],[-122.36681,37.7323],[-122.3668,37.7323],[-122.3668,37.7323],[-122.3668,37.7323],[-122.3668,37.7323],[-122.3668,37.7323],[-122.3668,37.7323],[-122.36679,37.7323],[-122.36679,37.7323],[-122.36679,37.7323],[-122.36679,37.7323],[-122.36679,37.7323],[-122.36679,37.7323],[-122.36678,37.7323],[-122.36678,37.7323],[-122.36678,37.7323],[-122.36678,37.7323],[-122.36678,37.7323],[-122.36678,37.7323],[-122.36677,37.7323],[-122.36677,37.7323],[-122.36677,37.7323],[-122.36677,37.7323],[-122.36677,37.7323],[-122.36677,37.7323],[-122.36677,37.73229],[-122.36676,37.73229],[-122.36676,37.73229],[-122.36676,37.73229],[-122.36676,37.73229],[-122.36676,37.73229],[-122.36676,37.73229],[-122.36676,37.73229],[-122.36675,37.73229],[-122.36668,37.73221],[-122.36583,37.73314],[-122.36586,37.7332],[-122.36533,37.73379],[-122.36533,37.73379],[-122.36533,37.7338],[-122.36533,37.7338],[-122.36532,37.7338],[-122.36532,37.7338],[-122.36532,37.7338],[-122.36532,37.7338],[-122.36532,37.7338],[-122.36532,37.7338],[-122.36532,37.7338],[-122.36531,37.7338],[-122.36531,37.7338],[-122.36531,37.7338],[-122.36531,37.7338],[-122.36531,37.7338],[-122.36531,37.7338],[-122.36531,37.7338],[-122.3653,37.7338],[-122.3653,37.7338],[-122.3653,37.7338],[-122.3653,37.7338],[-122.3653,37.7338],[-122.3653,37.7338],[-122.36529,37.7338],[-122.36529,37.7338],[-122.36529,37.7338],[-122.36529,37.7338],[-122.36529,37.73381],[-122.36529,37.73381],[-122.36529,37.73381],[-122.36528,37.73381],[-122.36528,37.73381],[-122.36528,37.73381],[-122.36528,37.73381],[-122.36528,37.73381],[-122.36528,37.73381],[-122.36527,37.73381],[-122.36527,37.73381],[-122.36527,37.7338],[-122.36527,37.7338],[-122.36527,37.7338],[-122.36527,37.7338],[-122.36527,37.7338],[-122.36526,37.7338],[-122.36526,37.7338],[-122.36526,37.7338],[-122.36526,37.7338],[-122.36526,37.7338],[-122.36526,37.7338],[-122.36525,37.7338],[-122.36525,37.7338],[-122.36525,37.7338],[-122.36525,37.7338],[-122.36525,37.7338],[-122.36525,37.7338],[-122.36525,37.7338],[-122.36524,37.7338],[-122.36524,37.7338],[-122.36524,37.7338],[-122.36524,37.7338],[-122.36524,37.7338],[-122.36524,37.7338],[-122.36524,37.7338],[-122.36523,37.7338],[-122.36523,37.73379],[-122.36523,37.73379],[-122.36523,37.73379],[-122.36523,37.73379],[-122.36523,37.73379],[-122.36523,37.73379],[-122.36523,37.73379],[-122.36522,37.73379],[-122.36522,37.73379],[-122.36522,37.73379],[-122.36522,37.73379],[-122.36522,37.73379],[-122.36522,37.73379],[-122.36522,37.73378],[-122.36522,37.73378],[-122.36522,37.73378],[-122.36521,37.73378],[-122.36521,37.73378],[-122.36521,37.73378],[-122.36521,37.73378],[-122.36521,37.73378],[-122.36521,37.73378],[-122.36521,37.73378],[-122.36521,37.73378],[-122.36521,37.73377],[-122.36521,37.73377],[-122.36521,37.73377],[-122.3652,37.73377],[-122.3652,37.73377],[-122.3652,37.73377],[-122.3652,37.73377],[-122.3652,37.73377],[-122.3652,37.73377],[-122.3652,37.73376],[-122.3652,37.73376],[-122.3652,37.73376],[-122.3652,37.73376],[-122.3652,37.73376],[-122.3652,37.73376],[-122.3652,37.73376],[-122.3652,37.73376],[-122.3652,37.73376],[-122.3652,37.73375],[-122.36519,37.73375],[-122.36519,37.73375],[-122.36519,37.73375],[-122.36519,37.73375],[-122.36519,37.73375],[-122.36519,37.73375],[-122.36519,37.73375],[-122.36519,37.73374],[-122.36519,37.73374],[-122.36519,37.73374],[-122.36519,37.73374],[-122.36519,37.73374],[-122.36519,37.73374],[-122.36519,37.73374],[-122.36519,37.73374],[-122.36519,37.73373],[-122.36519,37.73373],[-122.36519,37.73373],[-122.36519,37.73373],[-122.36654,37.73218],[-122.36646,37.73214],[-122.36631,37.73229],[-122.36623,37.73224],[-122.36556,37.73299],[-122.36545,37.73305],[-122.36533,37.733],[-122.36535,37.73289],[-122.36618,37.73199],[-122.36615,37.73197],[-122.36619,37.73192],[-122.366,37.73183],[-122.36516,37.73277],[-122.36501,37.73283],[-122.36494,37.73276],[-122.36497,37.73266],[-122.36578,37.73177],[-122.36581,37.73172],[-122.36565,37.73163],[-122.36483,37.73254],[-122.36473,37.73249],[-122.36511,37.73207],[-122.3637,37.73128],[-122.36299,37.73207],[-122.36288,37.73214],[-122.36262,37.73201],[-122.3634,37.73112],[-122.36285,37.7308],[-122.36206,37.73167],[-122.36178,37.73154],[-122.36246,37.73076],[-122.36257,37.73064],[-122.36198,37.73033],[-122.36209,37.73021],[-122.36191,37.73009],[-122.36189,37.73009],[-122.36188,37.73008],[-122.36186,37.73008],[-122.36185,37.73008],[-122.36183,37.73008],[-122.36182,37.73007],[-122.3618,37.73007],[-122.36179,37.73007],[-122.36177,37.73007],[-122.36176,37.73007],[-122.36174,37.73006],[-122.36172,37.73006],[-122.36171,37.73006],[-122.36169,37.73006],[-122.36168,37.73006],[-122.36166,37.73006],[-122.36165,37.73006],[-122.36163,37.73006],[-122.36162,37.73006],[-122.3616,37.73006],[-122.36159,37.73006],[-122.36157,37.73006],[-122.36155,37.73007],[-122.36154,37.73007],[-122.36152,37.73007],[-122.36151,37.73007],[-122.36149,37.73007],[-122.36148,37.73008],[-122.36147,37.73008],[-122.36145,37.73008],[-122.36144,37.73008],[-122.36143,37.73008],[-122.36142,37.73008],[-122.36141,37.73009],[-122.3614,37.73009],[-122.36139,37.73009],[-122.36138,37.73009],[-122.36137,37.73009],[-122.36136,37.73009],[-122.36134,37.73009],[-122.36133,37.73009],[-122.36132,37.73009],[-122.36131,37.73009],[-122.3613,37.73009],[-122.36129,37.73009],[-122.36128,37.73009],[-122.36127,37.73009],[-122.36126,37.73008],[-122.36124,37.73008],[-122.36123,37.73008],[-122.36122,37.73008],[-122.36121,37.73008],[-122.3612,37.73008],[-122.36119,37.73007],[-122.36118,37.73007],[-122.36117,37.73007],[-122.36116,37.73007],[-122.36115,37.73006],[-122.36114,37.73006],[-122.36113,37.73006],[-122.36112,37.73006],[-122.36111,37.73005],[-122.36109,37.73005],[-122.36108,37.73005],[-122.36107,37.73004],[-122.36106,37.73004],[-122.36105,37.73004],[-122.36104,37.73003],[-122.36103,37.73003],[-122.36102,37.73002],[-122.36102,37.73002],[-122.36101,37.73001],[-122.36099,37.73001],[-122.36088,37.72991],[-122.36075,37.72996],[-122.36075,37.72996],[-122.36076,37.72997],[-122.36076,37.72997],[-122.36076,37.72997],[-122.36076,37.72997],[-122.36077,37.72997],[-122.36077,37.72998],[-122.36077,37.72998],[-122.36078,37.72998],[-122.36078,37.72998],[-122.36078,37.72998],[-122.36078,37.72999],[-122.36078,37.72999],[-122.36079,37.72999],[-122.36079,37.72999],[-122.36079,37.72999],[-122.36079,37.73],[-122.3608,37.73],[-122.3608,37.73],[-122.3608,37.73],[-122.3608,37.73001],[-122.3608,37.73001],[-122.36081,37.73001],[-122.36081,37.73001],[-122.36081,37.73002],[-122.36081,37.73002],[-122.36081,37.73002],[-122.36081,37.73002],[-122.36082,37.73003],[-122.36082,37.73003],[-122.36082,37.73003],[-122.36082,37.73003],[-122.36082,37.73004],[-122.36082,37.73004],[-122.36082,37.73004],[-122.36083,37.73005],[-122.36083,37.73005],[-122.36083,37.73005],[-122.36083,37.73005],[-122.36083,37.73006],[-122.36083,37.73006],[-122.36083,37.73006],[-122.36083,37.73006],[-122.36083,37.73007],[-122.36083,37.73007],[-122.36083,37.73007],[-122.36083,37.73008],[-122.36083,37.73008],[-122.36083,37.73008],[-122.36083,37.73008],[-122.36083,37.73009],[-122.36084,37.73009],[-122.36084,37.73009],[-122.36084,37.7301],[-122.36084,37.7301],[-122.36084,37.7301],[-122.36083,37.7301],[-122.36083,37.73011],[-122.36083,37.73011],[-122.36083,37.73011],[-122.36083,37.73012],[-122.36083,37.73012],[-122.36083,37.73012],[-122.36083,37.73012],[-122.36083,37.73013],[-122.36083,37.73013],[-122.36083,37.73013],[-122.36083,37.73014],[-122.36083,37.73014],[-122.36083,37.73014],[-122.36083,37.73014],[-122.36082,37.73015],[-122.36082,37.73015],[-122.36082,37.73015],[-122.36082,37.73015],[-122.36082,37.73016],[-122.36082,37.73016],[-122.36082,37.73016],[-122.36082,37.73017],[-122.36081,37.73017],[-122.36081,37.73017],[-122.36081,37.73017],[-122.36081,37.73018],[-122.36081,37.73018],[-122.36081,37.73018],[-122.3608,37.73018],[-122.3608,37.73019],[-122.3608,37.73019],[-122.3608,37.73019],[-122.3608,37.73019],[-122.36079,37.73019],[-122.36079,37.7302],[-122.36079,37.7302],[-122.36079,37.7302],[-122.36078,37.7302],[-122.36078,37.73021],[-122.36078,37.73021],[-122.36078,37.73021],[-122.36077,37.73021],[-122.36077,37.73021],[-122.36077,37.73022],[-122.36077,37.73022],[-122.36076,37.73022],[-122.36076,37.73022],[-122.36076,37.73022],[-122.36076,37.73023],[-122.36075,37.73023],[-122.36075,37.73023],[-122.36075,37.73023],[-122.36074,37.73023],[-122.3607,37.73024],[-122.36067,37.73025],[-122.36063,37.73026],[-122.36059,37.73027],[-122.36055,37.73028],[-122.36051,37.73029],[-122.36047,37.73029],[-122.36043,37.7303],[-122.36039,37.73031],[-122.36035,37.73031],[-122.36031,37.73032],[-122.36027,37.73032],[-122.36023,37.73032],[-122.36019,37.73033],[-122.36015,37.73033],[-122.36011,37.73033],[-122.36007,37.73033],[-122.36003,37.73033],[-122.35999,37.73033],[-122.35995,37.73033],[-122.35991,37.73033],[-122.35985,37.73031],[-122.35924,37.73001],[-122.35879,37.72978],[-122.35896,37.72971],[-122.35884,37.72966],[-122.35897,37.72952],[-122.36142,37.72895],[-122.36189,37.72883],[-122.3619,37.72883],[-122.36191,37.72882],[-122.36192,37.72882],[-122.36194,37.72882],[-122.36195,37.72882],[-122.36196,37.72881],[-122.36197,37.72881],[-122.36198,37.72881],[-122.36199,37.7288],[-122.362,37.7288],[-122.36201,37.72879],[-122.36203,37.72879],[-122.36204,37.72879],[-122.36205,37.72878],[-122.36206,37.72878],[-122.36207,37.72877],[-122.36208,37.72877],[-122.36209,37.72876],[-122.3621,37.72876],[-122.36211,37.72875],[-122.36212,37.72875],[-122.36213,37.72874],[-122.36214,37.72873],[-122.36215,37.72873],[-122.36216,37.72872],[-122.36217,37.72872],[-122.36218,37.72871],[-122.36219,37.7287],[-122.36219,37.7287],[-122.3622,37.72869],[-122.36221,37.72868],[-122.36222,37.72868],[-122.36223,37.72867],[-122.36224,37.72866],[-122.36225,37.72865],[-122.36225,37.72865],[-122.36225,37.72865],[-122.36226,37.72865],[-122.36226,37.72864],[-122.36226,37.72864],[-122.36226,37.72864],[-122.36226,37.72864],[-122.36226,37.72864],[-122.36227,37.72864],[-122.36227,37.72864],[-122.36227,37.72863],[-122.36227,37.72863],[-122.36227,37.72863],[-122.36227,37.72863],[-122.36227,37.72863],[-122.36228,37.72863],[-122.36228,37.72862],[-122.36228,37.72862],[-122.36228,37.72862],[-122.36228,37.72862],[-122.36228,37.72862],[-122.36228,37.72861],[-122.36228,37.72861],[-122.36228,37.72861],[-122.36229,37.72861],[-122.36229,37.72861],[-122.36229,37.72861],[-122.36229,37.7286],[-122.36229,37.7286],[-122.36229,37.7286],[-122.36229,37.7286],[-122.36229,37.7286],[-122.36229,37.72859],[-122.36229,37.72859],[-122.36229,37.72859],[-122.36229,37.72859],[-122.36229,37.72859],[-122.36229,37.72858],[-122.36229,37.72858],[-122.36229,37.72858],[-122.36229,37.72858],[-122.36229,37.72858],[-122.36229,37.72857],[-122.3623,37.72857],[-122.3623,37.72857],[-122.3623,37.72857],[-122.3623,37.72857],[-122.3623,37.72856],[-122.3623,37.72856],[-122.36229,37.72856],[-122.36229,37.72856],[-122.36229,37.72856],[-122.36229,37.72855],[-122.36229,37.72855],[-122.36229,37.72855],[-122.36229,37.72855],[-122.36229,37.72855],[-122.36229,37.72855],[-122.36229,37.72854],[-122.36229,37.72854],[-122.36229,37.72854],[-122.36229,37.72854],[-122.36229,37.72854],[-122.36229,37.72853],[-122.36229,37.72853],[-122.36229,37.72853],[-122.36229,37.72853],[-122.36229,37.72853],[-122.36228,37.72852],[-122.36228,37.72852],[-122.36227,37.72852],[-122.36226,37.72851],[-122.36225,37.72851],[-122.36224,37.7285],[-122.36223,37.7285],[-122.36222,37.7285],[-122.36221,37.72849],[-122.3622,37.72849],[-122.36219,37.72848],[-122.36218,37.72848],[-122.36217,37.72848],[-122.36216,37.72847],[-122.36215,37.72847],[-122.36214,37.72847],[-122.36213,37.72847],[-122.36212,37.72846],[-122.36211,37.72846],[-122.3621,37.72846],[-122.36209,37.72846],[-122.36207,37.72845],[-122.36206,37.72845],[-122.36205,37.72845],[-122.36204,37.72845],[-122.36203,37.72845],[-122.36202,37.72845],[-122.36201,37.72845],[-122.362,37.72844],[-122.36199,37.72844],[-122.36197,37.72844],[-122.36196,37.72844],[-122.36195,37.72844],[-122.36194,37.72844],[-122.36193,37.72844],[-122.36192,37.72844],[-122.36191,37.72844],[-122.36189,37.72844],[-122.36188,37.72844],[-122.36187,37.72845],[-122.36186,37.72845],[-122.36185,37.72845],[-122.36183,37.72845],[-122.36145,37.72852],[-122.35925,37.72905],[-122.35887,37.72917],[-122.35773,37.72944],[-122.35748,37.72925],[-122.35788,37.72895],[-122.36002,37.72846],[-122.36003,37.72845],[-122.36004,37.72845],[-122.36005,37.72845],[-122.36006,37.72845],[-122.36007,37.72844],[-122.36008,37.72844],[-122.36009,37.72844],[-122.3601,37.72843],[-122.36011,37.72843],[-122.36012,37.72843],[-122.36013,37.72842],[-122.36014,37.72842],[-122.36015,37.72842],[-122.36016,37.72841],[-122.36017,37.72841],[-122.36018,37.7284],[-122.36019,37.7284],[-122.3602,37.7284],[-122.36021,37.72839],[-122.36021,37.72839],[-122.36022,37.72838],[-122.36023,37.72838],[-122.36024,37.72837],[-122.36025,37.72837],[-122.36026,37.72836],[-122.36027,37.72836],[-122.36027,37.72835],[-122.36028,37.72834],[-122.36029,37.72834],[-122.3603,37.72833],[-122.3603,37.72833],[-122.36031,37.72832],[-122.36032,37.72831],[-122.36033,37.72831],[-122.36033,37.7283],[-122.36034,37.7283],[-122.36035,37.72829],[-122.36035,37.72829],[-122.36035,37.72829],[-122.36035,37.72829],[-122.36036,37.72828],[-122.36036,37.72828],[-122.36036,37.72828],[-122.36036,37.72828],[-122.36036,37.72828],[-122.36036,37.72828],[-122.36036,37.72828],[-122.36037,37.72828],[-122.36037,37.72828],[-122.36037,37.72828],[-122.36037,37.72828],[-122.36037,37.72828],[-122.36037,37.72827],[-122.36037,37.72827],[-122.36038,37.72827],[-122.36038,37.72827],[-122.36038,37.72827],[-122.36038,37.72827],[-122.36038,37.72827],[-122.36038,37.72827],[-122.36038,37.72827],[-122.36038,37.72826],[-122.36039,37.72826],[-122.36039,37.72826],[-122.36039,37.72826],[-122.36039,37.72826],[-122.36039,37.72826],[-122.36039,37.72826],[-122.36039,37.72826],[-122.36039,37.72825],[-122.36039,37.72825],[-122.36039,37.72825],[-122.3604,37.72825],[-122.3604,37.72825],[-122.3604,37.72825],[-122.3604,37.72825],[-122.3604,37.72825],[-122.3604,37.72824],[-122.3604,37.72824],[-122.3604,37.72824],[-122.3604,37.72824],[-122.3604,37.72824],[-122.3604,37.72824],[-122.3604,37.72824],[-122.3604,37.72823],[-122.3604,37.72823],[-122.3604,37.72823],[-122.36041,37.72823],[-122.36041,37.72823],[-122.36041,37.72823],[-122.36041,37.72823],[-122.36041,37.72822],[-122.36041,37.72822],[-122.36041,37.72822],[-122.36041,37.72822],[-122.36041,37.72822],[-122.36041,37.72822],[-122.36041,37.72822],[-122.36041,37.72821],[-122.36041,37.72821],[-122.36041,37.72821],[-122.36041,37.72821],[-122.36041,37.72821],[-122.36041,37.72821],[-122.36041,37.72821],[-122.36041,37.7282],[-122.36041,37.7282],[-122.36041,37.7282],[-122.36041,37.7282],[-122.36041,37.7282],[-122.36041,37.7282],[-122.36041,37.7282],[-122.36041,37.72819],[-122.36041,37.72819],[-122.3604,37.72819],[-122.3604,37.72819],[-122.3604,37.72819],[-122.3604,37.72819],[-122.3604,37.72819],[-122.3604,37.72818],[-122.3604,37.72818],[-122.3604,37.72818],[-122.3604,37.72818],[-122.3604,37.72818],[-122.3604,37.72818],[-122.3604,37.72818],[-122.3604,37.72817],[-122.3604,37.72817],[-122.3604,37.72817],[-122.36039,37.72817],[-122.36039,37.72817],[-122.36039,37.72817],[-122.36039,37.72817],[-122.36039,37.72817],[-122.36039,37.72816],[-122.36039,37.72816],[-122.36039,37.72816],[-122.36039,37.72816],[-122.36037,37.72816],[-122.36036,37.72815],[-122.36034,37.72815],[-122.36032,37.72815],[-122.36031,37.72815],[-122.36029,37.72814],[-122.36028,37.72814],[-122.36026,37.72814],[-122.36025,37.72814],[-122.36023,37.72814],[-122.36022,37.72814],[-122.3602,37.72814],[-122.36018,37.72814],[-122.36017,37.72814],[-122.36015,37.72814],[-122.36014,37.72814],[-122.36012,37.72814],[-122.36011,37.72814],[-122.36009,37.72814],[-122.36008,37.72814],[-122.36006,37.72814],[-122.36004,37.72814],[-122.36003,37.72814],[-122.36001,37.72815],[-122.36,37.72815],[-122.35998,37.72815],[-122.35996,37.72815],[-122.35716,37.72883],[-122.35712,37.72866],[-122.35697,37.72871],[-122.3577,37.72628],[-122.35801,37.72604],[-122.36164,37.72522],[-122.36126,37.72417],[-122.35796,37.72494],[-122.35784,37.72462],[-122.36152,37.72377],[-122.36201,37.72406],[-122.36209,37.72399],[-122.36414,37.72525],[-122.3649,37.7257],[-122.3649,37.7257],[-122.36491,37.7257],[-122.36491,37.7257],[-122.36492,37.72571],[-122.36492,37.72571],[-122.36493,37.72571],[-122.36493,37.72571],[-122.36494,37.72571],[-122.36494,37.72571],[-122.36495,37.72571],[-122.36495,37.72572],[-122.36496,37.72572],[-122.36496,37.72572],[-122.36497,37.72572],[-122.36497,37.72572],[-122.36498,37.72572],[-122.36498,37.72572],[-122.36499,37.72572],[-122.36499,37.72572],[-122.365,37.72572],[-122.365,37.72572],[-122.36501,37.72572],[-122.36501,37.72572],[-122.36502,37.72572],[-122.36502,37.72572],[-122.36503,37.72572],[-122.36503,37.72573],[-122.36504,37.72573],[-122.36504,37.72573],[-122.36505,37.72572],[-122.36505,37.72572],[-122.36506,37.72572],[-122.36506,37.72572],[-122.36507,37.72572],[-122.36507,37.72572],[-122.36508,37.72572],[-122.36508,37.72572],[-122.36509,37.72572],[-122.36509,37.72572],[-122.3651,37.72572],[-122.3651,37.72572],[-122.36511,37.72572],[-122.36511,37.72572],[-122.36512,37.72572],[-122.36512,37.72572],[-122.36512,37.72571],[-122.36513,37.72571],[-122.36513,37.72571],[-122.36514,37.72571],[-122.36514,37.72571],[-122.36515,37.72571],[-122.36515,37.72571],[-122.36516,37.7257],[-122.36516,37.7257],[-122.36517,37.7257],[-122.36517,37.7257],[-122.36518,37.7257],[-122.36518,37.72569],[-122.36518,37.72569],[-122.36519,37.72569],[-122.36519,37.72569],[-122.3652,37.72569],[-122.3652,37.72568],[-122.36521,37.72568],[-122.36521,37.72568],[-122.36521,37.72568],[-122.36522,37.72567],[-122.36522,37.72567],[-122.36522,37.72567],[-122.36523,37.72567],[-122.36523,37.72566],[-122.36524,37.72566],[-122.36524,37.72566],[-122.36524,37.72566],[-122.36525,37.72565],[-122.36525,37.72565],[-122.36525,37.72565],[-122.36526,37.72564],[-122.36526,37.72564],[-122.36526,37.72564],[-122.36527,37.72563],[-122.36527,37.72563],[-122.36527,37.72563],[-122.36527,37.72562],[-122.36528,37.72562],[-122.36528,37.72562],[-122.36528,37.72561],[-122.36529,37.72561],[-122.36529,37.72561],[-122.36529,37.7256],[-122.36529,37.7256],[-122.3653,37.7256],[-122.3653,37.72559],[-122.3653,37.72559],[-122.3653,37.72559],[-122.3653,37.72558],[-122.36531,37.72558],[-122.36531,37.72557],[-122.36531,37.72557],[-122.36531,37.72557],[-122.36531,37.72556],[-122.36531,37.72556],[-122.36531,37.72556],[-122.36532,37.72555],[-122.36532,37.72555],[-122.36532,37.72554],[-122.36532,37.72554],[-122.36532,37.72554],[-122.36532,37.72553],[-122.36532,37.72553],[-122.36532,37.72552],[-122.36532,37.72552],[-122.36532,37.72552],[-122.36532,37.72551],[-122.36532,37.72551],[-122.36532,37.7255],[-122.36532,37.7255],[-122.36532,37.7255],[-122.36532,37.72549],[-122.36532,37.72549],[-122.36532,37.72548],[-122.36532,37.72548],[-122.36532,37.72548],[-122.36532,37.72547],[-122.36532,37.72547],[-122.36532,37.72546],[-122.36532,37.72546],[-122.36532,37.72546],[-122.36532,37.72545],[-122.36532,37.72545],[-122.36532,37.72544],[-122.36532,37.72544],[-122.36531,37.72544],[-122.36531,37.72543],[-122.36531,37.72543],[-122.36531,37.72543],[-122.36531,37.72542],[-122.36531,37.72542],[-122.36531,37.72541],[-122.3653,37.72541],[-122.3653,37.72541],[-122.3653,37.7254],[-122.3653,37.7254],[-122.3653,37.7254],[-122.36529,37.72539],[-122.36529,37.72539],[-122.36505,37.72523],[-122.36237,37.72368],[-122.36275,37.72326],[-122.35998,37.72163],[-122.36024,37.72136],[-122.363,37.72298],[-122.36381,37.7221],[-122.35922,37.71941],[-122.35919,37.7194],[-122.35919,37.7194],[-122.35919,37.7194],[-122.35918,37.7194],[-122.35918,37.7194],[-122.35918,37.71939],[-122.35918,37.71939],[-122.35918,37.71939],[-122.35917,37.71939],[-122.35917,37.71939],[-122.35917,37.71939],[-122.35917,37.71939],[-122.35917,37.71938],[-122.35916,37.71938],[-122.35916,37.71938],[-122.35916,37.71938],[-122.35916,37.71938],[-122.35916,37.71938],[-122.35916,37.71937],[-122.35915,37.71937],[-122.35915,37.71937],[-122.35915,37.71937],[-122.35915,37.71937],[-122.35915,37.71936],[-122.35915,37.71936],[-122.35915,37.71936],[-122.35915,37.71936],[-122.35914,37.71936],[-122.35914,37.71935],[-122.35914,37.71935],[-122.35914,37.71935],[-122.35914,37.71935],[-122.35914,37.71935],[-122.35914,37.71934],[-122.35914,37.71934],[-122.35914,37.71934],[-122.35914,37.71934],[-122.35913,37.71934],[-122.35913,37.71933],[-122.35913,37.71933],[-122.35913,37.71933],[-122.35913,37.71933],[-122.35913,37.71933],[-122.35913,37.71932],[-122.35913,37.71932],[-122.35913,37.71932],[-122.35913,37.71932],[-122.35913,37.71932],[-122.35913,37.71931],[-122.35913,37.71931],[-122.35913,37.71931],[-122.35913,37.71931],[-122.35913,37.7193],[-122.35913,37.7193],[-122.35913,37.7193],[-122.35913,37.7193],[-122.35913,37.7193],[-122.35913,37.71929],[-122.35913,37.71929],[-122.35913,37.71929],[-122.35913,37.71929],[-122.35913,37.71929],[-122.35913,37.71928],[-122.35913,37.71928],[-122.35913,37.71928],[-122.35913,37.71928],[-122.35913,37.71927],[-122.35913,37.71927],[-122.35913,37.71927],[-122.35914,37.71927],[-122.35914,37.71927],[-122.35914,37.71926],[-122.35914,37.71926],[-122.35914,37.71926],[-122.35914,37.71926],[-122.35914,37.71926],[-122.35914,37.71925],[-122.35914,37.71925],[-122.35914,37.71925],[-122.35914,37.71925],[-122.35915,37.71925],[-122.35915,37.71924],[-122.35915,37.71924],[-122.35915,37.71924],[-122.35915,37.71924],[-122.35915,37.71924],[-122.35915,37.71924],[-122.35916,37.71923],[-122.35916,37.71923],[-122.35916,37.71923],[-122.35981,37.71852],[-122.35982,37.71852],[-122.35982,37.71852],[-122.35982,37.71852],[-122.35982,37.71852],[-122.35982,37.71851],[-122.35982,37.71851],[-122.35983,37.71851],[-122.35983,37.71851],[-122.35983,37.71851],[-122.35983,37.71851],[-122.35983,37.7185],[-122.35984,37.7185],[-122.35984,37.7185],[-122.35984,37.7185],[-122.35984,37.7185],[-122.35984,37.7185],[-122.35985,37.7185],[-122.35985,37.7185],[-122.35985,37.71849],[-122.35985,37.71849],[-122.35986,37.71849],[-122.35986,37.71849],[-122.35986,37.71849],[-122.35986,37.71849],[-122.35987,37.71849],[-122.35987,37.71849],[-122.35987,37.71849],[-122.35987,37.71848],[-122.35987,37.71848],[-122.35988,37.71848],[-122.35988,37.71848],[-122.35988,37.71848],[-122.35988,37.71848],[-122.35989,37.71848],[-122.35989,37.71848],[-122.35989,37.71848],[-122.3599,37.71848],[-122.3599,37.71848],[-122.3599,37.71848],[-122.3599,37.71848],[-122.35991,37.71848],[-122.35991,37.71847],[-122.35991,37.71847],[-122.35991,37.71847],[-122.35992,37.71847],[-122.35992,37.71847],[-122.35992,37.71847],[-122.35992,37.71847],[-122.35993,37.71847],[-122.35993,37.71847],[-122.35993,37.71847],[-122.35994,37.71847],[-122.35994,37.71847],[-122.35994,37.71847],[-122.35994,37.71847],[-122.35995,37.71847],[-122.35995,37.71847],[-122.35995,37.71847],[-122.35995,37.71847],[-122.35996,37.71847],[-122.35996,37.71847],[-122.35996,37.71847],[-122.35996,37.71847],[-122.35997,37.71847],[-122.35997,37.71847],[-122.35997,37.71848],[-122.35998,37.71848],[-122.35998,37.71848],[-122.35998,37.71848],[-122.35998,37.71848],[-122.35999,37.71848],[-122.35999,37.71848],[-122.35999,37.71848],[-122.35999,37.71848],[-122.36,37.71848],[-122.36,37.71848],[-122.36,37.71848],[-122.36,37.71848],[-122.36001,37.71848],[-122.36001,37.71849],[-122.36001,37.71849],[-122.36001,37.71849],[-122.36002,37.71849],[-122.36002,37.71849],[-122.36002,37.71849],[-122.36002,37.71849],[-122.36003,37.71849],[-122.36003,37.71849],[-122.36003,37.7185],[-122.36003,37.7185],[-122.36271,37.72007],[-122.36304,37.71971],[-122.36304,37.7197],[-122.36304,37.7197],[-122.36304,37.7197],[-122.36304,37.7197],[-122.36304,37.7197],[-122.36304,37.7197],[-122.36305,37.7197],[-122.36305,37.7197],[-122.36305,37.7197],[-122.36305,37.71969],[-122.36305,37.71969],[-122.36305,37.71969],[-122.36306,37.71969],[-122.36306,37.71969],[-122.36306,37.71969],[-122.36306,37.71969],[-122.36306,37.71969],[-122.36307,37.71969],[-122.36307,37.71969],[-122.36307,37.71968],[-122.36307,37.71968],[-122.36307,37.71968],[-122.36307,37.71968],[-122.36308,37.71968],[-122.36308,37.71968],[-122.36308,37.71968],[-122.36308,37.71968],[-122.36308,37.71968],[-122.36309,37.71968],[-122.36309,37.71968],[-122.36309,37.71968],[-122.36309,37.71968],[-122.36309,37.71968],[-122.3631,37.71968],[-122.3631,37.71968],[-122.3631,37.71968],[-122.3631,37.71967],[-122.36311,37.71967],[-122.36311,37.71967],[-122.36311,37.71967],[-122.36311,37.71967],[-122.36311,37.71967],[-122.36312,37.71967],[-122.36312,37.71967],[-122.36312,37.71967],[-122.36312,37.71967],[-122.36312,37.71967],[-122.36313,37.71967],[-122.36313,37.71967],[-122.36313,37.71967],[-122.36313,37.71967],[-122.36313,37.71967],[-122.36314,37.71967],[-122.36314,37.71967],[-122.36314,37.71967],[-122.36314,37.71967],[-122.36315,37.71967],[-122.36315,37.71967],[-122.36315,37.71967],[-122.36315,37.71967],[-122.36317,37.71965],[-122.36317,37.71965],[-122.36317,37.71965],[-122.36317,37.71965],[-122.36317,37.71964],[-122.36317,37.71964],[-122.36317,37.71964],[-122.36317,37.71964],[-122.36317,37.71964],[-122.36317,37.71964],[-122.36316,37.71964],[-122.36316,37.71963],[-122.36316,37.71963],[-122.36316,37.71963],[-122.36316,37.71963],[-122.36316,37.71963],[-122.36316,37.71963],[-122.36316,37.71963],[-122.36316,37.71963],[-122.36316,37.71962],[-122.36316,37.71962],[-122.36316,37.71962],[-122.36316,37.71962],[-122.36316,37.71962],[-122.36316,37.71962],[-122.36316,37.71962],[-122.36316,37.71961],[-122.36316,37.71961],[-122.36316,37.71961],[-122.36316,37.71961],[-122.36316,37.71961],[-122.36316,37.71961],[-122.36316,37.71961],[-122.36316,37.7196],[-122.36316,37.7196],[-122.36316,37.7196],[-122.36316,37.7196],[-122.36316,37.7196],[-122.36316,37.7196],[-122.36316,37.7196],[-122.36316,37.71959],[-122.36316,37.71959],[-122.36316,37.71959],[-122.36316,37.71959],[-122.36316,37.71959],[-122.36316,37.71959],[-122.36316,37.71959],[-122.36316,37.71958],[-122.36316,37.71958],[-122.36316,37.71958],[-122.36316,37.71958],[-122.36316,37.71958],[-122.36316,37.71958],[-122.36316,37.71958],[-122.36316,37.71957],[-122.36316,37.71957],[-122.36316,37.71957],[-122.36316,37.71957],[-122.36316,37.71957],[-122.36316,37.71957],[-122.36316,37.71957],[-122.36317,37.71956],[-122.36317,37.71956],[-122.36317,37.71956],[-122.36317,37.71956],[-122.36317,37.71956],[-122.36317,37.71956],[-122.36317,37.71956],[-122.36317,37.71956],[-122.36317,37.71955],[-122.36317,37.71955],[-122.36318,37.71955],[-122.36318,37.71955],[-122.36366,37.71905],[-122.36257,37.71844],[-122.36256,37.71844],[-122.36256,37.71844],[-122.36255,37.71843],[-122.36255,37.71843],[-122.36255,37.71843],[-122.36255,37.71843],[-122.36254,37.71843],[-122.36254,37.71842],[-122.36254,37.71842],[-122.36253,37.71842],[-122.36253,37.71842],[-122.36253,37.71841],[-122.36252,37.71841],[-122.36252,37.71841],[-122.36252,37.71841],[-122.36252,37.7184],[-122.36251,37.7184],[-122.36251,37.7184],[-122.36251,37.7184],[-122.3625,37.71839],[-122.3625,37.71839],[-122.3625,37.71839],[-122.3625,37.71839],[-122.36249,37.71838],[-122.36249,37.71838],[-122.36249,37.71838],[-122.36249,37.71838],[-122.36249,37.71837],[-122.36248,37.71837],[-122.36248,37.71837],[-122.36248,37.71836],[-122.36248,37.71836],[-122.36248,37.71836],[-122.36248,37.71835],[-122.36247,37.71835],[-122.36247,37.71835],[-122.36247,37.71835],[-122.36247,37.71834],[-122.36247,37.71834],[-122.36247,37.71834],[-122.36247,37.71833],[-122.36246,37.71833],[-122.36246,37.71833],[-122.36246,37.71832],[-122.36246,37.71832],[-122.36246,37.71832],[-122.36246,37.71831],[-122.36246,37.71831],[-122.36246,37.71831],[-122.36246,37.7183],[-122.36246,37.7183],[-122.36246,37.7183],[-122.36246,37.71829],[-122.36246,37.71829],[-122.36246,37.71829],[-122.36246,37.71828],[-122.36246,37.71828],[-122.36246,37.71828],[-122.36246,37.71827],[-122.36246,37.71827],[-122.36246,37.71827],[-122.36246,37.71826],[-122.36246,37.71826],[-122.36246,37.71826],[-122.36246,37.71825],[-122.36246,37.71825],[-122.36246,37.71825],[-122.36246,37.71825],[-122.36246,37.71824],[-122.36246,37.71824],[-122.36246,37.71824],[-122.36246,37.71823],[-122.36246,37.71823],[-122.36247,37.71823],[-122.36247,37.71822],[-122.36247,37.71822],[-122.36247,37.71822],[-122.36247,37.71821],[-122.36247,37.71821],[-122.36247,37.71821],[-122.36248,37.7182],[-122.36248,37.7182],[-122.36248,37.7182],[-122.36248,37.7182],[-122.36248,37.71819],[-122.36248,37.71819],[-122.36249,37.71819],[-122.36249,37.71818],[-122.36249,37.71818],[-122.36249,37.71818],[-122.3625,37.71818],[-122.3625,37.71817],[-122.3625,37.71817],[-122.3625,37.71817],[-122.36251,37.71816],[-122.36251,37.71816],[-122.36251,37.71816],[-122.36252,37.71815],[-122.35858,37.71588],[-122.35872,37.71573],[-122.36265,37.71802],[-122.36279,37.71787],[-122.36387,37.71673],[-122.35992,37.71443],[-122.36004,37.7143],[-122.36397,37.71658],[-122.36425,37.7163],[-122.36425,37.7163],[-122.36425,37.7163],[-122.36425,37.7163],[-122.36426,37.7163],[-122.36426,37.7163],[-122.36426,37.71629],[-122.36426,37.71629],[-122.36426,37.71629],[-122.36426,37.71629],[-122.36426,37.71629],[-122.36427,37.71629],[-122.36427,37.71629],[-122.36427,37.71629],[-122.36427,37.71629],[-122.36427,37.71629],[-122.36427,37.71629],[-122.36427,37.71628],[-122.36428,37.71628],[-122.36428,37.71628],[-122.36428,37.71628],[-122.36428,37.71628],[-122.36428,37.71628],[-122.36428,37.71628],[-122.36429,37.71628],[-122.36429,37.71628],[-122.36429,37.71628],[-122.36429,37.71628],[-122.36429,37.71628],[-122.36429,37.71628],[-122.3643,37.71628],[-122.3643,37.71628],[-122.3643,37.71628],[-122.3643,37.71628],[-122.3643,37.71628],[-122.3643,37.71628],[-122.36431,37.71627],[-122.36431,37.71627],[-122.36431,37.71627],[-122.36431,37.71627],[-122.36431,37.71627],[-122.36431,37.71627],[-122.36432,37.71627],[-122.36432,37.71627],[-122.36432,37.71627],[-122.36432,37.71627],[-122.36432,37.71627],[-122.36433,37.71627],[-122.36433,37.71627],[-122.36433,37.71627],[-122.36433,37.71627],[-122.36433,37.71627],[-122.36433,37.71627],[-122.36434,37.71627],[-122.36434,37.71627],[-122.36434,37.71627],[-122.36434,37.71627],[-122.36434,37.71627],[-122.36435,37.71627],[-122.36435,37.71627],[-122.36435,37.71627],[-122.36435,37.71627],[-122.36435,37.71628],[-122.36435,37.71628],[-122.36436,37.71628],[-122.36436,37.71628],[-122.36436,37.71628],[-122.36436,37.71628],[-122.36436,37.71628],[-122.36436,37.71628],[-122.36437,37.71628],[-122.36437,37.71628],[-122.36437,37.71628],[-122.36437,37.71628],[-122.3644,37.71628],[-122.36522,37.71535],[-122.36524,37.7153],[-122.36524,37.71524],[-122.36519,37.71518],[-122.36477,37.71493],[-122.36474,37.71497],[-122.36458,37.71486],[-122.36455,37.7148],[-122.36427,37.71464],[-122.36419,37.71464],[-122.36401,37.71455],[-122.36405,37.71451],[-122.36331,37.71408],[-122.36327,37.71412],[-122.36311,37.71401],[-122.36309,37.71395],[-122.3628,37.71378],[-122.36272,37.71378],[-122.36255,37.7137],[-122.36258,37.71366],[-122.36185,37.71323],[-122.36181,37.71327],[-122.36166,37.71316],[-122.36163,37.7131],[-122.36134,37.71294],[-122.36127,37.71293],[-122.36109,37.71285],[-122.36109,37.71285],[-122.36113,37.71281],[-122.36114,37.71279],[-122.36117,37.71275],[-122.36134,37.71285],[-122.36137,37.71289],[-122.36167,37.71307],[-122.36174,37.71307],[-122.36192,37.71316],[-122.36188,37.71319],[-122.36261,37.71362],[-122.36265,37.71358],[-122.3628,37.71369],[-122.36282,37.71374],[-122.36313,37.71392],[-122.36319,37.71392],[-122.36337,37.71401],[-122.36334,37.71404],[-122.36408,37.71447],[-122.36411,37.71444],[-122.36427,37.71455],[-122.36429,37.7146],[-122.3646,37.71478],[-122.36466,37.71478],[-122.36484,37.71486],[-122.36481,37.7149],[-122.36539,37.71524],[-122.36441,37.71631],[-122.36442,37.71631],[-122.36442,37.71631],[-122.36442,37.71631],[-122.36442,37.71632],[-122.36442,37.71632],[-122.36442,37.71632],[-122.36442,37.71632],[-122.36442,37.71632],[-122.36442,37.71632],[-122.36442,37.71632],[-122.36442,37.71632],[-122.36442,37.71633],[-122.36442,37.71633],[-122.36443,37.71633],[-122.36443,37.71633],[-122.36443,37.71633],[-122.36443,37.71633],[-122.36443,37.71633],[-122.36443,37.71634],[-122.36443,37.71634],[-122.36443,37.71634],[-122.36443,37.71634],[-122.36443,37.71634],[-122.36443,37.71634],[-122.36443,37.71634],[-122.36443,37.71635],[-122.36443,37.71635],[-122.36443,37.71635],[-122.36443,37.71635],[-122.36443,37.71635],[-122.36443,37.71635],[-122.36443,37.71635],[-122.36443,37.71636],[-122.36443,37.71636],[-122.36443,37.71636],[-122.36443,37.71636],[-122.36443,37.71636],[-122.36443,37.71636],[-122.36443,37.71636],[-122.36443,37.71637],[-122.36445,37.71637],[-122.36447,37.71638],[-122.36448,37.71639],[-122.3645,37.7164],[-122.36452,37.71641],[-122.36453,37.71641],[-122.36455,37.71642],[-122.36457,37.71643],[-122.36458,37.71644],[-122.36461,37.71646],[-122.36462,37.71646],[-122.36462,37.71646],[-122.36462,37.71646],[-122.36462,37.71646],[-122.36462,37.71647],[-122.36463,37.71647],[-122.36463,37.71647],[-122.36463,37.71647],[-122.36463,37.71647],[-122.36464,37.71647],[-122.36464,37.71647],[-122.36464,37.71647],[-122.36464,37.71647],[-122.36464,37.71647],[-122.36465,37.71648],[-122.36465,37.71648],[-122.36465,37.71648],[-122.36465,37.71648],[-122.36466,37.71648],[-122.36466,37.71648],[-122.36466,37.71648],[-122.36466,37.71648],[-122.36467,37.71648],[-122.36467,37.71648],[-122.36467,37.71648],[-122.36467,37.71648],[-122.36468,37.71648],[-122.36468,37.71648],[-122.36468,37.71648],[-122.36468,37.71648],[-122.36469,37.71648],[-122.36469,37.71648],[-122.36469,37.71648],[-122.36469,37.71648],[-122.3647,37.71648],[-122.3647,37.71648],[-122.3647,37.71649],[-122.3647,37.71649],[-122.36471,37.71649],[-122.36471,37.71648],[-122.36471,37.71648],[-122.36471,37.71648],[-122.36472,37.71648],[-122.36472,37.71648],[-122.36472,37.71648],[-122.36472,37.71648],[-122.36473,37.71648],[-122.36473,37.71648],[-122.36473,37.71648],[-122.36473,37.71648],[-122.36474,37.71648],[-122.36474,37.71648],[-122.36474,37.71648],[-122.36474,37.71648],[-122.36475,37.71648],[-122.36475,37.71648],[-122.36475,37.71648],[-122.36475,37.71648],[-122.36476,37.71648],[-122.36476,37.71648],[-122.36476,37.71648],[-122.36476,37.71648],[-122.36476,37.71647],[-122.36477,37.71647],[-122.36477,37.71647],[-122.36477,37.71647],[-122.36477,37.71647],[-122.36478,37.71647],[-122.36479,37.71647],[-122.36479,37.71646],[-122.3648,37.71646],[-122.3648,37.71646],[-122.36481,37.71645],[-122.36481,37.71645],[-122.36482,37.71645],[-122.36482,37.71644],[-122.36483,37.71644],[-122.36483,37.71644],[-122.36484,37.71644],[-122.36484,37.71643],[-122.36485,37.71643],[-122.36485,37.71642],[-122.36486,37.71642],[-122.36486,37.71642],[-122.36487,37.71641],[-122.36487,37.71641],[-122.36487,37.71641],[-122.36488,37.7164],[-122.36488,37.7164],[-122.36489,37.71639],[-122.36489,37.71639],[-122.36489,37.71639],[-122.3649,37.71638],[-122.3649,37.71638],[-122.3649,37.71637],[-122.36491,37.71637],[-122.36491,37.71637],[-122.36492,37.71636],[-122.36492,37.71635],[-122.36492,37.71635],[-122.36492,37.71634],[-122.36492,37.71634],[-122.36492,37.71634],[-122.36492,37.71633],[-122.36492,37.71633],[-122.36492,37.71632],[-122.36492,37.71632],[-122.36492,37.71632],[-122.36493,37.71631],[-122.36493,37.71631],[-122.36493,37.7163],[-122.36493,37.7163],[-122.36493,37.71629],[-122.36493,37.71629],[-122.36494,37.71629],[-122.36494,37.71628],[-122.36494,37.71628],[-122.36494,37.71627],[-122.36494,37.71627],[-122.36495,37.71627],[-122.36495,37.71626],[-122.36495,37.71626],[-122.36495,37.71626],[-122.36496,37.71625],[-122.36496,37.71625],[-122.36496,37.71624],[-122.36497,37.71624],[-122.36497,37.71624],[-122.36497,37.71623],[-122.36498,37.71623],[-122.36498,37.71623],[-122.36498,37.71622],[-122.36499,37.71622],[-122.36499,37.71622],[-122.36499,37.71621],[-122.365,37.71621],[-122.365,37.71621],[-122.365,37.7162],[-122.36501,37.7162],[-122.36501,37.7162],[-122.36501,37.71619],[-122.36502,37.71619],[-122.36502,37.71619],[-122.36503,37.71619],[-122.36503,37.71618],[-122.36504,37.71618],[-122.36504,37.71618],[-122.36504,37.71618],[-122.36505,37.71617],[-122.36505,37.71617],[-122.36506,37.71617],[-122.36506,37.71617],[-122.36507,37.71616],[-122.36507,37.71616],[-122.36508,37.71616],[-122.36508,37.71616],[-122.36509,37.71616],[-122.36509,37.71615],[-122.3651,37.71615],[-122.3651,37.71615],[-122.36511,37.71615],[-122.36511,37.71614],[-122.36511,37.71614],[-122.36511,37.71614],[-122.36511,37.71613],[-122.36511,37.71613],[-122.36511,37.71613],[-122.36511,37.71613],[-122.36511,37.71612],[-122.36511,37.71612],[-122.36512,37.71612],[-122.36512,37.71611],[-122.36512,37.71611],[-122.36512,37.71611],[-122.36512,37.71611],[-122.36512,37.7161],[-122.36512,37.7161],[-122.36512,37.7161],[-122.36513,37.7161],[-122.36513,37.71609],[-122.36513,37.71609],[-122.36513,37.71609],[-122.36513,37.71609],[-122.36513,37.71608],[-122.36514,37.71608],[-122.36514,37.71608],[-122.36514,37.71607],[-122.36514,37.71607],[-122.36514,37.71607],[-122.36515,37.71607],[-122.36515,37.71607],[-122.36515,37.71606],[-122.36515,37.71606],[-122.36515,37.71606],[-122.36516,37.71606],[-122.36516,37.71605],[-122.36516,37.71605],[-122.36516,37.71605],[-122.36517,37.71605],[-122.36517,37.71604],[-122.36517,37.71604],[-122.36518,37.71604],[-122.36518,37.71604],[-122.36518,37.71603],[-122.36519,37.71603],[-122.36519,37.71603],[-122.3652,37.71602],[-122.3652,37.71602],[-122.36521,37.71602],[-122.36521,37.71602],[-122.36522,37.71601],[-122.36522,37.71601],[-122.36523,37.71601],[-122.36523,37.71601],[-122.36524,37.716],[-122.36524,37.716],[-122.36525,37.716],[-122.36525,37.716],[-122.36526,37.716],[-122.36526,37.71599],[-122.36527,37.71599],[-122.36527,37.71599],[-122.36528,37.71599],[-122.36528,37.71599],[-122.36529,37.71598],[-122.3653,37.71598],[-122.3653,37.71598],[-122.36531,37.71598],[-122.36531,37.71598],[-122.36532,37.71598],[-122.36532,37.71598],[-122.36533,37.71598],[-122.36533,37.71597],[-122.36534,37.71597],[-122.36535,37.71597],[-122.36535,37.71597],[-122.36536,37.71597],[-122.36536,37.71597],[-122.36537,37.71597],[-122.36537,37.71597],[-122.36538,37.71597],[-122.36539,37.71597],[-122.36539,37.71597],[-122.3654,37.71597],[-122.3654,37.71597],[-122.36541,37.71597],[-122.36542,37.71597],[-122.36542,37.71597],[-122.36543,37.71597],[-122.36543,37.71597],[-122.36544,37.71597],[-122.36544,37.71597],[-122.36545,37.71597],[-122.36546,37.71597],[-122.36546,37.71597],[-122.36547,37.71597],[-122.36547,37.71597],[-122.36548,37.71598],[-122.36548,37.71598],[-122.36549,37.71598],[-122.3655,37.71598],[-122.3655,37.71598],[-122.36551,37.71598],[-122.36551,37.71598],[-122.36552,37.71599],[-122.36552,37.71599],[-122.36553,37.71599],[-122.36553,37.71599],[-122.36554,37.71599],[-122.36554,37.71599],[-122.36555,37.716],[-122.36556,37.716],[-122.36556,37.716],[-122.36557,37.716],[-122.36557,37.716],[-122.36558,37.71601],[-122.36558,37.71601],[-122.36559,37.71601],[-122.36559,37.71601],[-122.36559,37.71602],[-122.3656,37.71602],[-122.3656,37.71602],[-122.36561,37.71603],[-122.36561,37.71603],[-122.36562,37.71603],[-122.36562,37.71603],[-122.36563,37.71604],[-122.36563,37.71604],[-122.36563,37.71604],[-122.36564,37.71605],[-122.36564,37.71605],[-122.36565,37.71605],[-122.36565,37.71606],[-122.36565,37.71606],[-122.36566,37.71606],[-122.36566,37.71607],[-122.36567,37.71607],[-122.36567,37.71608],[-122.36567,37.71608],[-122.36568,37.71608],[-122.36568,37.71609],[-122.36568,37.71609],[-122.36569,37.71609],[-122.36572,37.71614],[-122.36576,37.71619],[-122.3658,37.71623],[-122.36584,37.71628],[-122.36588,37.71632],[-122.36592,37.71637],[-122.36597,37.71641],[-122.36601,37.71645],[-122.36606,37.7165],[-122.36607,37.71652],[-122.36608,37.71653],[-122.36609,37.71655],[-122.3661,37.71657],[-122.36611,37.71658],[-122.36613,37.7166],[-122.36614,37.71661],[-122.36615,37.71663],[-122.36616,37.71664],[-122.36618,37.71666],[-122.36619,37.71667],[-122.3662,37.71669],[-122.36622,37.7167],[-122.36623,37.71672],[-122.36625,37.71673],[-122.36626,37.71674],[-122.36628,37.71676],[-122.36629,37.71677],[-122.36631,37.71678],[-122.36632,37.7168],[-122.36634,37.71681],[-122.36636,37.71682],[-122.36637,37.71683],[-122.36639,37.71685],[-122.36641,37.71686],[-122.36643,37.71687],[-122.36644,37.71688],[-122.36646,37.71689],[-122.36649,37.71691],[-122.36662,37.71699],[-122.36675,37.71708],[-122.36701,37.71723],[-122.36737,37.71743],[-122.36772,37.71764],[-122.36773,37.71765],[-122.36775,37.71766],[-122.36776,37.71767],[-122.36777,37.71767],[-122.36779,37.71768],[-122.3678,37.71769],[-122.36781,37.71769],[-122.36783,37.7177],[-122.36784,37.7177],[-122.36786,37.71771],[-122.36787,37.71772],[-122.36788,37.71772],[-122.3679,37.71773],[-122.36792,37.71773],[-122.36793,37.71774],[-122.36795,37.71774],[-122.36797,37.71774],[-122.36799,37.71775],[-122.368,37.71775],[-122.36802,37.71775],[-122.36804,37.71775],[-122.36806,37.71776],[-122.36825,37.71778],[-122.36845,37.7178],[-122.36847,37.7178],[-122.36849,37.7178],[-122.36851,37.7178],[-122.36853,37.7178],[-122.36855,37.71781],[-122.36857,37.71781],[-122.36859,37.71781],[-122.36861,37.71781],[-122.36863,37.71781],[-122.36865,37.71781],[-122.36867,37.7178],[-122.36869,37.7178],[-122.36871,37.7178],[-122.36873,37.7178],[-122.36875,37.7178],[-122.36877,37.7178],[-122.36882,37.71779],[-122.36886,37.71779],[-122.36891,37.71778],[-122.36895,37.71778],[-122.36899,37.71778],[-122.36904,37.71778],[-122.36908,37.71778],[-122.36913,37.71778],[-122.36917,37.71778],[-122.3692,37.7178],[-122.36924,37.71778],[-122.36925,37.71778],[-122.36927,37.71778],[-122.36929,37.71778],[-122.3693,37.71779],[-122.36932,37.71779],[-122.36934,37.71779],[-122.36935,37.7178],[-122.36937,37.7178],[-122.36939,37.7178],[-122.3694,37.71781],[-122.36942,37.71781],[-122.36943,37.71782],[-122.36945,37.71782],[-122.36947,37.71783],[-122.36948,37.71783],[-122.3695,37.71784],[-122.36951,37.71784],[-122.36953,37.71785],[-122.36954,37.71785],[-122.36956,37.71786],[-122.36957,37.71787],[-122.36959,37.71787],[-122.3696,37.71788],[-122.36962,37.71789],[-122.36963,37.71789],[-122.36965,37.7179],[-122.36966,37.71791],[-122.36967,37.71792],[-122.36969,37.71792],[-122.3697,37.71793],[-122.36972,37.71794],[-122.36973,37.71795],[-122.36974,37.71796],[-122.36975,37.71797],[-122.36977,37.71798],[-122.36978,37.71799],[-122.36979,37.718],[-122.3698,37.718],[-122.36982,37.71801],[-122.36983,37.71802],[-122.36984,37.71803],[-122.36985,37.71804],[-122.36986,37.71805],[-122.36987,37.71807],[-122.36988,37.71808],[-122.36989,37.71809],[-122.3699,37.7181],[-122.36991,37.71811],[-122.36992,37.71812],[-122.36993,37.71813],[-122.36994,37.71814],[-122.36995,37.71815],[-122.36996,37.71817],[-122.36997,37.71818],[-122.36997,37.7182],[-122.36998,37.71822],[-122.36998,37.71824],[-122.36998,37.71825],[-122.36999,37.71827],[-122.37,37.71829],[-122.37,37.71831],[-122.37001,37.71832],[-122.37002,37.71834],[-122.37002,37.71836],[-122.37003,37.71838],[-122.37004,37.71839],[-122.37005,37.71841],[-122.37006,37.71843],[-122.37007,37.71844],[-122.37008,37.71846],[-122.37009,37.71848],[-122.3701,37.7185],[-122.37011,37.71851],[-122.37012,37.71852],[-122.37013,37.71853],[-122.37014,37.71853],[-122.37015,37.71854],[-122.37016,37.71855],[-122.37017,37.71856],[-122.37018,37.71857],[-122.37019,37.71858],[-122.3702,37.71859],[-122.37021,37.71859],[-122.37023,37.7186],[-122.37024,37.71861],[-122.37025,37.71862],[-122.37026,37.71862],[-122.37027,37.71863],[-122.37029,37.71864],[-122.3703,37.71864],[-122.37031,37.71865],[-122.37032,37.71866],[-122.37034,37.71866],[-122.37035,37.71867],[-122.37036,37.71867],[-122.37038,37.71868],[-122.37039,37.71869],[-122.3704,37.71869],[-122.37042,37.7187],[-122.37043,37.7187],[-122.37044,37.71871],[-122.37046,37.71871],[-122.37047,37.71871],[-122.37049,37.71872],[-122.3705,37.71872],[-122.37052,37.71873],[-122.37053,37.71873],[-122.37054,37.71873],[-122.37056,37.71874],[-122.37057,37.71874],[-122.37059,37.71874],[-122.3706,37.71874],[-122.37062,37.71875],[-122.37063,37.71875],[-122.37065,37.71875],[-122.37066,37.71875],[-122.37068,37.71875],[-122.37069,37.71876],[-122.37071,37.71876],[-122.37072,37.71876],[-122.37074,37.71876],[-122.37075,37.71876],[-122.37077,37.71876],[-122.37078,37.71876],[-122.3708,37.71876],[-122.37081,37.71876],[-122.37083,37.71876],[-122.37084,37.71876],[-122.37086,37.71876],[-122.37087,37.71875],[-122.37089,37.71875],[-122.37089,37.71875],[-122.3709,37.71875],[-122.3709,37.71875],[-122.37091,37.71875],[-122.37091,37.71875],[-122.37091,37.71875],[-122.37092,37.71874],[-122.37092,37.71874],[-122.37092,37.71874],[-122.37093,37.71874],[-122.37093,37.71874],[-122.37093,37.71874],[-122.37094,37.71874],[-122.37094,37.71874],[-122.37094,37.71874],[-122.37095,37.71874],[-122.37095,37.71874],[-122.37096,37.71873],[-122.37096,37.71873],[-122.37096,37.71873],[-122.37097,37.71873],[-122.37097,37.71873],[-122.37098,37.71873],[-122.37098,37.71873],[-122.37098,37.71873],[-122.37099,37.71873],[-122.37099,37.71873],[-122.37099,37.71873],[-122.371,37.71873],[-122.371,37.71873],[-122.37101,37.71873],[-122.37101,37.71873],[-122.37101,37.71873],[-122.37102,37.71873],[-122.37102,37.71873],[-122.37102,37.71873],[-122.37103,37.71873],[-122.37103,37.71873],[-122.37104,37.71873],[-122.37104,37.71874],[-122.37104,37.71874],[-122.37105,37.71874],[-122.37105,37.71874],[-122.37105,37.71874],[-122.37106,37.71874],[-122.37106,37.71874],[-122.37107,37.71874],[-122.37107,37.71874],[-122.37107,37.71874],[-122.37108,37.71874],[-122.37108,37.71875],[-122.37108,37.71875],[-122.37109,37.71875],[-122.37109,37.71875],[-122.37109,37.71875],[-122.3711,37.71875],[-122.3711,37.71875],[-122.3711,37.71875],[-122.37111,37.71876],[-122.37111,37.71876],[-122.37111,37.71876],[-122.37112,37.71876],[-122.37112,37.71876],[-122.37112,37.71876],[-122.37113,37.71877],[-122.37113,37.71877],[-122.37113,37.71877],[-122.37114,37.71877],[-122.37114,37.71877],[-122.37114,37.71878],[-122.37114,37.71878],[-122.37115,37.71878],[-122.37115,37.71878],[-122.37115,37.71878],[-122.37116,37.71879],[-122.37116,37.71879],[-122.37116,37.71879],[-122.37116,37.71879],[-122.37117,37.7188],[-122.37117,37.7188],[-122.37117,37.7188],[-122.37118,37.7188],[-122.37118,37.71881],[-122.37118,37.71881],[-122.37119,37.71881],[-122.37119,37.71882],[-122.37119,37.71882],[-122.3712,37.71882],[-122.3712,37.71883],[-122.37121,37.71883],[-122.37121,37.71883],[-122.37121,37.71883],[-122.37122,37.71884],[-122.37122,37.71884],[-122.37123,37.71884],[-122.37123,37.71884],[-122.37124,37.71884],[-122.37124,37.71885],[-122.37124,37.71885],[-122.37125,37.71885],[-122.37125,37.71885],[-122.37126,37.71886],[-122.37126,37.71886],[-122.37127,37.71886],[-122.37127,37.71886],[-122.37128,37.71886],[-122.37128,37.71886],[-122.37129,37.71887],[-122.37129,37.71887],[-122.3713,37.71887],[-122.3713,37.71887],[-122.37131,37.71887],[-122.37131,37.71887],[-122.37132,37.71887],[-122.37132,37.71887],[-122.37133,37.71888],[-122.37133,37.71888],[-122.37134,37.71888],[-122.37134,37.71888],[-122.37135,37.71888],[-122.37135,37.71888],[-122.37136,37.71888],[-122.37136,37.71888],[-122.37137,37.71888],[-122.37137,37.71888],[-122.37138,37.71888],[-122.37138,37.71888],[-122.37139,37.71888],[-122.37139,37.71888],[-122.3714,37.71888],[-122.3714,37.71888],[-122.37141,37.71888],[-122.37141,37.71888],[-122.37142,37.71888],[-122.37143,37.71888],[-122.37144,37.71888],[-122.37144,37.71888],[-122.37144,37.71888],[-122.37144,37.71888],[-122.37144,37.71888],[-122.37145,37.71888],[-122.37145,37.71887],[-122.37145,37.71887],[-122.37145,37.71887],[-122.37145,37.71887],[-122.37146,37.71887],[-122.37146,37.71887],[-122.37146,37.71887],[-122.37146,37.71887],[-122.37146,37.71887],[-122.37147,37.71887],[-122.37147,37.71887],[-122.37147,37.71887],[-122.37147,37.71887],[-122.37147,37.71887],[-122.37148,37.71887],[-122.37148,37.71886],[-122.37148,37.71886],[-122.37148,37.71886],[-122.37149,37.71886],[-122.37149,37.71886],[-122.37149,37.71886],[-122.37149,37.71886],[-122.3715,37.71886],[-122.3715,37.71886],[-122.3715,37.71886],[-122.3715,37.71886],[-122.3715,37.71886],[-122.37151,37.71886],[-122.37151,37.71886],[-122.37151,37.71886],[-122.37151,37.71886],[-122.37152,37.71886],[-122.37152,37.71886],[-122.37152,37.71886],[-122.37152,37.71886],[-122.37152,37.71886],[-122.37153,37.71886],[-122.37153,37.71886],[-122.37153,37.71886],[-122.37153,37.71886],[-122.37154,37.71886],[-122.37154,37.71886],[-122.37154,37.71886],[-122.37154,37.71887],[-122.37155,37.71887],[-122.37155,37.71887],[-122.37155,37.71887],[-122.37155,37.71887],[-122.37155,37.71887],[-122.37156,37.71887],[-122.37156,37.71887],[-122.37156,37.71887],[-122.37156,37.71887],[-122.37156,37.71887],[-122.37157,37.71887],[-122.37157,37.71887],[-122.37157,37.71887],[-122.37157,37.71887],[-122.37158,37.71888],[-122.37158,37.71888],[-122.37158,37.71888],[-122.37158,37.71888],[-122.37159,37.71889],[-122.3716,37.7189],[-122.37162,37.71891],[-122.37163,37.71892],[-122.37164,37.71894],[-122.37165,37.71895],[-122.37166,37.71896],[-122.37168,37.71897],[-122.37169,37.71898],[-122.37171,37.71899],[-122.37171,37.71899],[-122.37172,37.71899],[-122.37173,37.719],[-122.37174,37.719],[-122.37174,37.719],[-122.37175,37.719],[-122.37176,37.719],[-122.37177,37.719],[-122.37178,37.719],[-122.37178,37.71901],[-122.37179,37.71901],[-122.3718,37.71901],[-122.37181,37.71901],[-122.37181,37.71901],[-122.37182,37.71901],[-122.37183,37.71901],[-122.37184,37.71901],[-122.37185,37.71901],[-122.37185,37.71901],[-122.37186,37.71901],[-122.37187,37.71901],[-122.37188,37.71901],[-122.37189,37.71901],[-122.37189,37.71901],[-122.3719,37.71901],[-122.37191,37.71901],[-122.37192,37.71901],[-122.37192,37.719],[-122.37193,37.719],[-122.37194,37.719],[-122.37195,37.719],[-122.37196,37.719],[-122.37196,37.719],[-122.37197,37.719],[-122.37198,37.719],[-122.37199,37.71899],[-122.372,37.71899],[-122.372,37.71899],[-122.37201,37.71899],[-122.37202,37.719],[-122.37202,37.719],[-122.37203,37.719],[-122.37204,37.719],[-122.37204,37.719],[-122.37205,37.719],[-122.37206,37.719],[-122.37207,37.719],[-122.37207,37.719],[-122.37208,37.71901],[-122.37209,37.71901],[-122.37209,37.71901],[-122.3721,37.71901],[-122.37211,37.71901],[-122.37211,37.71901],[-122.37212,37.71901],[-122.37213,37.71901],[-122.37213,37.71901],[-122.37214,37.71901],[-122.37215,37.71901],[-122.37215,37.71901],[-122.37216,37.71901],[-122.37217,37.71901],[-122.37218,37.71901],[-122.37218,37.719],[-122.37219,37.719],[-122.3722,37.719],[-122.3722,37.719],[-122.37221,37.719],[-122.37222,37.719],[-122.37222,37.719],[-122.37223,37.719],[-122.37224,37.719],[-122.37224,37.71899],[-122.37225,37.71899],[-122.37223,37.71904],[-122.37227,37.71899],[-122.37228,37.719],[-122.37229,37.719],[-122.3723,37.719],[-122.37231,37.719],[-122.37232,37.719],[-122.37233,37.71901],[-122.37234,37.71901],[-122.37234,37.71901],[-122.37235,37.71901],[-122.37236,37.71901],[-122.37237,37.71901],[-122.37238,37.71901],[-122.37239,37.71902],[-122.3724,37.71902],[-122.37241,37.71902],[-122.37242,37.71902],[-122.37243,37.71902],[-122.37244,37.71902],[-122.37245,37.71902],[-122.37246,37.71902],[-122.37247,37.71902],[-122.37248,37.71902],[-122.37249,37.71902],[-122.3725,37.71902],[-122.37251,37.71902],[-122.37252,37.71902],[-122.37253,37.71901],[-122.37254,37.71901],[-122.37255,37.71901],[-122.37256,37.71901],[-122.37257,37.71901],[-122.37258,37.71901],[-122.37259,37.71901],[-122.37259,37.719],[-122.3726,37.719],[-122.37261,37.719],[-122.37262,37.719],[-122.37263,37.719],[-122.37264,37.71899],[-122.37265,37.71899],[-122.37266,37.71899],[-122.37267,37.71898],[-122.37268,37.71898],[-122.37268,37.71898],[-122.37268,37.71898],[-122.37269,37.71898],[-122.37269,37.71898],[-122.37269,37.71898],[-122.3727,37.71898],[-122.3727,37.71898],[-122.3727,37.71898],[-122.37271,37.71897],[-122.37271,37.71897],[-122.37271,37.71897],[-122.37272,37.71897],[-122.37272,37.71897],[-122.37272,37.71897],[-122.37273,37.71897],[-122.37273,37.71897],[-122.37273,37.71897],[-122.37274,37.71897],[-122.37274,37.71897],[-122.37274,37.71897],[-122.37275,37.71897],[-122.37275,37.71897],[-122.37275,37.71897],[-122.37276,37.71897],[-122.37276,37.71897],[-122.37276,37.71897],[-122.37277,37.71897],[-122.37277,37.71897],[-122.37277,37.71897],[-122.37278,37.71897],[-122.37278,37.71897],[-122.37278,37.71897],[-122.37279,37.71897],[-122.37279,37.71897],[-122.37279,37.71898],[-122.3728,37.71898],[-122.3728,37.71898],[-122.3728,37.71898],[-122.37281,37.71898],[-122.37281,37.71898],[-122.37281,37.71898],[-122.37282,37.71898],[-122.37282,37.71898],[-122.37282,37.71898],[-122.37283,37.71898],[-122.37283,37.71898],[-122.37283,37.71898],[-122.37283,37.71898],[-122.37284,37.71898],[-122.37284,37.71898],[-122.37284,37.71898],[-122.37285,37.71898],[-122.37285,37.71898],[-122.37285,37.71898],[-122.37286,37.71898],[-122.37286,37.71898],[-122.37286,37.71898],[-122.37287,37.71898],[-122.37287,37.71898],[-122.37287,37.71898],[-122.37287,37.71898],[-122.37288,37.71898],[-122.37288,37.71898],[-122.37288,37.71898],[-122.37289,37.71898],[-122.37289,37.71898],[-122.37289,37.71898],[-122.3729,37.71898],[-122.3729,37.71898],[-122.3729,37.71898],[-122.3729,37.71898],[-122.37291,37.71898],[-122.37291,37.71898],[-122.37291,37.71897],[-122.37292,37.71897],[-122.37292,37.71897],[-122.37292,37.71897],[-122.37292,37.71897],[-122.37293,37.71897],[-122.37293,37.71897],[-122.37293,37.71897],[-122.37294,37.71897],[-122.37294,37.71897],[-122.37294,37.71896],[-122.37294,37.71896],[-122.37295,37.71896],[-122.37295,37.71896],[-122.37295,37.71896],[-122.37295,37.71896],[-122.37296,37.71896],[-122.37296,37.71896],[-122.37296,37.71895],[-122.37296,37.71895],[-122.37297,37.71895],[-122.37297,37.71895],[-122.37297,37.71895],[-122.37297,37.71895],[-122.37298,37.71894],[-122.37298,37.71894],[-122.37298,37.71894],[-122.37298,37.71894],[-122.37298,37.71894],[-122.37299,37.71894],[-122.37299,37.71893],[-122.37299,37.71893],[-122.37299,37.71893],[-122.37299,37.71893],[-122.373,37.71893],[-122.373,37.71892],[-122.37324,37.71885],[-122.37326,37.71885],[-122.37327,37.71884],[-122.37329,37.71884],[-122.37331,37.71884],[-122.37332,37.71883],[-122.37334,37.71883],[-122.37336,37.71882],[-122.37338,37.71882],[-122.37339,37.71882],[-122.37341,37.71882],[-122.37343,37.71881],[-122.37345,37.71881],[-122.37347,37.71881],[-122.37348,37.71881],[-122.3735,37.7188],[-122.37352,37.7188],[-122.37354,37.7188],[-122.37356,37.7188],[-122.37357,37.7188],[-122.37359,37.7188],[-122.37361,37.7188],[-122.37363,37.7188],[-122.37365,37.7188],[-122.37366,37.7188],[-122.37368,37.7188],[-122.3737,37.7188],[-122.37372,37.7188],[-122.37373,37.71881],[-122.37375,37.71881],[-122.37378,37.71881],[-122.37379,37.71881],[-122.3738,37.71882],[-122.3738,37.71882],[-122.37381,37.71882],[-122.37382,37.71882],[-122.37383,37.71882],[-122.37384,37.71883],[-122.37385,37.71883],[-122.37385,37.71883],[-122.37386,37.71884],[-122.37387,37.71884],[-122.37388,37.71884],[-122.37389,37.71884],[-122.37389,37.71885],[-122.3739,37.71885],[-122.37391,37.71885],[-122.37392,37.71886],[-122.37392,37.71886],[-122.37393,37.71887],[-122.37394,37.71887],[-122.37395,37.71887],[-122.37395,37.71888],[-122.37396,37.71888],[-122.37397,37.71889],[-122.37398,37.71889],[-122.37398,37.7189],[-122.37399,37.7189],[-122.374,37.71891],[-122.374,37.71891],[-122.37401,37.71892],[-122.37401,37.71892],[-122.37402,37.71893],[-122.37403,37.71893],[-122.37403,37.71894],[-122.37404,37.71894],[-122.37404,37.71895],[-122.37405,37.71895],[-122.37406,37.71896],[-122.37406,37.71896],[-122.37407,37.71897],[-122.37407,37.71897],[-122.37408,37.71898],[-122.37408,37.71899],[-122.37409,37.71899],[-122.37409,37.719],[-122.37409,37.71901],[-122.3741,37.71901],[-122.3741,37.71902],[-122.37411,37.71902],[-122.37411,37.71903],[-122.37412,37.71904],[-122.37412,37.71904],[-122.37412,37.71905],[-122.37413,37.71906],[-122.37413,37.71906],[-122.37413,37.71907],[-122.37413,37.71908],[-122.37414,37.71908],[-122.37414,37.71909],[-122.37414,37.7191],[-122.37414,37.7191],[-122.37415,37.71911],[-122.37415,37.71912],[-122.37415,37.71912],[-122.37415,37.71913],[-122.37415,37.71914],[-122.37416,37.71915],[-122.37416,37.71915],[-122.37416,37.71916],[-122.37416,37.71917],[-122.37416,37.71917],[-122.37416,37.71918],[-122.37416,37.71919],[-122.37416,37.71919],[-122.37416,37.7192],[-122.37416,37.71921],[-122.37416,37.71922],[-122.37416,37.71922],[-122.37416,37.71923],[-122.37416,37.71924],[-122.37416,37.71925],[-122.37416,37.71925],[-122.37416,37.71926],[-122.37415,37.71926],[-122.37415,37.71927],[-122.37415,37.71927],[-122.37415,37.71928],[-122.37415,37.71928],[-122.37415,37.71929],[-122.37415,37.71929],[-122.37415,37.7193],[-122.37415,37.71931],[-122.37415,37.71931],[-122.37415,37.71932],[-122.37415,37.71932],[-122.37415,37.71933],[-122.37415,37.71933],[-122.37415,37.71934],[-122.37415,37.71934],[-122.37415,37.71935],[-122.37415,37.71936],[-122.37415,37.71936],[-122.37415,37.71937],[-122.37416,37.71937],[-122.37416,37.71938],[-122.37416,37.71938],[-122.37416,37.71939],[-122.37416,37.71939],[-122.37416,37.7194],[-122.37417,37.7194],[-122.37417,37.71941],[-122.37417,37.71941],[-122.37417,37.71942],[-122.37417,37.71942],[-122.37418,37.71943],[-122.37418,37.71943],[-122.37418,37.71944],[-122.37419,37.71945],[-122.37419,37.71946],[-122.3742,37.71946],[-122.3742,37.71947],[-122.37421,37.71947],[-122.37421,37.71948],[-122.37421,37.71948],[-122.37422,37.71949],[-122.37422,37.7195],[-122.37423,37.7195],[-122.37424,37.71951],[-122.37424,37.71951],[-122.37425,37.71952],[-122.37425,37.71952],[-122.37426,37.71953],[-122.37426,37.71953],[-122.37427,37.71954],[-122.37428,37.71954],[-122.37428,37.71955],[-122.37429,37.71955],[-122.37429,37.71956],[-122.3743,37.71956],[-122.37431,37.71957],[-122.37431,37.71957],[-122.37432,37.71958],[-122.37433,37.71958],[-122.37434,37.71959],[-122.37442,37.71967],[-122.37442,37.71967],[-122.37442,37.71967],[-122.37442,37.71968],[-122.37442,37.71968],[-122.37442,37.71968],[-122.37442,37.71969],[-122.37442,37.71969],[-122.37442,37.71969],[-122.37443,37.7197],[-122.37443,37.7197],[-122.37443,37.7197],[-122.37443,37.71971],[-122.37443,37.71971],[-122.37443,37.71971],[-122.37443,37.71972],[-122.37443,37.71972],[-122.37444,37.71972],[-122.37444,37.71972],[-122.37444,37.71973],[-122.37444,37.71973],[-122.37444,37.71973],[-122.37444,37.71974],[-122.37445,37.71974],[-122.37445,37.71974],[-122.37445,37.71975],[-122.37445,37.71975],[-122.37445,37.71975],[-122.37446,37.71975],[-122.37446,37.71976],[-122.37446,37.71976],[-122.37446,37.71976],[-122.37447,37.71977],[-122.37447,37.71977],[-122.37447,37.71977],[-122.37447,37.71977],[-122.37448,37.71978],[-122.37448,37.71978],[-122.37448,37.71978],[-122.37449,37.71978],[-122.37449,37.71979],[-122.37449,37.71979],[-122.37449,37.71979],[-122.3745,37.71979],[-122.3745,37.71979],[-122.3745,37.7198],[-122.37451,37.7198],[-122.37451,37.7198],[-122.37451,37.7198],[-122.37452,37.71981],[-122.37452,37.71981],[-122.37452,37.71981],[-122.37453,37.71981],[-122.37453,37.71981],[-122.37453,37.71981],[-122.37454,37.71982],[-122.37454,37.71982],[-122.37455,37.71982],[-122.37455,37.71982],[-122.37455,37.71982],[-122.37456,37.71982],[-122.37456,37.71983],[-122.37456,37.71983],[-122.37457,37.71983],[-122.37457,37.71983],[-122.37458,37.71983],[-122.37458,37.71983],[-122.37458,37.71983],[-122.37459,37.71983],[-122.37459,37.71983],[-122.37459,37.71983],[-122.3746,37.71984],[-122.3746,37.71984],[-122.3746,37.71984],[-122.37461,37.71984],[-122.37461,37.71984],[-122.37461,37.71984],[-122.37461,37.71984],[-122.37462,37.71984],[-122.37462,37.71984],[-122.37462,37.71984],[-122.37462,37.71985],[-122.37463,37.71985],[-122.37463,37.71985],[-122.37463,37.71985],[-122.37463,37.71985],[-122.37464,37.71985],[-122.37464,37.71985],[-122.37464,37.71986],[-122.37464,37.71986],[-122.37465,37.71986],[-122.37465,37.71986],[-122.37465,37.71986],[-122.37465,37.71986],[-122.37466,37.71986],[-122.37466,37.71987],[-122.37466,37.71987],[-122.37466,37.71987],[-122.37466,37.71987],[-122.37467,37.71987],[-122.37467,37.71987],[-122.37467,37.71988],[-122.37467,37.71988],[-122.37467,37.71988],[-122.37468,37.71988],[-122.37468,37.71988],[-122.37468,37.71989],[-122.37468,37.71989],[-122.37468,37.71989],[-122.37468,37.71989],[-122.37469,37.71989],[-122.37469,37.7199],[-122.37469,37.7199],[-122.37469,37.7199],[-122.37469,37.7199],[-122.37469,37.7199],[-122.37469,37.71991],[-122.3747,37.71991],[-122.3747,37.71991],[-122.3747,37.71991],[-122.3747,37.71992],[-122.3747,37.71992],[-122.3747,37.71992],[-122.3747,37.71992],[-122.37471,37.71994],[-122.37473,37.71995],[-122.37474,37.71996],[-122.37475,37.71997],[-122.37477,37.71998],[-122.37478,37.72],[-122.37479,37.72001],[-122.37481,37.72002],[-122.37482,37.72003],[-122.37484,37.72004],[-122.37485,37.72005],[-122.37486,37.72006],[-122.37488,37.72007],[-122.37489,37.72008],[-122.37491,37.72009],[-122.37493,37.7201],[-122.37494,37.72011],[-122.37496,37.72012],[-122.37497,37.72013],[-122.37499,37.72013],[-122.37501,37.72014],[-122.37502,37.72015],[-122.37504,37.72016],[-122.37506,37.72017],[-122.37508,37.72017],[-122.37509,37.72018],[-122.37511,37.72019],[-122.37513,37.72019],[-122.37515,37.7202],[-122.37516,37.72021],[-122.37517,37.72021],[-122.3752,37.72022],[-122.37521,37.72022],[-122.37522,37.72022],[-122.37523,37.72023],[-122.37524,37.72023],[-122.37525,37.72023],[-122.37526,37.72024],[-122.37527,37.72024],[-122.37528,37.72024],[-122.37529,37.72025],[-122.3753,37.72025],[-122.37531,37.72025],[-122.37532,37.72026],[-122.37533,37.72026],[-122.37534,37.72027],[-122.37535,37.72027],[-122.37536,37.72028],[-122.37536,37.72028],[-122.37537,37.72029],[-122.37538,37.72029],[-122.37539,37.7203],[-122.3754,37.7203],[-122.37541,37.72031],[-122.37542,37.72032],[-122.37542,37.72032],[-122.37543,37.72033],[-122.37544,37.72033],[-122.37545,37.72034],[-122.37546,37.72035],[-122.37546,37.72035],[-122.37547,37.72036],[-122.37548,37.72037],[-122.37549,37.72037],[-122.37549,37.72038],[-122.3755,37.72039],[-122.37551,37.72039],[-122.37551,37.7204],[-122.37552,37.72041],[-122.37553,37.72041],[-122.37553,37.72042],[-122.37554,37.72043],[-122.37554,37.72044],[-122.37555,37.72044],[-122.37556,37.72045],[-122.37559,37.72055],[-122.37562,37.72065],[-122.37566,37.72075],[-122.37568,37.72085],[-122.37571,37.72095],[-122.37575,37.72111],[-122.37575,37.72112],[-122.37575,37.72112],[-122.37575,37.72112],[-122.37576,37.72112],[-122.37576,37.72113],[-122.37576,37.72113],[-122.37576,37.72113],[-122.37576,37.72113],[-122.37577,37.72114],[-122.37577,37.72114],[-122.37577,37.72114],[-122.37577,37.72114],[-122.37577,37.72115],[-122.37578,37.72115],[-122.37578,37.72115],[-122.37578,37.72115],[-122.37578,37.72115],[-122.37579,37.72116],[-122.37579,37.72116],[-122.37579,37.72116],[-122.37579,37.72116],[-122.3758,37.72116],[-122.3758,37.72117],[-122.3758,37.72117],[-122.37581,37.72117],[-122.37581,37.72117],[-122.37581,37.72117],[-122.37581,37.72117],[-122.37582,37.72118],[-122.37582,37.72118],[-122.37582,37.72118],[-122.37583,37.72118],[-122.37583,37.72118],[-122.37583,37.72118],[-122.37584,37.72119],[-122.37584,37.72119],[-122.37584,37.72119],[-122.37584,37.72119],[-122.37584,37.72119],[-122.37585,37.72119],[-122.37585,37.7212],[-122.37585,37.7212],[-122.37585,37.7212],[-122.37585,37.7212],[-122.37585,37.7212],[-122.37586,37.72121],[-122.37586,37.72121],[-122.37586,37.72121],[-122.37586,37.72121],[-122.37586,37.72121],[-122.37586,37.72121],[-122.37586,37.72122],[-122.37587,37.72122],[-122.37587,37.72122],[-122.37587,37.72122],[-122.37587,37.72123],[-122.37587,37.72123],[-122.37587,37.72123],[-122.37587,37.72123],[-122.37587,37.72123],[-122.37588,37.72124],[-122.37588,37.72124],[-122.37588,37.72124],[-122.37588,37.72124],[-122.37588,37.72124],[-122.37588,37.72125],[-122.37588,37.72125],[-122.37588,37.72125],[-122.37588,37.72125],[-122.37588,37.72126],[-122.37588,37.72126],[-122.37588,37.72126],[-122.37588,37.72126],[-122.37588,37.72126],[-122.37588,37.72127],[-122.37588,37.72127],[-122.37588,37.72127],[-122.37588,37.72127],[-122.37588,37.72128],[-122.37588,37.72128],[-122.37588,37.72129],[-122.37587,37.72131],[-122.37587,37.72132],[-122.37586,37.72133],[-122.37586,37.72135],[-122.37585,37.72136],[-122.37585,37.72138],[-122.37584,37.72139],[-122.37584,37.7214],[-122.37584,37.72142],[-122.37583,37.72143],[-122.37583,37.72145],[-122.37583,37.72146],[-122.37583,37.72148],[-122.37582,37.72149],[-122.37582,37.72151],[-122.37582,37.72152],[-122.37582,37.72153],[-122.37582,37.72155],[-122.37582,37.72156],[-122.37582,37.72158],[-122.37582,37.72159],[-122.37582,37.72161],[-122.37582,37.72162],[-122.37583,37.72164],[-122.37583,37.72165],[-122.37583,37.72167],[-122.37583,37.72168],[-122.37583,37.72169],[-122.37584,37.72171],[-122.37584,37.72172],[-122.37585,37.72175],[-122.37585,37.72177],[-122.37586,37.7218],[-122.37587,37.72183],[-122.37587,37.72186],[-122.37588,37.72189],[-122.37588,37.72192],[-122.37589,37.72195],[-122.37589,37.72198],[-122.37589,37.72201],[-122.37589,37.72204],[-122.37589,37.72207],[-122.3759,37.72208],[-122.3759,37.72208],[-122.3759,37.72209],[-122.3759,37.72209],[-122.37591,37.7221],[-122.37591,37.72211],[-122.37591,37.72211],[-122.37591,37.72212],[-122.37591,37.72213],[-122.37592,37.72213],[-122.37592,37.72214],[-122.37592,37.72215],[-122.37592,37.72215],[-122.37592,37.72216],[-122.37592,37.72217],[-122.37592,37.72217],[-122.37592,37.72218],[-122.37592,37.72219],[-122.37592,37.72219],[-122.37592,37.7222],[-122.37592,37.72221],[-122.37592,37.72221],[-122.37592,37.72222],[-122.37592,37.72223],[-122.37592,37.72223],[-122.37592,37.72224],[-122.37592,37.72225],[-122.37592,37.72226],[-122.37591,37.72227],[-122.37591,37.72229],[-122.37591,37.72231],[-122.37591,37.72232],[-122.3759,37.72234],[-122.3759,37.72235],[-122.3759,37.72237],[-122.3759,37.72239],[-122.3759,37.7224],[-122.3759,37.72242],[-122.3759,37.72244],[-122.3759,37.72245],[-122.3759,37.72247],[-122.3759,37.72249],[-122.3759,37.7225],[-122.3759,37.72252],[-122.37591,37.72253],[-122.37591,37.72255],[-122.37591,37.72257],[-122.37591,37.72258],[-122.37592,37.7226],[-122.37592,37.72261],[-122.37593,37.72263],[-122.37593,37.72265],[-122.37594,37.72266],[-122.37594,37.72268],[-122.37595,37.72269],[-122.37595,37.72271],[-122.37596,37.72272],[-122.37597,37.72274],[-122.37597,37.72276],[-122.37598,37.72277],[-122.37599,37.72279],[-122.376,37.7228],[-122.376,37.72282],[-122.37601,37.72283],[-122.37603,37.72286],[-122.37604,37.72287],[-122.37605,37.72289],[-122.37606,37.72291],[-122.37607,37.72292],[-122.37608,37.72294],[-122.37609,37.72296],[-122.3761,37.72297],[-122.37612,37.72299],[-122.37613,37.723],[-122.37614,37.72302],[-122.37615,37.72303],[-122.37617,37.72305],[-122.37618,37.72306],[-122.37619,37.72308],[-122.37621,37.72309],[-122.37622,37.72311],[-122.37624,37.72312],[-122.37625,37.72313],[-122.37627,37.72315],[-122.37628,37.72316],[-122.3763,37.72317],[-122.37632,37.72319],[-122.37633,37.7232],[-122.37635,37.72321],[-122.37637,37.72322],[-122.37638,37.72324],[-122.3764,37.72325],[-122.37642,37.72326],[-122.37644,37.72327],[-122.37646,37.72328],[-122.37648,37.72329],[-122.37649,37.7233],[-122.37651,37.72331],[-122.37655,37.72333],[-122.37656,37.72333],[-122.37656,37.72334],[-122.37657,37.72334],[-122.37657,37.72334],[-122.37658,37.72334],[-122.37659,37.72335],[-122.37659,37.72335],[-122.3766,37.72335],[-122.3766,37.72336],[-122.37661,37.72336],[-122.37661,37.72336],[-122.37662,37.72336],[-122.37662,37.72337],[-122.37663,37.72337],[-122.37663,37.72337],[-122.37664,37.72338],[-122.37664,37.72338],[-122.37664,37.72338],[-122.37665,37.72339],[-122.37665,37.72339],[-122.37666,37.7234],[-122.37666,37.7234],[-122.37667,37.7234],[-122.37667,37.72341],[-122.37667,37.72341],[-122.37668,37.72342],[-122.37668,37.72342],[-122.37669,37.72342],[-122.37669,37.72343],[-122.37669,37.72343],[-122.3767,37.72344],[-122.3767,37.72344],[-122.3767,37.72344],[-122.37671,37.72345],[-122.37671,37.72345],[-122.37671,37.72346],[-122.37671,37.72346],[-122.37672,37.72347],[-122.37672,37.72348],[-122.37672,37.72348],[-122.37672,37.72348],[-122.37672,37.72348],[-122.37672,37.72349],[-122.37672,37.72349],[-122.37672,37.72349],[-122.37672,37.7235],[-122.37672,37.7235],[-122.37672,37.7235],[-122.37672,37.72351],[-122.37671,37.72351],[-122.37671,37.72351],[-122.37671,37.72351],[-122.37671,37.72352],[-122.37671,37.72352],[-122.37671,37.72352],[-122.37671,37.72353],[-122.37671,37.72353],[-122.3767,37.72353],[-122.3767,37.72354],[-122.3767,37.72354],[-122.3767,37.72354],[-122.3767,37.72354],[-122.3767,37.72355],[-122.37669,37.72355],[-122.37669,37.72355],[-122.37669,37.72355],[-122.37669,37.72356],[-122.37669,37.72356],[-122.37668,37.72356],[-122.37668,37.72356],[-122.37668,37.72357],[-122.37668,37.72357],[-122.37667,37.72357],[-122.37667,37.72357],[-122.37667,37.72358],[-122.37667,37.72358],[-122.37666,37.72358],[-122.37666,37.72358],[-122.37666,37.72359],[-122.37666,37.72359],[-122.37708,37.72424],[-122.37708,37.72424],[-122.37709,37.72423],[-122.37709,37.72423],[-122.37709,37.72423],[-122.3771,37.72423],[-122.3771,37.72422],[-122.37711,37.72422],[-122.37711,37.72422],[-122.37711,37.72422],[-122.37712,37.72421],[-122.37712,37.72421],[-122.37713,37.72421],[-122.37713,37.72421],[-122.37713,37.7242],[-122.37714,37.7242],[-122.37714,37.7242],[-122.37715,37.7242],[-122.37715,37.72419],[-122.37716,37.72419],[-122.37716,37.72419],[-122.37717,37.72419],[-122.37717,37.72419],[-122.37718,37.72418],[-122.37718,37.72418],[-122.37718,37.72418],[-122.37719,37.72418],[-122.37719,37.72418],[-122.3772,37.72418],[-122.3772,37.72417],[-122.37721,37.72417],[-122.37721,37.72417],[-122.37722,37.72417],[-122.37722,37.72417],[-122.37723,37.72417],[-122.37723,37.72417],[-122.37724,37.72417],[-122.37724,37.72417],[-122.37725,37.72416],[-122.37725,37.72416],[-122.37726,37.72416],[-122.37726,37.72416],[-122.37727,37.72416],[-122.37727,37.72416],[-122.37728,37.72416],[-122.37728,37.72416],[-122.37729,37.72416],[-122.3773,37.72416],[-122.3773,37.72416],[-122.37732,37.72416],[-122.37735,37.72416],[-122.37737,37.72417],[-122.37739,37.72417],[-122.37741,37.72417],[-122.37743,37.72417],[-122.37746,37.72417],[-122.37748,37.72417],[-122.3775,37.72417],[-122.37752,37.72417],[-122.37754,37.72417],[-122.37756,37.72417],[-122.37759,37.72417],[-122.37761,37.72417],[-122.37763,37.72416],[-122.37765,37.72416],[-122.37767,37.72416],[-122.3777,37.72416],[-122.37772,37.72415],[-122.37774,37.72415],[-122.37776,37.72415],[-122.37778,37.72414],[-122.3778,37.72414],[-122.37782,37.72413],[-122.37786,37.72409],[-122.3779,37.72411],[-122.37795,37.72409],[-122.378,37.72408],[-122.37805,37.72407],[-122.3781,37.72405],[-122.37815,37.72404],[-122.3782,37.72403],[-122.37825,37.72402],[-122.3783,37.72401],[-122.37838,37.724],[-122.3784,37.72399],[-122.37841,37.72399],[-122.37843,37.72399],[-122.37845,37.72399],[-122.37847,37.72399],[-122.37849,37.72398],[-122.3785,37.72398],[-122.37852,37.72398],[-122.37854,37.72397],[-122.37856,37.72397],[-122.37857,37.72396],[-122.37859,37.72396],[-122.37861,37.72395],[-122.37863,37.72395],[-122.37864,37.72394],[-122.37866,37.72394],[-122.37868,37.72393],[-122.3787,37.72393],[-122.37871,37.72392],[-122.37873,37.72391],[-122.37874,37.72391],[-122.37876,37.7239],[-122.37878,37.72389],[-122.37879,37.72389],[-122.37881,37.72388],[-122.37882,37.72387],[-122.37884,37.72386],[-122.37886,37.72385],[-122.37887,37.72385],[-122.37889,37.72384],[-122.3789,37.72383],[-122.37891,37.72382],[-122.37893,37.72381],[-122.37894,37.7238],[-122.37896,37.72379],[-122.37897,37.72378],[-122.37898,37.72377],[-122.379,37.72376],[-122.37901,37.72375],[-122.37902,37.72374],[-122.37904,37.72373],[-122.37905,37.72372],[-122.37906,37.7237],[-122.37908,37.72368],[-122.37909,37.72366],[-122.3791,37.72365],[-122.37911,37.72363],[-122.37912,37.72361],[-122.37913,37.72359],[-122.37914,37.72357],[-122.37915,37.72355],[-122.37916,37.72354],[-122.37917,37.72352],[-122.37918,37.7235],[-122.37919,37.72348],[-122.37919,37.72346],[-122.3792,37.72344],[-122.37921,37.72342],[-122.37921,37.7234],[-122.37922,37.72338],[-122.37922,37.72336],[-122.37923,37.72334],[-122.37923,37.72332],[-122.37924,37.7233],[-122.37924,37.72328],[-122.37924,37.72326],[-122.37925,37.72324],[-122.37925,37.72322],[-122.37925,37.7232],[-122.37925,37.72318],[-122.37925,37.72316],[-122.37925,37.72315],[-122.37925,37.72315],[-122.37925,37.72315],[-122.37925,37.72315],[-122.37925,37.72314],[-122.37925,37.72314],[-122.37925,37.72314],[-122.37925,37.72313],[-122.37925,37.72313],[-122.37926,37.72313],[-122.37926,37.72312],[-122.37926,37.72312],[-122.37926,37.72312],[-122.37926,37.72312],[-122.37926,37.72311],[-122.37926,37.72311],[-122.37926,37.72311],[-122.37926,37.7231],[-122.37926,37.7231],[-122.37926,37.7231],[-122.37926,37.7231],[-122.37926,37.72309],[-122.37927,37.72309],[-122.37927,37.72309],[-122.37927,37.72308],[-122.37927,37.72308],[-122.37927,37.72308],[-122.37927,37.72308],[-122.37927,37.72307],[-122.37928,37.72307],[-122.37928,37.72307],[-122.37928,37.72307],[-122.37928,37.72306],[-122.37928,37.72306],[-122.37928,37.72306],[-122.37929,37.72306],[-122.37929,37.72305],[-122.37929,37.72305],[-122.37929,37.72305],[-122.37929,37.72305],[-122.3793,37.72304],[-122.3793,37.72304],[-122.3793,37.72304],[-122.3793,37.72304],[-122.37931,37.72303],[-122.37931,37.72303],[-122.37931,37.72303],[-122.37931,37.72303],[-122.37932,37.72303],[-122.37932,37.72302],[-122.37932,37.72302],[-122.37932,37.72302],[-122.37933,37.72302],[-122.37933,37.72302],[-122.37933,37.72301],[-122.37934,37.72301],[-122.37934,37.72301],[-122.37934,37.72301],[-122.37935,37.72301],[-122.37935,37.723],[-122.37935,37.723],[-122.37935,37.723],[-122.37936,37.723],[-122.37936,37.723],[-122.37936,37.723],[-122.37937,37.723],[-122.37937,37.72299],[-122.37937,37.72299],[-122.37938,37.72299],[-122.37938,37.72299],[-122.37938,37.72299],[-122.37939,37.72299],[-122.37939,37.72299],[-122.37939,37.72299],[-122.3794,37.72298],[-122.3794,37.72298],[-122.37941,37.72298],[-122.37941,37.72298],[-122.37941,37.72298],[-122.37942,37.72298],[-122.37942,37.72298],[-122.37942,37.72298],[-122.37943,37.72298],[-122.37943,37.72298],[-122.37943,37.72298],[-122.37944,37.72298],[-122.37945,37.72298],[-122.37945,37.72298],[-122.37946,37.72298],[-122.37947,37.72297],[-122.37948,37.72297],[-122.37949,37.72297],[-122.37949,37.72297],[-122.3795,37.72297],[-122.37951,37.72297],[-122.37952,37.72297],[-122.37952,37.72297],[-122.37953,37.72296],[-122.37954,37.72296],[-122.37955,37.72296],[-122.37955,37.72296],[-122.37956,37.72296],[-122.37957,37.72295],[-122.37957,37.72295],[-122.37958,37.72295],[-122.37959,37.72295],[-122.3796,37.72295],[-122.3796,37.72294],[-122.37961,37.72294],[-122.37962,37.72294],[-122.37962,37.72293],[-122.37963,37.72293],[-122.37964,37.72293],[-122.37964,37.72292],[-122.37965,37.72292],[-122.37966,37.72292],[-122.37966,37.72291],[-122.37967,37.72291],[-122.37968,37.72291],[-122.37968,37.7229],[-122.37969,37.7229],[-122.37969,37.7229],[-122.3797,37.72289],[-122.37971,37.72289],[-122.37971,37.72288],[-122.37972,37.72288],[-122.37972,37.72288],[-122.37973,37.72287],[-122.37973,37.72287],[-122.37974,37.72286],[-122.37974,37.72286],[-122.37975,37.72285],[-122.37975,37.72285],[-122.37976,37.72284],[-122.37976,37.72284],[-122.37977,37.72283],[-122.37977,37.72283],[-122.37978,37.72282],[-122.37978,37.72282],[-122.37978,37.72281],[-122.37979,37.72281],[-122.37979,37.7228],[-122.3798,37.7228],[-122.3798,37.72279],[-122.3798,37.72279],[-122.37981,37.72278],[-122.37981,37.72278],[-122.37981,37.72277],[-122.37982,37.72276],[-122.37982,37.72276],[-122.37982,37.72275],[-122.37981,37.7227],[-122.37987,37.72259],[-122.37993,37.72237],[-122.37994,37.72237],[-122.37994,37.72236],[-122.37994,37.72235],[-122.37994,37.72235],[-122.37994,37.72234],[-122.37994,37.72234],[-122.37994,37.72233],[-122.37995,37.72233],[-122.37995,37.72232],[-122.37995,37.72231],[-122.37995,37.72231],[-122.37996,37.7223],[-122.37996,37.7223],[-122.37996,37.72229],[-122.37996,37.72229],[-122.37997,37.72228],[-122.37997,37.72228],[-122.37997,37.72227],[-122.37998,37.72227],[-122.37998,37.72226],[-122.37998,37.72226],[-122.37999,37.72225],[-122.37999,37.72225],[-122.38,37.72224],[-122.38,37.72224],[-122.38,37.72223],[-122.38001,37.72223],[-122.38001,37.72222],[-122.38002,37.72222],[-122.38002,37.72221],[-122.38003,37.72221],[-122.38003,37.7222],[-122.38003,37.7222],[-122.38004,37.72219],[-122.38004,37.72219],[-122.38005,37.72219],[-122.38005,37.72218],[-122.38006,37.72218],[-122.38007,37.72217],[-122.38007,37.72217],[-122.38008,37.72217],[-122.38008,37.72216],[-122.38009,37.72216],[-122.38009,37.72215],[-122.3801,37.72215],[-122.38011,37.72215],[-122.38011,37.72214],[-122.38012,37.72214],[-122.38012,37.72214],[-122.38013,37.72213],[-122.38014,37.72213],[-122.38014,37.72213],[-122.38015,37.72213],[-122.38016,37.72212],[-122.38016,37.72212],[-122.38017,37.72212],[-122.38018,37.72211],[-122.3802,37.7221],[-122.38022,37.72209],[-122.38024,37.72207],[-122.38026,37.72206],[-122.38028,37.72204],[-122.3803,37.72203],[-122.38032,37.72201],[-122.38034,37.722],[-122.38035,37.72198],[-122.38037,37.72197],[-122.38039,37.72195],[-122.38041,37.72194],[-122.38042,37.72192],[-122.38044,37.7219],[-122.38045,37.72189],[-122.38047,37.72187],[-122.3805,37.72184],[-122.3805,37.72183],[-122.38051,37.72183],[-122.38052,37.72183],[-122.38052,37.72182],[-122.38053,37.72182],[-122.38054,37.72182],[-122.38054,37.72181],[-122.38055,37.72181],[-122.38055,37.72181],[-122.38056,37.7218],[-122.38057,37.7218],[-122.38057,37.7218],[-122.38058,37.7218],[-122.38059,37.72179],[-122.38059,37.72179],[-122.3806,37.72179],[-122.38061,37.72179],[-122.38061,37.72178],[-122.38062,37.72178],[-122.38063,37.72178],[-122.38064,37.72178],[-122.38064,37.72177],[-122.38065,37.72177],[-122.38066,37.72177],[-122.38066,37.72177],[-122.38067,37.72177],[-122.38068,37.72177],[-122.38069,37.72177],[-122.38069,37.72176],[-122.3807,37.72176],[-122.38071,37.72176],[-122.38072,37.72176],[-122.38072,37.72176],[-122.38073,37.72176],[-122.38074,37.72176],[-122.38075,37.72176],[-122.38075,37.72176],[-122.38076,37.72176],[-122.38077,37.72176],[-122.38078,37.72176],[-122.38078,37.72176],[-122.38079,37.72176],[-122.3808,37.72176],[-122.38081,37.72176],[-122.38081,37.72176],[-122.38082,37.72176],[-122.38083,37.72176],[-122.38084,37.72176],[-122.38084,37.72176],[-122.38085,37.72176],[-122.38086,37.72176],[-122.38087,37.72177],[-122.38087,37.72177],[-122.38088,37.72177],[-122.38089,37.72177],[-122.3809,37.72177],[-122.3809,37.72177],[-122.38091,37.72178],[-122.38092,37.72178],[-122.38092,37.72178],[-122.38093,37.72178],[-122.38094,37.72178],[-122.38094,37.72179],[-122.38095,37.72179],[-122.38096,37.72179],[-122.38097,37.7218],[-122.38121,37.72193],[-122.38159,37.72214],[-122.3816,37.72214],[-122.38161,37.72215],[-122.38162,37.72215],[-122.38163,37.72215],[-122.38164,37.72216],[-122.38165,37.72216],[-122.38166,37.72217],[-122.38167,37.72217],[-122.38168,37.72217],[-122.38169,37.72218],[-122.3817,37.72218],[-122.38171,37.72218],[-122.38173,37.72218],[-122.38174,37.72219],[-122.38175,37.72219],[-122.38176,37.72219],[-122.38177,37.72219],[-122.38178,37.7222],[-122.3818,37.7222],[-122.38181,37.7222],[-122.38182,37.7222],[-122.38183,37.7222],[-122.38184,37.7222],[-122.38185,37.7222],[-122.38187,37.72221],[-122.38188,37.72221],[-122.38189,37.72221],[-122.3819,37.72221],[-122.38191,37.72221],[-122.38192,37.72221],[-122.38194,37.72221],[-122.38195,37.72221],[-122.38196,37.72221],[-122.38197,37.72221],[-122.38198,37.7222],[-122.382,37.7222],[-122.38201,37.7222],[-122.38202,37.7222],[-122.38213,37.72216],[-122.38205,37.7222],[-122.38207,37.72221],[-122.38208,37.72221],[-122.38209,37.72221],[-122.38211,37.72222],[-122.38212,37.72222],[-122.38213,37.72223],[-122.38215,37.72223],[-122.38216,37.72224],[-122.38217,37.72224],[-122.38219,37.72225],[-122.38219,37.72225],[-122.3822,37.72226],[-122.38221,37.72226],[-122.38222,37.72227],[-122.38223,37.72227],[-122.38223,37.72227],[-122.38223,37.72227],[-122.38224,37.72227],[-122.38224,37.72228],[-122.38224,37.72228],[-122.38225,37.72228],[-122.38225,37.72228],[-122.38225,37.72228],[-122.38226,37.72228],[-122.38226,37.72228],[-122.38226,37.72228],[-122.38227,37.72229],[-122.38227,37.72229],[-122.38228,37.72229],[-122.38228,37.72229],[-122.38228,37.72229],[-122.38229,37.72229],[-122.38229,37.72229],[-122.38229,37.72229],[-122.3823,37.72229],[-122.3823,37.72229],[-122.3823,37.72229],[-122.38231,37.72229],[-122.38231,37.72229],[-122.38232,37.72229],[-122.38232,37.72229],[-122.38232,37.72229],[-122.38232,37.7223],[-122.38233,37.7223],[-122.38233,37.7223],[-122.38233,37.7223],[-122.38233,37.7223],[-122.38234,37.7223],[-122.38234,37.7223],[-122.38234,37.7223],[-122.38234,37.7223],[-122.38235,37.7223],[-122.38235,37.7223],[-122.38235,37.7223],[-122.38235,37.7223],[-122.38236,37.7223],[-122.38236,37.7223],[-122.38236,37.7223],[-122.38236,37.7223],[-122.38237,37.72231],[-122.38237,37.72231],[-122.38237,37.72231],[-122.38237,37.72231],[-122.38237,37.72231],[-122.38237,37.72231],[-122.38238,37.72231],[-122.38238,37.72231],[-122.38238,37.72231],[-122.38238,37.72231],[-122.38238,37.72231],[-122.38239,37.72231],[-122.38239,37.72232],[-122.38239,37.72232],[-122.38239,37.72232],[-122.38239,37.72232],[-122.3824,37.72232],[-122.3824,37.72232],[-122.3824,37.72232],[-122.3824,37.72232],[-122.3824,37.72233],[-122.38241,37.72233],[-122.38241,37.72233],[-122.38241,37.72233],[-122.38241,37.72233],[-122.38241,37.72233],[-122.38242,37.72234],[-122.38242,37.72234],[-122.38242,37.72234],[-122.38242,37.72234],[-122.38242,37.72234],[-122.38242,37.72234],[-122.38243,37.72235],[-122.38243,37.72235],[-122.38243,37.72235],[-122.38243,37.72235],[-122.38243,37.72235],[-122.38243,37.72235],[-122.38243,37.72235],[-122.38243,37.72236],[-122.38243,37.72236],[-122.38243,37.72236],[-122.38244,37.72236],[-122.38244,37.72236],[-122.38244,37.72236],[-122.38244,37.72236],[-122.38244,37.72236],[-122.38244,37.72236],[-122.38244,37.72236],[-122.38244,37.72236],[-122.38244,37.72236],[-122.38244,37.72236],[-122.38244,37.72236],[-122.38244,37.72237],[-122.38244,37.72237],[-122.38244,37.72237],[-122.38244,37.72237],[-122.38244,37.72237],[-122.38245,37.72237],[-122.38245,37.72237],[-122.38245,37.72237],[-122.38245,37.72237],[-122.38245,37.72237],[-122.38245,37.72237],[-122.38245,37.72237],[-122.38245,37.72237],[-122.38245,37.72237],[-122.38245,37.72237],[-122.38245,37.72237],[-122.38245,37.72237],[-122.38245,37.72237],[-122.38245,37.72237],[-122.38246,37.72237],[-122.38246,37.72237],[-122.38246,37.72237],[-122.38246,37.72238],[-122.38246,37.72238],[-122.38246,37.72238],[-122.38246,37.72238],[-122.38246,37.72238],[-122.38246,37.72238],[-122.38246,37.72238],[-122.38246,37.72238],[-122.38247,37.72238],[-122.38247,37.72238],[-122.38247,37.72238],[-122.38247,37.72238],[-122.38247,37.72238],[-122.38247,37.72238],[-122.38247,37.72238],[-122.38247,37.72238],[-122.38247,37.72238],[-122.38247,37.72238],[-122.38248,37.72238],[-122.38248,37.72238],[-122.38248,37.72238],[-122.38248,37.72238],[-122.38248,37.72238],[-122.38248,37.72238],[-122.38248,37.72238],[-122.38248,37.72238],[-122.38248,37.72238],[-122.38248,37.72238],[-122.38249,37.72238],[-122.38249,37.72238],[-122.38249,37.72238],[-122.38249,37.72238],[-122.38249,37.72238],[-122.38249,37.72238],[-122.38249,37.72238],[-122.38249,37.72238],[-122.38249,37.72238],[-122.38249,37.72238],[-122.3825,37.72238],[-122.3825,37.72238],[-122.3825,37.72238],[-122.3825,37.72238],[-122.3825,37.72238],[-122.3825,37.72238],[-122.3825,37.72238],[-122.38251,37.72238],[-122.38251,37.72238],[-122.38251,37.72238],[-122.38251,37.72238],[-122.38251,37.72238],[-122.38251,37.72238],[-122.38251,37.72238],[-122.38252,37.72238],[-122.38252,37.72238],[-122.38252,37.72238],[-122.38252,37.72238],[-122.38252,37.72238],[-122.38252,37.72238],[-122.38252,37.72238],[-122.38252,37.72238],[-122.38253,37.72238],[-122.38253,37.72238],[-122.38253,37.72238],[-122.38253,37.72238],[-122.38253,37.72238],[-122.38253,37.72238],[-122.38253,37.72238],[-122.38253,37.72238],[-122.38254,37.72238],[-122.38254,37.72238],[-122.38254,37.72238],[-122.38254,37.72238],[-122.38254,37.72238],[-122.38254,37.72238],[-122.38254,37.72238],[-122.38254,37.72238],[-122.38255,37.72239],[-122.38255,37.72239],[-122.38255,37.72239],[-122.38255,37.72239],[-122.38255,37.72239],[-122.38255,37.72239],[-122.38255,37.72239],[-122.38255,37.72239],[-122.38256,37.72239],[-122.38256,37.72239],[-122.38256,37.72239],[-122.38256,37.72239],[-122.38256,37.72239],[-122.38256,37.72239],[-122.38256,37.72239],[-122.38256,37.72239],[-122.38256,37.7224],[-122.38257,37.7224],[-122.38257,37.7224],[-122.38257,37.7224],[-122.38257,37.7224],[-122.38257,37.7224],[-122.38257,37.7224],[-122.38257,37.7224],[-122.38257,37.7224],[-122.38257,37.7224],[-122.38257,37.7224],[-122.38257,37.7224],[-122.38258,37.72241],[-122.38258,37.72241],[-122.38258,37.72241],[-122.38258,37.72241],[-122.38258,37.72241],[-122.38258,37.72241],[-122.38258,37.72241],[-122.38258,37.72241],[-122.38258,37.72241],[-122.38258,37.72241],[-122.38258,37.72241],[-122.38258,37.72242],[-122.38258,37.72242],[-122.38258,37.72242],[-122.38258,37.72242],[-122.38258,37.72242],[-122.38259,37.72242],[-122.38259,37.72242],[-122.38259,37.72242],[-122.38259,37.72242],[-122.38259,37.72242],[-122.38259,37.72242],[-122.38259,37.72242],[-122.38259,37.72243],[-122.38259,37.72243],[-122.38259,37.72243],[-122.38259,37.72243],[-122.38259,37.72243],[-122.38259,37.72243],[-122.38259,37.72243],[-122.38259,37.72243],[-122.38259,37.72243],[-122.38259,37.72244],[-122.38259,37.72244],[-122.38259,37.72244],[-122.38259,37.72244],[-122.38259,37.72244],[-122.38259,37.72244],[-122.38259,37.72244],[-122.38259,37.72244],[-122.38259,37.72244],[-122.38259,37.72245],[-122.38259,37.72245],[-122.38259,37.72245],[-122.38259,37.72245],[-122.38259,37.72245],[-122.38259,37.72245],[-122.38259,37.72245],[-122.38259,37.72245],[-122.38259,37.72245],[-122.38259,37.72245],[-122.38259,37.72245],[-122.38259,37.72245],[-122.38259,37.72245],[-122.38259,37.72246],[-122.38259,37.72246],[-122.38259,37.72246],[-122.38259,37.72246],[-122.38259,37.72246],[-122.38259,37.72246],[-122.38259,37.72246],[-122.38259,37.72246],[-122.38259,37.72246],[-122.38259,37.72246],[-122.38259,37.72246],[-122.38259,37.72246],[-122.38259,37.72246],[-122.38259,37.72246],[-122.38259,37.72246],[-122.38259,37.72247],[-122.38259,37.72247],[-122.38259,37.72247],[-122.38259,37.72247],[-122.38259,37.72247],[-122.38259,37.72247],[-122.38259,37.72247],[-122.38259,37.72247],[-122.38259,37.72247],[-122.38259,37.72247],[-122.38259,37.72247],[-122.3826,37.72247],[-122.3826,37.72247],[-122.3826,37.72247],[-122.3826,37.72247],[-122.3826,37.72247],[-122.3826,37.72247],[-122.3826,37.72247],[-122.3826,37.72248],[-122.3826,37.72248],[-122.3826,37.72248],[-122.3826,37.72248],[-122.3826,37.72248],[-122.3826,37.72248],[-122.3826,37.72248],[-122.3826,37.72248],[-122.3826,37.72248],[-122.3826,37.72248],[-122.3826,37.72248],[-122.3826,37.72248],[-122.38261,37.72248],[-122.38261,37.72248],[-122.38261,37.72248],[-122.38261,37.72248],[-122.38261,37.72248],[-122.38261,37.72248],[-122.38261,37.72248],[-122.38261,37.72248],[-122.38261,37.72248],[-122.38261,37.72249],[-122.38261,37.72249],[-122.38261,37.72249],[-122.38261,37.72249],[-122.38261,37.72249],[-122.38262,37.72249],[-122.38262,37.72249],[-122.38262,37.72249],[-122.38262,37.72249],[-122.38262,37.72249],[-122.38262,37.72249],[-122.38262,37.72249],[-122.38262,37.72249],[-122.38262,37.72249],[-122.38262,37.72249],[-122.38262,37.72249],[-122.38262,37.72249],[-122.38262,37.72249],[-122.38263,37.72249],[-122.38264,37.7225],[-122.38264,37.7225],[-122.38266,37.72251],[-122.38268,37.72252],[-122.38269,37.72253],[-122.38271,37.72254],[-122.38273,37.72256],[-122.38274,37.72256],[-122.38276,37.72257],[-122.38276,37.72257],[-122.38278,37.72258],[-122.3828,37.72259],[-122.38282,37.7226],[-122.38282,37.7226],[-122.38282,37.7226],[-122.38282,37.72261],[-122.38282,37.72261],[-122.38282,37.72261],[-122.38282,37.72261],[-122.38283,37.72261],[-122.38283,37.72261],[-122.38283,37.72261],[-122.38283,37.72261],[-122.38283,37.72261],[-122.38283,37.72261],[-122.38283,37.72261],[-122.38283,37.72261],[-122.38283,37.72261],[-122.38283,37.72262],[-122.38283,37.72262],[-122.38284,37.72262],[-122.38284,37.72262],[-122.38284,37.72262],[-122.38284,37.72262],[-122.38284,37.72262],[-122.38284,37.72262],[-122.38284,37.72262],[-122.38284,37.72262],[-122.38284,37.72262],[-122.38285,37.72262],[-122.38285,37.72262],[-122.38285,37.72262],[-122.38285,37.72262],[-122.38285,37.72262],[-122.38285,37.72262],[-122.38285,37.72262],[-122.38285,37.72262],[-122.38285,37.72263],[-122.38286,37.72263],[-122.38286,37.72263],[-122.38286,37.72263],[-122.38286,37.72263],[-122.38286,37.72263],[-122.38286,37.72263],[-122.38286,37.72263],[-122.38286,37.72263],[-122.38286,37.72263],[-122.38287,37.72263],[-122.38287,37.72263],[-122.38287,37.72263],[-122.38287,37.72263],[-122.38287,37.72263],[-122.38287,37.72263],[-122.38287,37.72263],[-122.38287,37.72263],[-122.38288,37.72263],[-122.38288,37.72263],[-122.38288,37.72263],[-122.38288,37.72263],[-122.38288,37.72263],[-122.38288,37.72263],[-122.38288,37.72263],[-122.38289,37.72263],[-122.38289,37.72263],[-122.38289,37.72263],[-122.38289,37.72263],[-122.38289,37.72263],[-122.38289,37.72263],[-122.38289,37.72263],[-122.38289,37.72263],[-122.3829,37.72263],[-122.38294,37.72259],[-122.3829,37.72263],[-122.3829,37.72263],[-122.3829,37.72263],[-122.3829,37.72263],[-122.3829,37.72263],[-122.3829,37.72263],[-122.3829,37.72263],[-122.3829,37.72263],[-122.3829,37.72263],[-122.3829,37.72263],[-122.3829,37.72263],[-122.3829,37.72263],[-122.38291,37.72263],[-122.38291,37.72263],[-122.38291,37.72263],[-122.38291,37.72263],[-122.38291,37.72263],[-122.38291,37.72263],[-122.38291,37.72263],[-122.38291,37.72263],[-122.38291,37.72263],[-122.38291,37.72263],[-122.38291,37.72263],[-122.38291,37.72263],[-122.38291,37.72263],[-122.38291,37.72263],[-122.38291,37.72263],[-122.38291,37.72263],[-122.38292,37.72263],[-122.38292,37.72263],[-122.38292,37.72263],[-122.38292,37.72263],[-122.38292,37.72263],[-122.38292,37.72263],[-122.38292,37.72263],[-122.38292,37.72263],[-122.38292,37.72263],[-122.38292,37.72263],[-122.38292,37.72263],[-122.38292,37.72263],[-122.38292,37.72263],[-122.38292,37.72263],[-122.38292,37.72263],[-122.38292,37.72263],[-122.38292,37.72263],[-122.38292,37.72263],[-122.38293,37.72263],[-122.38293,37.72263],[-122.38293,37.72263],[-122.38293,37.72264],[-122.38293,37.72264],[-122.38293,37.72264],[-122.38293,37.72264],[-122.38293,37.72264],[-122.38293,37.72264],[-122.38293,37.72264],[-122.38293,37.72264],[-122.38293,37.72264],[-122.38293,37.72264],[-122.38293,37.72264],[-122.38293,37.72264],[-122.38293,37.72264],[-122.38293,37.72264],[-122.38293,37.72264],[-122.38293,37.72264],[-122.38293,37.72264],[-122.38293,37.72264],[-122.38293,37.72264],[-122.38293,37.72264],[-122.38293,37.72264],[-122.38294,37.72264],[-122.38294,37.72264],[-122.38294,37.72264],[-122.38294,37.72264],[-122.38294,37.72264],[-122.38294,37.72265],[-122.38294,37.72265],[-122.38294,37.72265],[-122.38294,37.72265],[-122.38294,37.72265],[-122.38294,37.72265],[-122.38294,37.72265],[-122.38294,37.72265],[-122.38294,37.72265],[-122.38294,37.72265],[-122.38294,37.72265],[-122.38294,37.72265],[-122.38294,37.72265],[-122.38294,37.72265],[-122.38294,37.72265],[-122.38294,37.72265],[-122.38294,37.72265],[-122.38294,37.72265],[-122.38294,37.72265],[-122.38294,37.72265],[-122.38294,37.72266],[-122.38294,37.72266],[-122.38294,37.72266],[-122.38294,37.72266],[-122.38294,37.72266],[-122.38294,37.72266],[-122.38294,37.72266],[-122.38294,37.72266],[-122.38294,37.72266],[-122.38294,37.72266],[-122.38295,37.72267],[-122.38295,37.72267],[-122.38295,37.72267],[-122.38295,37.72267],[-122.38295,37.72268],[-122.38296,37.72268],[-122.38296,37.72268],[-122.38296,37.72268],[-122.38296,37.72269],[-122.38297,37.72269],[-122.38297,37.72269],[-122.38297,37.72269],[-122.38297,37.72269],[-122.38298,37.7227],[-122.38298,37.7227],[-122.38298,37.7227],[-122.38299,37.7227],[-122.38299,37.7227],[-122.38299,37.72271],[-122.38299,37.72271],[-122.38299,37.72271],[-122.38299,37.72271],[-122.383,37.72271],[-122.383,37.72271],[-122.383,37.72271],[-122.38301,37.72272],[-122.38301,37.72272],[-122.38301,37.72272],[-122.38302,37.72272],[-122.38302,37.72272],[-122.38302,37.72272],[-122.38303,37.72273],[-122.38303,37.72273],[-122.38303,37.72273],[-122.38304,37.72273],[-122.38304,37.72273],[-122.38304,37.72273],[-122.38304,37.72273],[-122.38305,37.72273],[-122.38305,37.72273],[-122.38305,37.72274],[-122.38306,37.72274],[-122.38307,37.72274],[-122.38307,37.72274],[-122.38308,37.72275],[-122.38309,37.72275],[-122.3831,37.72275],[-122.3831,37.72275],[-122.38311,37.72276],[-122.38311,37.72276],[-122.38311,37.72276],[-122.38312,37.72276],[-122.38312,37.72277],[-122.38313,37.72277],[-122.38314,37.72277],[-122.38315,37.72278],[-122.38315,37.72278],[-122.38316,37.72278],[-122.38317,37.72279],[-122.38317,37.72279],[-122.38318,37.7228],[-122.38319,37.7228],[-122.38319,37.7228],[-122.38319,37.72281],[-122.3832,37.72281],[-122.3832,37.72281],[-122.38321,37.72282],[-122.38322,37.72282],[-122.38322,37.72283],[-122.38322,37.72283],[-122.38323,37.72283],[-122.38323,37.72284],[-122.38324,37.72285],[-122.38325,37.72286],[-122.38326,37.72286],[-122.38327,37.72287],[-122.38329,37.72288],[-122.3833,37.72288],[-122.38331,37.72289],[-122.38332,37.7229],[-122.38333,37.7229],[-122.38334,37.72291],[-122.38335,37.72291],[-122.38337,37.72292],[-122.38338,37.72292],[-122.38339,37.72293],[-122.3834,37.72293],[-122.3834,37.72293],[-122.38341,37.72294],[-122.38343,37.72295],[-122.38352,37.72298],[-122.38361,37.72302],[-122.38361,37.72302],[-122.38361,37.72303],[-122.38361,37.72303],[-122.38361,37.72303],[-122.38361,37.72303],[-122.38361,37.72303],[-122.38362,37.72303],[-122.38362,37.72303],[-122.38362,37.72303],[-122.38362,37.72303],[-122.38362,37.72304],[-122.38363,37.72304],[-122.38363,37.72304],[-122.38363,37.72304],[-122.38363,37.72304],[-122.38363,37.72304],[-122.38363,37.72304],[-122.38364,37.72305],[-122.38364,37.72305],[-122.38364,37.72305],[-122.38364,37.72305],[-122.38364,37.72305],[-122.38364,37.72305],[-122.38365,37.72305],[-122.38365,37.72306],[-122.38365,37.72306],[-122.38365,37.72306],[-122.38365,37.72306],[-122.38365,37.72306],[-122.38365,37.72306],[-122.38365,37.72306],[-122.38365,37.72307],[-122.38365,37.72307],[-122.38366,37.72307],[-122.38366,37.72307],[-122.38366,37.72307],[-122.38366,37.72307],[-122.38366,37.72308],[-122.38366,37.72308],[-122.38366,37.72308],[-122.38366,37.72308],[-122.38366,37.72308],[-122.38366,37.72309],[-122.38366,37.72309],[-122.38366,37.72309],[-122.38367,37.72309],[-122.38367,37.72309],[-122.38367,37.7231],[-122.38367,37.7231],[-122.38367,37.7231],[-122.38367,37.7231],[-122.38367,37.7231],[-122.38367,37.7231],[-122.38367,37.72311],[-122.38367,37.72311],[-122.38367,37.72311],[-122.38367,37.72311],[-122.38367,37.72311],[-122.38367,37.72311],[-122.38367,37.72311],[-122.38367,37.72311],[-122.38367,37.72312],[-122.38367,37.72312],[-122.38367,37.72312],[-122.38367,37.72312],[-122.38367,37.72312],[-122.38368,37.72312],[-122.38368,37.72312],[-122.38368,37.72312],[-122.38368,37.72313],[-122.38368,37.72313],[-122.38368,37.72313],[-122.38368,37.72313],[-122.38368,37.72313],[-122.38368,37.72313],[-122.38368,37.72313],[-122.38368,37.72313],[-122.38368,37.72313],[-122.38369,37.72314],[-122.38369,37.72314],[-122.38369,37.72314],[-122.38369,37.72314],[-122.38369,37.72314],[-122.38369,37.72314],[-122.38369,37.72314],[-122.38369,37.72314],[-122.38369,37.72314],[-122.38369,37.72314],[-122.3837,37.72315],[-122.3837,37.72315],[-122.3837,37.72315],[-122.3837,37.72315],[-122.3837,37.72315],[-122.3837,37.72315],[-122.3837,37.72315],[-122.38371,37.72315],[-122.38371,37.72315],[-122.38371,37.72315],[-122.38371,37.72315],[-122.38371,37.72315],[-122.38371,37.72316],[-122.38371,37.72316],[-122.38371,37.72316],[-122.38372,37.72316],[-122.38372,37.72316],[-122.38372,37.72316],[-122.38372,37.72316],[-122.38372,37.72316],[-122.38372,37.72316],[-122.38373,37.72316],[-122.38373,37.72316],[-122.38373,37.72316],[-122.38373,37.72316],[-122.38373,37.72316],[-122.38373,37.72316],[-122.38373,37.72316],[-122.38373,37.72316],[-122.38373,37.72316],[-122.38373,37.72316],[-122.38373,37.72316],[-122.38373,37.72316],[-122.38373,37.72316],[-122.38373,37.72316],[-122.38373,37.72316],[-122.38373,37.72316],[-122.38373,37.72316],[-122.38373,37.72316],[-122.38373,37.72316],[-122.38373,37.72316],[-122.38373,37.72316],[-122.38373,37.72316],[-122.38373,37.72316],[-122.38373,37.72316],[-122.38373,37.72316],[-122.38373,37.72316],[-122.38373,37.72316],[-122.38373,37.72316],[-122.38373,37.72317],[-122.38373,37.72317],[-122.38373,37.72317],[-122.38373,37.72317],[-122.38373,37.72317],[-122.38373,37.72317],[-122.38373,37.72317],[-122.38373,37.72317],[-122.38373,37.72317],[-122.38373,37.72317],[-122.38373,37.72317],[-122.38373,37.72317],[-122.38373,37.72317],[-122.38373,37.72317],[-122.38373,37.72317],[-122.38373,37.72317],[-122.38373,37.72317],[-122.38373,37.72317],[-122.38373,37.72317],[-122.38373,37.72317],[-122.38373,37.72317],[-122.38373,37.72317],[-122.38373,37.72317],[-122.38373,37.72317],[-122.38373,37.72317],[-122.38373,37.72317],[-122.38373,37.72317],[-122.38373,37.72317],[-122.38373,37.72317],[-122.38373,37.72317],[-122.38373,37.72317],[-122.38373,37.72317],[-122.38373,37.72317],[-122.38373,37.72317],[-122.38373,37.72317],[-122.38373,37.72317],[-122.38373,37.72317],[-122.38373,37.72317],[-122.38373,37.72317],[-122.38373,37.72317],[-122.38373,37.72317],[-122.38373,37.72317],[-122.38373,37.72317],[-122.38373,37.72317],[-122.38373,37.72317],[-122.38373,37.72317],[-122.38373,37.72317],[-122.38373,37.72317],[-122.38373,37.72317],[-122.38373,37.72317],[-122.38373,37.72317],[-122.38373,37.72318],[-122.38373,37.72318],[-122.38373,37.72318],[-122.38373,37.72318],[-122.38373,37.72318],[-122.38373,37.72318],[-122.38373,37.72318],[-122.38373,37.72318],[-122.38373,37.72318],[-122.38373,37.72318],[-122.38373,37.72318],[-122.38373,37.72318],[-122.38373,37.72318],[-122.38373,37.72318],[-122.38373,37.72318],[-122.38373,37.72318],[-122.38373,37.72318],[-122.38373,37.72318],[-122.38373,37.72318],[-122.38373,37.72318],[-122.38373,37.72318],[-122.38373,37.72318],[-122.38373,37.72318],[-122.38373,37.72318],[-122.38373,37.72318],[-122.38373,37.72318],[-122.38373,37.72318],[-122.38373,37.72318],[-122.38373,37.72318],[-122.38374,37.72318],[-122.38374,37.72318],[-122.38374,37.72318],[-122.38374,37.72318],[-122.38374,37.72318],[-122.38374,37.72318],[-122.38374,37.72319],[-122.38374,37.72319],[-122.38374,37.72319],[-122.38374,37.72319],[-122.38374,37.72319],[-122.38374,37.72319],[-122.38375,37.72319],[-122.38375,37.72319],[-122.38375,37.72319],[-122.38375,37.72319],[-122.38375,37.72319],[-122.38375,37.72319],[-122.38375,37.72319],[-122.38375,37.72319],[-122.38376,37.72319],[-122.38376,37.72319],[-122.38376,37.72319],[-122.38376,37.72319],[-122.38376,37.72319],[-122.38376,37.72319],[-122.38376,37.72319],[-122.38376,37.72319],[-122.38376,37.72319],[-122.38377,37.72319],[-122.38377,37.72319],[-122.38377,37.72319],[-122.38377,37.72319],[-122.38377,37.72319],[-122.38377,37.72319],[-122.38377,37.72319],[-122.38377,37.72319],[-122.38378,37.72319],[-122.38378,37.72319],[-122.38378,37.72319],[-122.38378,37.72319],[-122.38378,37.72319],[-122.38379,37.72319],[-122.38379,37.72319],[-122.38379,37.72319],[-122.38379,37.72319],[-122.38379,37.72319],[-122.38379,37.72319],[-122.38379,37.72319],[-122.38379,37.72319],[-122.38379,37.72319],[-122.38379,37.72319],[-122.38379,37.72319],[-122.38379,37.72319],[-122.38379,37.72319],[-122.38379,37.72319],[-122.38379,37.72319],[-122.38379,37.72319],[-122.38379,37.72319],[-122.38379,37.72319],[-122.38379,37.72319],[-122.38379,37.72319],[-122.38379,37.72319],[-122.38379,37.72319],[-122.38379,37.72319],[-122.38379,37.72319],[-122.38379,37.72319],[-122.38379,37.72319],[-122.38379,37.72319],[-122.38379,37.72319],[-122.38379,37.72319],[-122.38379,37.72319],[-122.38379,37.72319],[-122.38379,37.72319],[-122.38379,37.72319],[-122.38379,37.72319],[-122.3838,37.72319],[-122.3838,37.72319],[-122.3838,37.72319],[-122.3838,37.72319],[-122.3838,37.72319],[-122.3838,37.72319],[-122.3838,37.72319],[-122.3838,37.72319],[-122.3838,37.72319],[-122.3838,37.72319],[-122.3838,37.72319],[-122.3838,37.72319],[-122.3838,37.72319],[-122.3838,37.72319],[-122.3838,37.72319],[-122.3838,37.72319],[-122.3838,37.72319],[-122.3838,37.72319],[-122.3838,37.72319],[-122.3838,37.72319],[-122.3838,37.72319],[-122.3838,37.72319],[-122.3838,37.72319],[-122.3838,37.72319],[-122.3838,37.72319],[-122.3838,37.72319],[-122.3838,37.72319],[-122.38381,37.72319],[-122.38381,37.72319],[-122.38381,37.72319],[-122.38381,37.72319],[-122.38381,37.72319],[-122.38381,37.72319],[-122.38381,37.72319],[-122.38381,37.72319],[-122.38381,37.72319],[-122.38381,37.72319],[-122.38381,37.72319],[-122.38381,37.72319],[-122.38381,37.72319],[-122.38381,37.72319],[-122.38381,37.72319],[-122.38381,37.72319],[-122.38381,37.72319],[-122.38381,37.72319],[-122.38381,37.72319],[-122.38381,37.72319],[-122.38381,37.72319],[-122.38381,37.72319],[-122.38381,37.72319],[-122.38381,37.72319],[-122.38381,37.72319],[-122.38381,37.72319],[-122.38381,37.72319],[-122.38382,37.72319],[-122.38382,37.72319],[-122.38382,37.72319],[-122.38382,37.72319],[-122.38382,37.72319],[-122.38382,37.72319],[-122.38382,37.72319],[-122.38382,37.72319],[-122.38382,37.72319],[-122.38382,37.72319],[-122.38382,37.72319],[-122.38382,37.72319],[-122.38382,37.72319],[-122.38382,37.72319],[-122.38382,37.72319],[-122.38382,37.72319],[-122.38382,37.72319],[-122.38382,37.72319],[-122.38382,37.72319],[-122.38382,37.72319],[-122.38382,37.72319],[-122.38382,37.72319],[-122.38382,37.72319],[-122.38382,37.72319],[-122.38382,37.72319],[-122.38382,37.72319],[-122.38382,37.72319],[-122.38382,37.72319],[-122.38382,37.72319],[-122.38382,37.72319],[-122.38382,37.7232],[-122.38382,37.7232],[-122.38382,37.7232],[-122.38382,37.7232],[-122.38382,37.7232],[-122.38382,37.7232],[-122.38382,37.7232],[-122.38382,37.7232],[-122.38382,37.7232],[-122.38382,37.7232],[-122.38382,37.7232],[-122.38382,37.7232],[-122.38383,37.7232],[-122.38383,37.7232],[-122.38383,37.72321],[-122.38383,37.72321],[-122.38384,37.72322],[-122.38384,37.72322],[-122.38384,37.72323],[-122.38385,37.72324],[-122.38385,37.72324],[-122.38385,37.72325],[-122.38385,37.72326],[-122.38386,37.72326],[-122.38386,37.72327],[-122.38386,37.72327],[-122.38386,37.72327],[-122.38386,37.72328],[-122.38386,37.72329],[-122.38386,37.72329],[-122.38387,37.7233],[-122.38387,37.72331],[-122.38387,37.72331],[-122.38387,37.72332],[-122.38387,37.72333],[-122.38387,37.72333],[-122.38387,37.72334],[-122.38387,37.72334],[-122.38387,37.72335],[-122.38387,37.72336],[-122.38388,37.72337],[-122.38388,37.72338],[-122.38388,37.72339],[-122.38389,37.7234],[-122.38389,37.72342],[-122.38389,37.72342],[-122.38389,37.72342],[-122.38389,37.72342],[-122.38389,37.72342],[-122.38389,37.72342],[-122.38389,37.72342],[-122.3839,37.72342],[-122.3839,37.72342],[-122.3839,37.72342],[-122.3839,37.72343],[-122.3839,37.72343],[-122.3839,37.72343],[-122.3839,37.72343],[-122.3839,37.72343],[-122.3839,37.72343],[-122.3839,37.72343],[-122.3839,37.72343],[-122.3839,37.72343],[-122.3839,37.72343],[-122.3839,37.72343],[-122.3839,37.72343],[-122.3839,37.72344],[-122.3839,37.72344],[-122.38391,37.72344],[-122.38391,37.72344],[-122.38391,37.72344],[-122.38391,37.72344],[-122.38391,37.72344],[-122.38391,37.72344],[-122.38391,37.72344],[-122.38391,37.72344],[-122.38391,37.72344],[-122.38391,37.72344],[-122.38391,37.72344],[-122.38391,37.72344],[-122.38391,37.72344],[-122.38391,37.72344],[-122.38392,37.72344],[-122.38392,37.72344],[-122.38392,37.72345],[-122.38392,37.72345],[-122.38392,37.72345],[-122.38392,37.72345],[-122.38392,37.72345],[-122.38392,37.72345],[-122.38392,37.72345],[-122.38392,37.72345],[-122.38392,37.72345],[-122.38393,37.72345],[-122.38396,37.72346],[-122.38398,37.72346],[-122.38401,37.72346],[-122.38404,37.72347],[-122.38406,37.72347],[-122.38409,37.72347],[-122.38412,37.72347],[-122.38414,37.72347],[-122.38414,37.72347],[-122.38415,37.72347],[-122.38416,37.72347],[-122.38417,37.72348],[-122.38417,37.72348],[-122.38418,37.72348],[-122.38419,37.72348],[-122.38419,37.72348],[-122.38419,37.72348],[-122.3842,37.72348],[-122.3842,37.72348],[-122.38421,37.72348],[-122.38422,37.72349],[-122.38423,37.72349],[-122.38423,37.72349],[-122.38424,37.72349],[-122.38425,37.72349],[-122.38425,37.72349],[-122.38426,37.7235],[-122.38427,37.7235],[-122.38428,37.7235],[-122.38428,37.7235],[-122.38429,37.72351],[-122.38429,37.72351],[-122.38429,37.72351],[-122.3843,37.72351],[-122.3843,37.72351],[-122.38431,37.72352],[-122.38432,37.72352],[-122.38432,37.72352],[-122.38433,37.72352],[-122.38433,37.72353],[-122.38434,37.72353],[-122.38435,37.72353],[-122.38436,37.72354],[-122.38436,37.72354],[-122.38436,37.72354],[-122.38436,37.72354],[-122.38436,37.72354],[-122.38436,37.72355],[-122.38437,37.72355],[-122.38437,37.72355],[-122.38437,37.72355],[-122.38437,37.72355],[-122.38437,37.72355],[-122.38437,37.72355],[-122.38437,37.72355],[-122.38437,37.72355],[-122.38438,37.72356],[-122.38438,37.72356],[-122.38438,37.72356],[-122.38438,37.72356],[-122.38438,37.72356],[-122.38438,37.72356],[-122.38438,37.72356],[-122.38438,37.72357],[-122.38439,37.72357],[-122.38439,37.72357],[-122.38439,37.72357],[-122.38439,37.72357],[-122.38439,37.72357],[-122.38439,37.72358],[-122.38439,37.72358],[-122.3844,37.72358],[-122.3844,37.72358],[-122.3844,37.72358],[-122.3844,37.72358],[-122.3844,37.72359],[-122.38441,37.72359],[-122.38441,37.72359],[-122.38441,37.72359],[-122.38441,37.72359],[-122.38441,37.72359],[-122.38442,37.72359],[-122.38442,37.7236],[-122.38442,37.7236],[-122.38442,37.7236],[-122.38442,37.7236],[-122.38442,37.7236],[-122.38443,37.7236],[-122.38443,37.7236],[-122.38443,37.7236],[-122.38443,37.7236],[-122.38443,37.72361],[-122.38444,37.72361],[-122.38444,37.72361],[-122.38444,37.72361],[-122.38444,37.72361],[-122.38445,37.72361],[-122.38445,37.72361],[-122.38445,37.72361],[-122.38445,37.72361],[-122.38445,37.72361],[-122.38446,37.72361],[-122.38446,37.72362],[-122.38446,37.72362],[-122.38447,37.72362],[-122.38447,37.72362],[-122.38447,37.72362],[-122.38448,37.72362],[-122.38448,37.72363],[-122.38449,37.72363],[-122.38449,37.72363],[-122.38449,37.72363],[-122.3845,37.72363],[-122.3845,37.72364],[-122.3845,37.72364],[-122.3845,37.72364],[-122.38451,37.72364],[-122.38451,37.72364],[-122.38451,37.72364],[-122.38451,37.72364],[-122.38452,37.72365],[-122.38452,37.72365],[-122.38452,37.72365],[-122.38452,37.72365],[-122.38453,37.72366],[-122.38453,37.72366],[-122.38453,37.72366],[-122.38454,37.72366],[-122.38454,37.72367],[-122.38454,37.72367],[-122.38454,37.72367],[-122.38455,37.72367],[-122.38455,37.72368],[-122.38455,37.72368],[-122.38455,37.72368],[-122.38455,37.72368],[-122.38456,37.72369],[-122.38456,37.72369],[-122.38456,37.72369],[-122.38456,37.7237],[-122.38457,37.7237],[-122.38457,37.7237],[-122.38457,37.72371],[-122.38458,37.72371],[-122.38458,37.72371],[-122.38458,37.72372],[-122.38459,37.72372],[-122.38459,37.72372],[-122.38459,37.72372],[-122.38459,37.72373],[-122.3846,37.72373],[-122.3846,37.72373],[-122.3846,37.72373],[-122.3846,37.72373],[-122.38461,37.72374],[-122.38461,37.72374],[-122.38461,37.72374],[-122.38462,37.72375],[-122.38462,37.72375],[-122.38462,37.72375],[-122.38463,37.72375],[-122.38463,37.72376],[-122.38464,37.72376],[-122.38464,37.72376],[-122.38464,37.72376],[-122.38465,37.72376],[-122.38465,37.72377],[-122.38465,37.72377],[-122.38466,37.72377],[-122.38466,37.72377],[-122.38467,37.72377],[-122.38467,37.72378],[-122.38467,37.72378],[-122.38468,37.72378],[-122.38468,37.72378],[-122.38469,37.72378],[-122.38469,37.72378],[-122.38469,37.72379],[-122.3847,37.72379],[-122.3847,37.72379],[-122.3847,37.72379],[-122.38471,37.72379],[-122.38471,37.72379],[-122.38471,37.72379],[-122.38471,37.7238],[-122.38472,37.7238],[-122.38472,37.7238],[-122.38472,37.7238],[-122.38472,37.7238],[-122.38472,37.7238],[-122.38472,37.7238],[-122.38473,37.7238],[-122.38473,37.72381],[-122.38473,37.72381],[-122.38473,37.72381],[-122.38474,37.72381],[-122.38474,37.72381],[-122.38474,37.72382],[-122.38474,37.72382],[-122.38474,37.72382],[-122.38475,37.72382],[-122.38475,37.72382],[-122.38475,37.72383],[-122.38475,37.72383],[-122.38475,37.72383],[-122.38476,37.72383],[-122.38476,37.72383],[-122.38476,37.72384],[-122.38476,37.72384],[-122.38476,37.72384],[-122.38476,37.72384],[-122.38476,37.72384],[-122.38476,37.72385],[-122.38477,37.72385],[-122.38477,37.72385],[-122.38477,37.72385],[-122.38477,37.72385],[-122.38477,37.72385],[-122.38477,37.72386],[-122.38477,37.72386],[-122.38477,37.72386],[-122.38478,37.72386],[-122.38478,37.72386],[-122.38478,37.72386],[-122.38478,37.72387],[-122.38478,37.72387],[-122.38478,37.72387],[-122.38478,37.72387],[-122.38479,37.72387],[-122.38479,37.72387],[-122.38479,37.72387],[-122.38479,37.72387],[-122.38479,37.72387],[-122.38479,37.72388],[-122.38479,37.72388],[-122.38479,37.72388],[-122.3848,37.72388],[-122.3848,37.72388],[-122.3848,37.72388],[-122.3848,37.72388],[-122.3848,37.72388],[-122.3848,37.72388],[-122.38481,37.72389],[-122.38481,37.72389],[-122.38481,37.72389],[-122.38481,37.72389],[-122.38481,37.72389],[-122.38482,37.72389],[-122.38482,37.72389],[-122.38482,37.72389],[-122.38482,37.72389],[-122.38482,37.72389],[-122.38483,37.7239],[-122.38483,37.7239],[-122.38483,37.7239],[-122.38483,37.7239],[-122.38483,37.7239],[-122.38483,37.7239],[-122.38484,37.7239],[-122.38484,37.7239],[-122.38484,37.7239],[-122.38484,37.7239],[-122.38484,37.7239],[-122.38485,37.7239],[-122.38485,37.7239],[-122.38485,37.7239],[-122.38485,37.7239],[-122.38486,37.7239],[-122.38488,37.7239],[-122.38488,37.72391],[-122.38488,37.72391],[-122.38488,37.72391],[-122.38488,37.72391],[-122.38488,37.72391],[-122.38488,37.72391],[-122.38489,37.72391],[-122.38489,37.72391],[-122.38489,37.72391],[-122.38489,37.72391],[-122.38489,37.72391],[-122.38489,37.72391],[-122.38489,37.72392],[-122.3849,37.72392],[-122.3849,37.72392],[-122.3849,37.72392],[-122.3849,37.72392],[-122.3849,37.72392],[-122.3849,37.72392],[-122.3849,37.72392],[-122.3849,37.72392],[-122.3849,37.72392],[-122.38491,37.72392],[-122.38491,37.72392],[-122.38491,37.72392],[-122.38491,37.72393],[-122.38491,37.72393],[-122.38491,37.72393],[-122.38491,37.72393],[-122.38491,37.72393],[-122.38491,37.72393],[-122.38492,37.72393],[-122.38492,37.72393],[-122.38492,37.72393],[-122.38492,37.72393],[-122.38492,37.72394],[-122.38492,37.72394],[-122.38492,37.72394],[-122.38492,37.72394],[-122.38492,37.72394],[-122.38493,37.72395],[-122.38494,37.72396],[-122.38494,37.72397],[-122.38495,37.72398],[-122.38495,37.72399],[-122.38495,37.72399],[-122.38496,37.724],[-122.38496,37.72401],[-122.38497,37.72402],[-122.38497,37.72402],[-122.38497,37.72402],[-122.38497,37.72402],[-122.38497,37.72402],[-122.38498,37.72403],[-122.38498,37.72403],[-122.38498,37.72403],[-122.38498,37.72403],[-122.38498,37.72403],[-122.38499,37.72404],[-122.38499,37.72404],[-122.38499,37.72404],[-122.38499,37.72404],[-122.38499,37.72405],[-122.385,37.72405],[-122.385,37.72405],[-122.385,37.72405],[-122.385,37.72406],[-122.385,37.72406],[-122.385,37.72406],[-122.385,37.72406],[-122.38501,37.72406],[-122.38501,37.72407],[-122.38501,37.72407],[-122.38501,37.72407],[-122.38501,37.72407],[-122.38501,37.72408],[-122.38501,37.72408],[-122.38501,37.72408],[-122.38502,37.72408],[-122.38502,37.72408],[-122.38502,37.72409],[-122.38502,37.72409],[-122.38502,37.72409],[-122.38502,37.72409],[-122.38502,37.72409],[-122.38502,37.72409],[-122.38502,37.72409],[-122.38502,37.72409],[-122.38502,37.72409],[-122.38502,37.72409],[-122.38502,37.72409],[-122.38502,37.72409],[-122.38502,37.72409],[-122.38502,37.72409],[-122.38502,37.7241],[-122.38502,37.7241],[-122.38502,37.7241],[-122.38502,37.7241],[-122.38502,37.7241],[-122.38502,37.7241],[-122.38502,37.7241],[-122.38502,37.7241],[-122.38503,37.7241],[-122.38503,37.7241],[-122.38503,37.7241],[-122.38503,37.7241],[-122.38503,37.7241],[-122.38503,37.7241],[-122.38503,37.7241],[-122.38503,37.7241],[-122.38503,37.7241],[-122.38503,37.7241],[-122.38503,37.7241],[-122.38503,37.7241],[-122.38503,37.72411],[-122.38503,37.72411],[-122.38503,37.72411],[-122.38504,37.72411],[-122.38504,37.72411],[-122.38504,37.72411],[-122.38504,37.72411],[-122.38504,37.72411],[-122.38504,37.72411],[-122.38504,37.72411],[-122.38504,37.72411],[-122.38504,37.72411],[-122.38504,37.72411],[-122.38504,37.72411],[-122.38504,37.72411],[-122.38505,37.72411],[-122.38505,37.72411],[-122.38505,37.72411],[-122.38505,37.72411],[-122.38505,37.72411],[-122.38505,37.72411],[-122.38505,37.72411],[-122.38505,37.72411],[-122.38505,37.72411],[-122.38505,37.72411],[-122.38505,37.72411],[-122.38505,37.72411],[-122.38505,37.72411],[-122.38506,37.72411],[-122.38506,37.72411],[-122.38506,37.72411],[-122.38506,37.72411],[-122.38506,37.72411],[-122.38506,37.72411],[-122.38506,37.72411],[-122.38506,37.72411],[-122.38506,37.72412],[-122.38506,37.72412],[-122.38507,37.72412],[-122.38507,37.72412],[-122.38507,37.72412],[-122.38507,37.72412],[-122.38507,37.72412],[-122.38507,37.72412],[-122.38507,37.72412],[-122.38507,37.72412],[-122.38507,37.72412],[-122.38507,37.72411],[-122.38507,37.72411],[-122.38508,37.72411],[-122.38508,37.72411],[-122.38508,37.72411],[-122.38508,37.72411],[-122.38508,37.72411],[-122.38508,37.72411],[-122.38508,37.72411],[-122.38508,37.72411],[-122.38508,37.72411],[-122.38508,37.72411],[-122.38509,37.72411],[-122.38509,37.72411],[-122.38509,37.72411],[-122.38509,37.72411],[-122.38509,37.72411],[-122.38509,37.72411],[-122.38509,37.72411],[-122.38509,37.72411],[-122.38509,37.72411],[-122.3851,37.72411],[-122.3851,37.72411],[-122.3851,37.72411],[-122.38511,37.72411],[-122.38511,37.72411],[-122.38512,37.7241],[-122.38512,37.7241],[-122.38512,37.7241],[-122.38513,37.7241],[-122.38513,37.7241],[-122.38513,37.7241],[-122.38514,37.7241],[-122.38514,37.7241],[-122.38514,37.7241],[-122.38514,37.7241],[-122.38515,37.7241],[-122.38515,37.7241],[-122.38515,37.7241],[-122.38516,37.7241],[-122.38516,37.7241],[-122.38516,37.7241],[-122.38517,37.7241],[-122.38517,37.7241],[-122.38517,37.7241],[-122.38518,37.7241],[-122.38518,37.7241],[-122.38519,37.7241],[-122.38519,37.7241],[-122.38519,37.7241],[-122.3852,37.7241],[-122.3852,37.7241],[-122.3852,37.7241],[-122.38521,37.7241],[-122.38521,37.7241],[-122.38521,37.7241],[-122.38522,37.7241],[-122.38522,37.7241],[-122.38522,37.72411],[-122.38523,37.72411],[-122.38523,37.72411],[-122.38523,37.72411],[-122.38524,37.72411],[-122.38524,37.72411],[-122.38524,37.72411],[-122.38525,37.72411],[-122.38525,37.72411],[-122.38525,37.72411],[-122.38526,37.72411],[-122.38526,37.72412],[-122.38526,37.72412],[-122.38527,37.72412],[-122.38527,37.72412],[-122.38527,37.72412],[-122.38527,37.72412],[-122.38528,37.72412],[-122.38528,37.72412],[-122.38528,37.72413],[-122.38529,37.72413],[-122.38529,37.72413],[-122.3853,37.72413],[-122.3853,37.72413],[-122.3853,37.72414],[-122.38531,37.72414],[-122.38531,37.72414],[-122.38532,37.72414],[-122.38532,37.72414],[-122.38532,37.72414],[-122.38533,37.72414],[-122.38533,37.72414],[-122.38533,37.72414],[-122.38533,37.72415],[-122.38534,37.72415],[-122.38534,37.72415],[-122.38534,37.72415],[-122.38535,37.72415],[-122.38535,37.72415],[-122.38536,37.72415],[-122.38536,37.72415],[-122.38536,37.72415],[-122.38537,37.72415],[-122.38537,37.72415],[-122.38538,37.72415],[-122.38538,37.72415],[-122.38538,37.72415],[-122.38539,37.72415],[-122.38539,37.72415],[-122.3854,37.72416],[-122.3854,37.72416],[-122.38541,37.72416],[-122.38541,37.72416],[-122.38541,37.72416],[-122.38542,37.72416],[-122.38542,37.72416],[-122.38543,37.72416],[-122.38543,37.72415],[-122.38543,37.72415],[-122.38544,37.72415],[-122.38544,37.72415],[-122.38545,37.72415],[-122.38545,37.72415],[-122.38546,37.72415],[-122.38546,37.72415],[-122.38546,37.72415],[-122.38546,37.72415],[-122.38547,37.72415],[-122.38547,37.72415],[-122.38552,37.72414],[-122.38556,37.72414],[-122.38556,37.72414],[-122.38556,37.72414],[-122.38557,37.72414],[-122.38557,37.72414],[-122.38557,37.72414],[-122.38557,37.72414],[-122.38557,37.72414],[-122.38557,37.72413],[-122.38557,37.72413],[-122.38557,37.72413],[-122.38557,37.72413],[-122.38557,37.72413],[-122.38558,37.72413],[-122.38558,37.72413],[-122.38558,37.72413],[-122.38558,37.72413],[-122.38558,37.72413],[-122.38558,37.72414],[-122.38558,37.72414],[-122.38558,37.72414],[-122.38558,37.72414],[-122.38558,37.72414],[-122.38558,37.72414],[-122.38558,37.72414],[-122.38559,37.72414],[-122.38559,37.72414],[-122.38559,37.72414],[-122.38559,37.72414],[-122.38559,37.72414],[-122.38559,37.72414],[-122.38559,37.72414],[-122.38559,37.72414],[-122.38559,37.72414],[-122.38559,37.72414],[-122.38559,37.72414],[-122.3856,37.72414],[-122.3856,37.72414],[-122.3856,37.72414],[-122.3856,37.72414],[-122.3856,37.72414],[-122.3856,37.72414],[-122.3856,37.72414],[-122.3856,37.72414],[-122.3856,37.72414],[-122.3856,37.72414],[-122.3856,37.72414],[-122.38561,37.72414],[-122.38561,37.72414],[-122.38561,37.72414],[-122.38561,37.72414],[-122.38561,37.72414],[-122.38561,37.72414],[-122.38561,37.72414],[-122.38561,37.72414],[-122.38561,37.72415],[-122.38561,37.72415],[-122.38561,37.72415],[-122.38561,37.72415],[-122.38561,37.72415],[-122.38561,37.72415],[-122.38561,37.72415],[-122.38562,37.72415],[-122.38562,37.72415],[-122.38562,37.72415],[-122.38562,37.72415],[-122.38562,37.72415],[-122.38562,37.72415],[-122.38562,37.72415],[-122.38562,37.72415],[-122.38562,37.72415],[-122.38562,37.72415],[-122.38562,37.72415],[-122.38562,37.72415],[-122.38562,37.72416],[-122.38563,37.72416],[-122.38563,37.72416],[-122.38563,37.72417],[-122.38564,37.72417],[-122.38564,37.72417],[-122.38564,37.72418],[-122.38565,37.72418],[-122.38565,37.72418],[-122.38565,37.72419],[-122.38566,37.72419],[-122.38566,37.72419],[-122.38567,37.7242],[-122.38567,37.7242],[-122.38567,37.7242],[-122.38568,37.7242],[-122.38568,37.72421],[-122.38568,37.72421],[-122.38568,37.72421],[-122.38569,37.72421],[-122.38569,37.72422],[-122.3857,37.72422],[-122.3857,37.72422],[-122.38571,37.72422],[-122.38571,37.72423],[-122.38572,37.72423],[-122.38572,37.72423],[-122.38573,37.72423],[-122.38573,37.72424],[-122.38574,37.72424],[-122.38574,37.72424],[-122.38575,37.72424],[-122.38575,37.72424],[-122.38575,37.72424],[-122.38575,37.72424],[-122.38576,37.72425],[-122.38576,37.72425],[-122.38577,37.72425],[-122.38577,37.72425],[-122.38577,37.72425],[-122.38578,37.72425],[-122.38579,37.72426],[-122.38579,37.72426],[-122.3858,37.72426],[-122.3858,37.72426],[-122.38581,37.72426],[-122.38582,37.72427],[-122.38582,37.72427],[-122.38583,37.72427],[-122.38583,37.72427],[-122.38584,37.72427],[-122.38584,37.72428],[-122.38585,37.72428],[-122.38585,37.72428],[-122.38586,37.72428],[-122.38586,37.72429],[-122.38587,37.72429],[-122.38587,37.72429],[-122.38588,37.72429],[-122.38588,37.7243],[-122.38589,37.7243],[-122.38589,37.7243],[-122.3859,37.72431],[-122.3859,37.72431],[-122.38591,37.72431],[-122.38591,37.72432],[-122.38592,37.72432],[-122.38592,37.72432],[-122.38592,37.72432],[-122.38592,37.72433],[-122.38593,37.72433],[-122.38593,37.72433],[-122.38594,37.72434],[-122.38594,37.72434],[-122.38594,37.72434],[-122.38594,37.72434],[-122.38595,37.72435],[-122.38595,37.72435],[-122.38595,37.72435],[-122.38595,37.72435],[-122.38596,37.72435],[-122.38596,37.72435],[-122.38596,37.72435],[-122.38596,37.72436],[-122.38596,37.72436],[-122.38597,37.72436],[-122.38597,37.72436],[-122.38597,37.72436],[-122.38597,37.72436],[-122.38597,37.72436],[-122.38598,37.72436],[-122.38598,37.72436],[-122.38598,37.72437],[-122.38598,37.72437],[-122.38599,37.72437],[-122.38599,37.72437],[-122.38599,37.72437],[-122.386,37.72437],[-122.386,37.72437],[-122.386,37.72437],[-122.386,37.72437],[-122.38601,37.72437],[-122.38601,37.72438],[-122.38602,37.72438],[-122.38602,37.72438],[-122.38602,37.72438],[-122.38603,37.72438],[-122.38603,37.72438],[-122.38603,37.72438],[-122.38604,37.72438],[-122.38604,37.72438],[-122.38604,37.72439],[-122.38605,37.72439],[-122.38605,37.72439],[-122.38605,37.72439],[-122.38606,37.72439],[-122.38606,37.72439],[-122.38607,37.72439],[-122.38607,37.7244],[-122.38607,37.7244],[-122.38608,37.7244],[-122.38608,37.7244],[-122.38608,37.7244],[-122.38609,37.72441],[-122.38609,37.72441],[-122.38609,37.72441],[-122.38609,37.72441],[-122.38609,37.72441],[-122.3861,37.72441],[-122.3861,37.72441],[-122.3861,37.72442],[-122.3861,37.72442],[-122.38611,37.72442],[-122.38611,37.72442],[-122.38611,37.72442],[-122.38612,37.72443],[-122.38612,37.72443],[-122.38612,37.72443],[-122.38616,37.7244],[-122.38613,37.72444],[-122.38613,37.72444],[-122.38613,37.72444],[-122.38614,37.72444],[-122.38614,37.72444],[-122.38614,37.72445],[-122.38615,37.72445],[-122.38615,37.72445],[-122.38615,37.72445],[-122.38615,37.72445],[-122.38616,37.72445],[-122.38616,37.72445],[-122.38616,37.72446],[-122.38617,37.72446],[-122.38617,37.72446],[-122.38617,37.72446],[-122.38618,37.72446],[-122.38618,37.72446],[-122.38618,37.72446],[-122.38619,37.72446],[-122.38619,37.72447],[-122.3862,37.72447],[-122.3862,37.72447],[-122.3862,37.72447],[-122.38621,37.72447],[-122.38621,37.72447],[-122.38621,37.72447],[-122.38622,37.72447],[-122.38622,37.72447],[-122.38622,37.72447],[-122.38623,37.72447],[-122.38623,37.72447],[-122.38623,37.72447],[-122.38624,37.72447],[-122.38624,37.72447],[-122.38625,37.72447],[-122.38625,37.72447],[-122.38625,37.72447],[-122.38626,37.72447],[-122.38626,37.72447],[-122.38626,37.72447],[-122.38626,37.72447],[-122.38627,37.72447],[-122.38627,37.72447],[-122.38628,37.72447],[-122.38628,37.72447],[-122.38629,37.72447],[-122.3863,37.72448],[-122.3863,37.72448],[-122.38631,37.72448],[-122.38631,37.72448],[-122.38632,37.72448],[-122.38633,37.72448],[-122.38634,37.72448],[-122.38635,37.72448],[-122.38635,37.72448],[-122.38636,37.72448],[-122.38637,37.72448],[-122.38638,37.72448],[-122.38639,37.72448],[-122.38639,37.72448],[-122.38639,37.72448],[-122.3864,37.72448],[-122.3864,37.72448],[-122.38641,37.72448],[-122.38642,37.72448],[-122.38643,37.72447],[-122.38644,37.72447],[-122.38645,37.72447],[-122.38645,37.72447],[-122.38646,37.72447],[-122.38647,37.72447],[-122.38648,37.72447],[-122.38648,37.72447],[-122.38649,37.72446],[-122.38649,37.72446],[-122.38649,37.72446],[-122.3865,37.72446],[-122.38651,37.72446],[-122.38652,37.72446],[-122.38652,37.72446],[-122.38652,37.72445],[-122.38653,37.72445],[-122.38654,37.72445],[-122.38655,37.72445],[-122.38655,37.72445],[-122.38655,37.72445],[-122.38656,37.72445],[-122.38656,37.72445],[-122.38657,37.72444],[-122.38657,37.72444],[-122.38658,37.72444],[-122.38659,37.72444],[-122.38659,37.72444],[-122.3866,37.72444],[-122.3866,37.72444],[-122.38661,37.72444],[-122.38661,37.72443],[-122.38662,37.72443],[-122.38662,37.72443],[-122.38663,37.72443],[-122.38663,37.72443],[-122.38664,37.72443],[-122.38664,37.72443],[-122.38664,37.72443],[-122.38664,37.72442],[-122.38665,37.72442],[-122.38665,37.72442],[-122.38666,37.72442],[-122.38666,37.72442],[-122.38667,37.72441],[-122.38667,37.72441],[-122.38668,37.72441],[-122.38668,37.72441],[-122.38668,37.7244],[-122.38669,37.7244],[-122.38669,37.7244],[-122.3867,37.7244],[-122.3867,37.72439],[-122.3867,37.72439],[-122.38671,37.72439],[-122.38671,37.72439],[-122.38671,37.72439],[-122.38671,37.72438],[-122.38672,37.72438],[-122.38672,37.72438],[-122.38673,37.72437],[-122.38673,37.72437],[-122.38673,37.72437],[-122.38674,37.72436],[-122.38674,37.72436],[-122.38674,37.72436],[-122.38675,37.72435],[-122.38675,37.72435],[-122.38675,37.72435],[-122.38675,37.72435],[-122.38676,37.72435],[-122.38676,37.72434],[-122.38676,37.72434],[-122.38676,37.72434],[-122.38676,37.72434],[-122.38676,37.72434],[-122.38676,37.72434],[-122.38676,37.72434],[-122.38676,37.72434],[-122.38676,37.72434],[-122.38676,37.72433],[-122.38676,37.72433],[-122.38676,37.72433],[-122.38676,37.72433],[-122.38676,37.72433],[-122.38676,37.72433],[-122.38676,37.72433],[-122.38677,37.72433],[-122.38677,37.72433],[-122.38677,37.72432],[-122.38677,37.72432],[-122.38677,37.72432],[-122.38677,37.72432],[-122.38677,37.72432],[-122.38677,37.72432],[-122.38677,37.72432],[-122.38677,37.72432],[-122.38678,37.72432],[-122.38678,37.72432],[-122.38678,37.72432],[-122.38678,37.72431],[-122.38678,37.72431],[-122.38678,37.72431],[-122.38678,37.72431],[-122.38679,37.72431],[-122.38679,37.72431],[-122.38679,37.72431],[-122.3868,37.72431],[-122.3868,37.72431],[-122.3868,37.72431],[-122.3868,37.7243],[-122.3868,37.7243],[-122.38681,37.7243],[-122.38681,37.7243],[-122.38681,37.7243],[-122.38682,37.7243],[-122.38682,37.7243],[-122.38683,37.7243],[-122.38683,37.7243],[-122.38683,37.7243],[-122.38684,37.7243],[-122.38684,37.7243],[-122.38685,37.7243],[-122.38685,37.72429],[-122.38685,37.72429],[-122.38686,37.72429],[-122.38686,37.72429],[-122.38686,37.72429],[-122.38687,37.72429],[-122.38687,37.72429],[-122.38687,37.72429],[-122.38688,37.72429],[-122.38688,37.72429],[-122.38688,37.72429],[-122.38688,37.72429],[-122.38688,37.72429],[-122.38688,37.72429],[-122.38688,37.72429],[-122.38688,37.72429],[-122.38688,37.72429],[-122.38689,37.72429],[-122.38689,37.72429],[-122.38689,37.72429],[-122.38689,37.72429],[-122.38689,37.72429],[-122.38689,37.72429],[-122.38689,37.72429],[-122.38689,37.72429],[-122.38689,37.72429],[-122.38689,37.72429],[-122.3869,37.72429],[-122.3869,37.72429],[-122.3869,37.72429],[-122.3869,37.72429],[-122.3869,37.72429],[-122.3869,37.72429],[-122.3869,37.72429],[-122.3869,37.72429],[-122.3869,37.72429],[-122.3869,37.72429],[-122.3869,37.72429],[-122.3869,37.72429],[-122.38691,37.72429],[-122.38691,37.72429],[-122.38691,37.72429],[-122.38691,37.72428],[-122.38691,37.72428],[-122.38691,37.72428],[-122.38691,37.72428],[-122.38691,37.72428],[-122.38691,37.72428],[-122.38691,37.72428],[-122.38691,37.72428],[-122.38692,37.72428],[-122.38692,37.72428],[-122.38692,37.72428],[-122.38692,37.72428],[-122.38692,37.72428],[-122.38692,37.72428],[-122.38692,37.72428],[-122.38692,37.72428],[-122.38692,37.72428],[-122.38692,37.72427],[-122.38692,37.72427],[-122.38692,37.72427],[-122.38692,37.72427],[-122.38692,37.72427],[-122.38693,37.72427],[-122.38693,37.72427],[-122.38693,37.72427],[-122.38693,37.72427],[-122.38693,37.72427],[-122.38693,37.72427],[-122.38693,37.72427],[-122.38693,37.72427],[-122.38693,37.72426],[-122.38693,37.72426],[-122.38693,37.72426],[-122.38693,37.72426],[-122.38693,37.72426],[-122.38693,37.72426],[-122.38693,37.72426],[-122.38693,37.72426],[-122.38693,37.72426],[-122.38693,37.72426],[-122.38693,37.72426],[-122.38693,37.72426],[-122.38693,37.72425],[-122.38693,37.72425],[-122.38693,37.72425],[-122.38693,37.72425],[-122.38693,37.72425],[-122.38694,37.72425],[-122.38694,37.72425],[-122.38694,37.72425],[-122.38694,37.72425],[-122.38694,37.72425],[-122.38694,37.72425],[-122.38694,37.72425],[-122.38694,37.72425],[-122.38694,37.72424],[-122.38694,37.72424],[-122.38694,37.72424],[-122.38694,37.72424],[-122.38694,37.72424],[-122.38694,37.72424],[-122.38694,37.72424],[-122.38694,37.72424],[-122.38694,37.72424],[-122.38694,37.72424],[-122.38694,37.72424],[-122.38694,37.72424],[-122.38693,37.72423],[-122.38693,37.72423],[-122.38693,37.72423],[-122.38693,37.72423],[-122.38693,37.72423],[-122.38693,37.72423],[-122.38693,37.72423],[-122.38693,37.72423],[-122.38693,37.72422],[-122.38693,37.72422],[-122.38693,37.72422],[-122.38693,37.72422],[-122.38693,37.72422],[-122.38693,37.72422],[-122.38693,37.72422],[-122.38693,37.72421],[-122.38693,37.72421],[-122.38693,37.72421],[-122.38693,37.72421],[-122.38693,37.72421],[-122.38693,37.72421],[-122.38693,37.72421],[-122.38693,37.72421],[-122.38693,37.7242],[-122.38693,37.7242],[-122.38693,37.7242],[-122.38693,37.7242],[-122.38693,37.7242],[-122.38693,37.7242],[-122.38693,37.7242],[-122.38693,37.72419],[-122.38693,37.72419],[-122.38693,37.72419],[-122.38693,37.72419],[-122.38693,37.72419],[-122.38693,37.72419],[-122.38693,37.72419],[-122.38693,37.72418],[-122.38693,37.72418],[-122.38693,37.72418],[-122.38693,37.72418],[-122.38693,37.72418],[-122.38693,37.72418],[-122.38693,37.72418],[-122.38693,37.72417],[-122.38693,37.72417],[-122.38693,37.72417],[-122.38693,37.72417],[-122.38693,37.72417],[-122.38693,37.72417],[-122.38693,37.72417],[-122.38693,37.72417],[-122.38693,37.72417],[-122.38692,37.72416],[-122.38692,37.72416],[-122.38692,37.72416],[-122.38692,37.72416],[-122.38692,37.72416],[-122.38692,37.72416],[-122.38692,37.72416],[-122.38692,37.72416],[-122.38692,37.72415],[-122.38692,37.72415],[-122.38692,37.72415],[-122.38691,37.72415],[-122.38691,37.72415],[-122.38691,37.72415],[-122.38691,37.72415],[-122.38691,37.72415],[-122.38691,37.72415],[-122.38691,37.72414],[-122.38691,37.72414],[-122.38691,37.72414],[-122.3869,37.72414],[-122.3869,37.72414],[-122.3869,37.72414],[-122.3869,37.72414],[-122.3869,37.72414],[-122.3869,37.72414],[-122.3869,37.72414],[-122.3869,37.72414],[-122.3869,37.72413],[-122.38689,37.72413],[-122.38689,37.72413],[-122.38689,37.72413],[-122.38689,37.72413],[-122.38689,37.72413],[-122.38689,37.72413],[-122.38689,37.72413],[-122.38688,37.72413],[-122.38688,37.72413],[-122.38688,37.72413],[-122.38688,37.72413],[-122.38688,37.72413],[-122.38688,37.72412],[-122.38687,37.72412],[-122.38687,37.72412],[-122.38687,37.72412],[-122.38687,37.72412],[-122.38687,37.72412],[-122.38687,37.72412],[-122.38686,37.72412],[-122.38686,37.72412],[-122.38686,37.72412],[-122.38684,37.72411],[-122.38682,37.7241],[-122.38679,37.72409],[-122.38677,37.72408],[-122.38675,37.72407],[-122.38675,37.72407],[-122.38674,37.72406],[-122.38673,37.72406],[-122.3867,37.72404],[-122.38668,37.72403],[-122.38666,37.72402],[-122.38664,37.72401],[-122.38662,37.72399],[-122.3866,37.72398],[-122.3866,37.72398],[-122.38659,37.72397],[-122.38658,37.72397],[-122.38657,37.72396],[-122.38654,37.72394],[-122.38637,37.72384],[-122.3863,37.7238],[-122.38605,37.72366],[-122.38605,37.72366],[-122.38603,37.72366],[-122.38602,37.72365],[-122.386,37.72364],[-122.38598,37.72364],[-122.38596,37.72363],[-122.38594,37.72362],[-122.38593,37.72362],[-122.38593,37.72362],[-122.38593,37.72362],[-122.38593,37.72362],[-122.38593,37.72362],[-122.38593,37.72362],[-122.38592,37.72362],[-122.38592,37.72362],[-122.38592,37.72362],[-122.38592,37.72362],[-122.38592,37.72362],[-122.38592,37.72362],[-122.38591,37.72361],[-122.38591,37.72361],[-122.38591,37.72361],[-122.38591,37.72361],[-122.38591,37.72361],[-122.38591,37.72361],[-122.38591,37.72361],[-122.3859,37.72361],[-122.3859,37.72361],[-122.3859,37.72361],[-122.3859,37.72361],[-122.3859,37.7236],[-122.3859,37.7236],[-122.3859,37.7236],[-122.38589,37.7236],[-122.38589,37.7236],[-122.38589,37.7236],[-122.38589,37.7236],[-122.38589,37.7236],[-122.38589,37.7236],[-122.38589,37.72359],[-122.38589,37.72359],[-122.38589,37.72359],[-122.38588,37.72359],[-122.38588,37.72359],[-122.38588,37.72359],[-122.38588,37.72359],[-122.38588,37.72359],[-122.38588,37.72359],[-122.38588,37.72358],[-122.38588,37.72358],[-122.38588,37.72358],[-122.38588,37.72358],[-122.38588,37.72358],[-122.38588,37.72358],[-122.38587,37.72358],[-122.38587,37.72357],[-122.38587,37.72357],[-122.38587,37.72357],[-122.38587,37.72357],[-122.38587,37.72357],[-122.38587,37.72357],[-122.38587,37.72357],[-122.38587,37.72357],[-122.38587,37.72357],[-122.38587,37.72357],[-122.38587,37.72357],[-122.38587,37.72357],[-122.38587,37.72357],[-122.38587,37.72357],[-122.38587,37.72356],[-122.38587,37.72356],[-122.38587,37.72356],[-122.38587,37.72356],[-122.38587,37.72356],[-122.38587,37.72356],[-122.38587,37.72356],[-122.38587,37.72356],[-122.38586,37.72356],[-122.38586,37.72356],[-122.38586,37.72356],[-122.38586,37.72356],[-122.38586,37.72356],[-122.38586,37.72356],[-122.38586,37.72356],[-122.38586,37.72356],[-122.38586,37.72356],[-122.38586,37.72356],[-122.38586,37.72356],[-122.38586,37.72356],[-122.38586,37.72356],[-122.38586,37.72356],[-122.38586,37.72355],[-122.38586,37.72355],[-122.38586,37.72355],[-122.38586,37.72355],[-122.38586,37.72355],[-122.38585,37.72355],[-122.38585,37.72355],[-122.38585,37.72355],[-122.38585,37.72355],[-122.38585,37.72355],[-122.38585,37.72355],[-122.38585,37.72355],[-122.38585,37.72355],[-122.38585,37.72355],[-122.38585,37.72355],[-122.38585,37.72355],[-122.38585,37.72355],[-122.38585,37.72355],[-122.38585,37.72355],[-122.38584,37.72355],[-122.38584,37.72355],[-122.38584,37.72355],[-122.38584,37.72355],[-122.38584,37.72355],[-122.38584,37.72355],[-122.38584,37.72355],[-122.38584,37.72355],[-122.38583,37.72355],[-122.38583,37.72354],[-122.38582,37.72354],[-122.38582,37.72354],[-122.38582,37.72354],[-122.38581,37.72354],[-122.38581,37.72354],[-122.3858,37.72354],[-122.3858,37.72353],[-122.38579,37.72353],[-122.38579,37.72353],[-122.38578,37.72353],[-122.38578,37.72353],[-122.38577,37.72352],[-122.38577,37.72352],[-122.38577,37.72352],[-122.38576,37.72352],[-122.38576,37.72352],[-122.38576,37.72352],[-122.38575,37.72352],[-122.38575,37.72351],[-122.38574,37.72351],[-122.38574,37.72351],[-122.38574,37.72351],[-122.38574,37.72351],[-122.38574,37.72351],[-122.38574,37.72351],[-122.38574,37.72351],[-122.38574,37.7235],[-122.38574,37.7235],[-122.38574,37.7235],[-122.38573,37.7235],[-122.38573,37.7235],[-122.38573,37.7235],[-122.38573,37.7235],[-122.38573,37.7235],[-122.38573,37.7235],[-122.38573,37.7235],[-122.38573,37.7235],[-122.38573,37.7235],[-122.38573,37.7235],[-122.38573,37.72349],[-122.38573,37.72349],[-122.38573,37.72349],[-122.38573,37.72349],[-122.38573,37.72349],[-122.38573,37.72349],[-122.38573,37.72349],[-122.38573,37.72349],[-122.38572,37.72349],[-122.38572,37.72349],[-122.38572,37.72349],[-122.38572,37.72349],[-122.38572,37.72349],[-122.38572,37.72349],[-122.38572,37.72349],[-122.38572,37.72348],[-122.38572,37.72348],[-122.38572,37.72348],[-122.38572,37.72348],[-122.38572,37.72348],[-122.38572,37.72348],[-122.38572,37.72348],[-122.38572,37.72348],[-122.38571,37.72348],[-122.38571,37.72348],[-122.38571,37.72348],[-122.38571,37.72348],[-122.38571,37.72348],[-122.38571,37.72348],[-122.38571,37.72348],[-122.38571,37.72348],[-122.38571,37.72348],[-122.38571,37.72348],[-122.38571,37.72348],[-122.3857,37.72348],[-122.3857,37.72348],[-122.3857,37.72348],[-122.3857,37.72348],[-122.3857,37.72348],[-122.3857,37.72348],[-122.3857,37.72348],[-122.3857,37.72347],[-122.3857,37.72347],[-122.3857,37.72347],[-122.38569,37.72347],[-122.38568,37.72346],[-122.38567,37.72345],[-122.38565,37.72345],[-122.38564,37.72344],[-122.38562,37.72343],[-122.38561,37.72342],[-122.38559,37.72341],[-122.38559,37.72341],[-122.38558,37.7234],[-122.38557,37.7234],[-122.38556,37.72339],[-122.38555,37.72339],[-122.38553,37.72338],[-122.38551,37.72337],[-122.38551,37.72337],[-122.38551,37.72337],[-122.38551,37.72337],[-122.3855,37.72337],[-122.3855,37.72337],[-122.3855,37.72337],[-122.3855,37.72337],[-122.3855,37.72337],[-122.3855,37.72337],[-122.3855,37.72337],[-122.3855,37.72336],[-122.38549,37.72336],[-122.38549,37.72336],[-122.38549,37.72336],[-122.38549,37.72336],[-122.38549,37.72336],[-122.38549,37.72336],[-122.38549,37.72336],[-122.38548,37.72336],[-122.38548,37.72336],[-122.38548,37.72336],[-122.38548,37.72336],[-122.38548,37.72336],[-122.38548,37.72336],[-122.38547,37.72336],[-122.38547,37.72336],[-122.38547,37.72336],[-122.38547,37.72336],[-122.38547,37.72336],[-122.38547,37.72336],[-122.38547,37.72336],[-122.38546,37.72336],[-122.38546,37.72336],[-122.38546,37.72336],[-122.38546,37.72336],[-122.38546,37.72336],[-122.38546,37.72336],[-122.38545,37.72336],[-122.38545,37.72336],[-122.38545,37.72336],[-122.38545,37.72336],[-122.38545,37.72336],[-122.38545,37.72336],[-122.38545,37.72336],[-122.38545,37.72336],[-122.38544,37.72336],[-122.38544,37.72336],[-122.38544,37.72336],[-122.38544,37.72336],[-122.38544,37.72336],[-122.38544,37.72336],[-122.38544,37.72336],[-122.38543,37.72336],[-122.38543,37.72336],[-122.38543,37.72336],[-122.38543,37.72336],[-122.38543,37.72335],[-122.38543,37.72335],[-122.38543,37.72335],[-122.38542,37.72335],[-122.38542,37.72335],[-122.38542,37.72335],[-122.38542,37.72335],[-122.38542,37.72335],[-122.38542,37.72335],[-122.38542,37.72335],[-122.38541,37.72335],[-122.38541,37.72335],[-122.38541,37.72335],[-122.38541,37.72334],[-122.38541,37.72334],[-122.38541,37.72334],[-122.38541,37.72334],[-122.38541,37.72334],[-122.38541,37.72334],[-122.3854,37.72334],[-122.3854,37.72334],[-122.3854,37.72334],[-122.3854,37.72334],[-122.3854,37.72333],[-122.38539,37.72333],[-122.38539,37.72333],[-122.38538,37.72332],[-122.38538,37.72332],[-122.38537,37.72332],[-122.38537,37.72332],[-122.38536,37.72331],[-122.38535,37.72331],[-122.38535,37.72331],[-122.38535,37.72331],[-122.38534,37.72331],[-122.38534,37.72331],[-122.38534,37.7233],[-122.38533,37.7233],[-122.38533,37.7233],[-122.38533,37.7233],[-122.38532,37.7233],[-122.38531,37.72329],[-122.38531,37.72329],[-122.3853,37.72329],[-122.38529,37.72329],[-122.38528,37.72328],[-122.38528,37.72328],[-122.38528,37.72328],[-122.38527,37.72327],[-122.38526,37.72327],[-122.38526,37.72327],[-122.38525,37.72326],[-122.38524,37.72326],[-122.38523,37.72326],[-122.38522,37.72325],[-122.38522,37.72325],[-122.38521,37.72325],[-122.3852,37.72324],[-122.3852,37.72324],[-122.3852,37.72324],[-122.38519,37.72324],[-122.38518,37.72324],[-122.38518,37.72323],[-122.38517,37.72323],[-122.38516,37.72323],[-122.38515,37.72323],[-122.38514,37.72322],[-122.38513,37.72322],[-122.38513,37.72322],[-122.38512,37.72322],[-122.38511,37.72321],[-122.3851,37.72321],[-122.3851,37.72321],[-122.38509,37.72321],[-122.38508,37.72321],[-122.38507,37.72321],[-122.38507,37.72321],[-122.38506,37.72321],[-122.38506,37.7232],[-122.38505,37.7232],[-122.38505,37.7232],[-122.38504,37.7232],[-122.38504,37.7232],[-122.38504,37.7232],[-122.38503,37.7232],[-122.38503,37.7232],[-122.38503,37.7232],[-122.38502,37.72319],[-122.38502,37.72319],[-122.38502,37.72319],[-122.38501,37.72319],[-122.38501,37.72319],[-122.385,37.72319],[-122.385,37.72318],[-122.38499,37.72318],[-122.38499,37.72318],[-122.38499,37.72318],[-122.38498,37.72317],[-122.38498,37.72317],[-122.38497,37.72317],[-122.38497,37.72317],[-122.38497,37.72317],[-122.38495,37.72315],[-122.38493,37.72314],[-122.38491,37.72313],[-122.38489,37.72312],[-122.38486,37.72311],[-122.38484,37.72309],[-122.38484,37.72309],[-122.38484,37.72309],[-122.38482,37.72308],[-122.38481,37.72308],[-122.3848,37.72307],[-122.38478,37.72306],[-122.38474,37.72305],[-122.38474,37.72305],[-122.38474,37.72304],[-122.38473,37.72304],[-122.38473,37.72304],[-122.38473,37.72304],[-122.38472,37.72304],[-122.38472,37.72303],[-122.38472,37.72303],[-122.38471,37.72303],[-122.38471,37.72303],[-122.38471,37.72302],[-122.3847,37.72302],[-122.3847,37.72302],[-122.3847,37.72302],[-122.3847,37.72302],[-122.38469,37.72301],[-122.38469,37.72301],[-122.38469,37.72301],[-122.38469,37.723],[-122.38468,37.723],[-122.38468,37.723],[-122.38468,37.723],[-122.38468,37.72299],[-122.38467,37.72299],[-122.38467,37.72299],[-122.38467,37.72299],[-122.38467,37.72299],[-122.38467,37.72298],[-122.38466,37.72298],[-122.38466,37.72298],[-122.38466,37.72298],[-122.38466,37.72297],[-122.38466,37.72297],[-122.38466,37.72297],[-122.38466,37.72297],[-122.38466,37.72297],[-122.38466,37.72297],[-122.38465,37.72297],[-122.38465,37.72297],[-122.38465,37.72296],[-122.38465,37.72296],[-122.38465,37.72296],[-122.38465,37.72296],[-122.38465,37.72296],[-122.38465,37.72296],[-122.38465,37.72296],[-122.38464,37.72296],[-122.38464,37.72296],[-122.38464,37.72296],[-122.38464,37.72295],[-122.38464,37.72295],[-122.38464,37.72295],[-122.38464,37.72295],[-122.38464,37.72295],[-122.38464,37.72295],[-122.38464,37.72295],[-122.38463,37.72295],[-122.38463,37.72295],[-122.38463,37.72295],[-122.38463,37.72295],[-122.38463,37.72295],[-122.38463,37.72295],[-122.38462,37.72295],[-122.38462,37.72294],[-122.38462,37.72294],[-122.38462,37.72294],[-122.38462,37.72294],[-122.38462,37.72294],[-122.38462,37.72294],[-122.38461,37.72294],[-122.38461,37.72294],[-122.38461,37.72294],[-122.38461,37.72294],[-122.38461,37.72294],[-122.38461,37.72294],[-122.3846,37.72294],[-122.3846,37.72293],[-122.38459,37.72292],[-122.38458,37.72292],[-122.38457,37.72291],[-122.38456,37.7229],[-122.38455,37.7229],[-122.38455,37.72289],[-122.38454,37.72288],[-122.38453,37.72288],[-122.38452,37.72287],[-122.38452,37.72286],[-122.38452,37.72286],[-122.38451,37.72286],[-122.38443,37.72281],[-122.38435,37.72275],[-122.38424,37.72268],[-122.38423,37.72268],[-122.38421,37.72267],[-122.38418,37.72266],[-122.38414,37.72264],[-122.38411,37.72263],[-122.38408,37.72261],[-122.38405,37.7226],[-122.38402,37.72258],[-122.38399,37.72256],[-122.38399,37.72256],[-122.38397,37.72255],[-122.38396,37.72253],[-122.38394,37.72252],[-122.38392,37.7225],[-122.38389,37.72248],[-122.38389,37.72248],[-122.38388,37.72248],[-122.38387,37.72247],[-122.38386,37.72247],[-122.38385,37.72247],[-122.38385,37.72246],[-122.38384,37.72246],[-122.38383,37.72246],[-122.38382,37.72245],[-122.38382,37.72245],[-122.38381,37.72244],[-122.3838,37.72244],[-122.3838,37.72243],[-122.38379,37.72243],[-122.38378,37.72243],[-122.38378,37.72242],[-122.38377,37.72242],[-122.38376,37.72241],[-122.38376,37.72241],[-122.38375,37.7224],[-122.38374,37.7224],[-122.38374,37.72239],[-122.38374,37.72239],[-122.38373,37.72239],[-122.38373,37.72238],[-122.38373,37.72238],[-122.38372,37.72236],[-122.38371,37.72237],[-122.38371,37.72237],[-122.38371,37.72236],[-122.3837,37.72236],[-122.3837,37.72236],[-122.38369,37.72236],[-122.38369,37.72235],[-122.38369,37.72235],[-122.38368,37.72235],[-122.38368,37.72235],[-122.38368,37.72234],[-122.38367,37.72234],[-122.38367,37.72234],[-122.38366,37.72234],[-122.38366,37.72233],[-122.38365,37.72233],[-122.38365,37.72233],[-122.38365,37.72233],[-122.38364,37.72233],[-122.38364,37.72233],[-122.38363,37.72232],[-122.38363,37.72232],[-122.38362,37.72232],[-122.38362,37.72232],[-122.38361,37.72232],[-122.38361,37.72232],[-122.38361,37.72231],[-122.3836,37.72231],[-122.3836,37.72231],[-122.38359,37.72231],[-122.38359,37.72231],[-122.38359,37.72231],[-122.38358,37.72231],[-122.38357,37.7223],[-122.38357,37.7223],[-122.38357,37.7223],[-122.38356,37.7223],[-122.38355,37.72229],[-122.38355,37.72229],[-122.38354,37.72228],[-122.38353,37.72228],[-122.38352,37.72227],[-122.38351,37.72227],[-122.38351,37.72226],[-122.3835,37.72226],[-122.38349,37.72225],[-122.38349,37.72225],[-122.38349,37.72225],[-122.38348,37.72225],[-122.38348,37.72224],[-122.38347,37.72223],[-122.38346,37.72223],[-122.38346,37.72222],[-122.38346,37.72222],[-122.38345,37.72221],[-122.38344,37.72221],[-122.38344,37.72221],[-122.38344,37.72221],[-122.38344,37.72221],[-122.38344,37.7222],[-122.38344,37.7222],[-122.38343,37.7222],[-122.38343,37.7222],[-122.38343,37.7222],[-122.38343,37.7222],[-122.38343,37.7222],[-122.38343,37.7222],[-122.38342,37.72219],[-122.38342,37.72219],[-122.38342,37.72219],[-122.38342,37.72219],[-122.38342,37.72219],[-122.38342,37.72219],[-122.38342,37.72219],[-122.38342,37.72219],[-122.38341,37.72219],[-122.38341,37.72219],[-122.38341,37.72219],[-122.38341,37.72219],[-122.38341,37.72218],[-122.3834,37.72218],[-122.3834,37.72218],[-122.3834,37.72218],[-122.3834,37.72218],[-122.3834,37.72218],[-122.38339,37.72218],[-122.38339,37.72218],[-122.38339,37.72218],[-122.38339,37.72218],[-122.38339,37.72218],[-122.38339,37.72218],[-122.38338,37.72218],[-122.38338,37.72218],[-122.38338,37.72218],[-122.38338,37.72218],[-122.38337,37.72217],[-122.38337,37.72217],[-122.38337,37.72217],[-122.38336,37.72217],[-122.38336,37.72217],[-122.38335,37.72217],[-122.38335,37.72216],[-122.38335,37.72216],[-122.38334,37.72216],[-122.38334,37.72216],[-122.38334,37.72216],[-122.38333,37.72215],[-122.38333,37.72215],[-122.38333,37.72215],[-122.38333,37.72215],[-122.38332,37.72215],[-122.38332,37.72215],[-122.38332,37.72214],[-122.38331,37.72214],[-122.38331,37.72214],[-122.38331,37.72214],[-122.3833,37.72213],[-122.3833,37.72213],[-122.38329,37.72213],[-122.38329,37.72212],[-122.38329,37.72212],[-122.38328,37.72212],[-122.38328,37.72212],[-122.38327,37.72211],[-122.38327,37.72211],[-122.38327,37.72211],[-122.38326,37.72211],[-122.38326,37.7221],[-122.38325,37.7221],[-122.38325,37.7221],[-122.38324,37.7221],[-122.38324,37.7221],[-122.38324,37.72209],[-122.38323,37.72209],[-122.38323,37.72209],[-122.38322,37.72209],[-122.38322,37.72209],[-122.38321,37.72208],[-122.38321,37.72208],[-122.3832,37.72208],[-122.3832,37.72208],[-122.3832,37.72208],[-122.38319,37.72208],[-122.38319,37.72208],[-122.38318,37.72208],[-122.38318,37.72207],[-122.38317,37.72207],[-122.38317,37.72207],[-122.38316,37.72207],[-122.38316,37.72207],[-122.38314,37.72206],[-122.38312,37.72206],[-122.38311,37.72205],[-122.38309,37.72205],[-122.38308,37.72204],[-122.38306,37.72204],[-122.38304,37.72203],[-122.38303,37.72202],[-122.38301,37.72202],[-122.383,37.72201],[-122.38298,37.722],[-122.38297,37.72199],[-122.38295,37.72199],[-122.38294,37.72198],[-122.38292,37.72197],[-122.3829,37.72195],[-122.38289,37.72195],[-122.38289,37.72195],[-122.38288,37.72194],[-122.38288,37.72194],[-122.38288,37.72194],[-122.38288,37.72194],[-122.38287,37.72193],[-122.38287,37.72193],[-122.38286,37.72192],[-122.38286,37.72192],[-122.38285,37.72191],[-122.38285,37.72191],[-122.38284,37.7219],[-122.38284,37.7219],[-122.38284,37.72189],[-122.38283,37.72189],[-122.38283,37.72188],[-122.38282,37.72188],[-122.38282,37.72187],[-122.38282,37.72187],[-122.38282,37.72187],[-122.38282,37.72187],[-122.38282,37.72187],[-122.38281,37.72186],[-122.38281,37.72186],[-122.38281,37.72185],[-122.3828,37.72184],[-122.3828,37.72184],[-122.3828,37.72184],[-122.3828,37.72183],[-122.38279,37.72182],[-122.38279,37.72182],[-122.38279,37.72181],[-122.38279,37.72181],[-122.38278,37.7218],[-122.38278,37.7218],[-122.38278,37.72179],[-122.38277,37.72179],[-122.38277,37.72178],[-122.38277,37.72178],[-122.38276,37.72177],[-122.38276,37.72177],[-122.38276,37.72177],[-122.38276,37.72177],[-122.38276,37.72177],[-122.38275,37.72176],[-122.38275,37.72176],[-122.38275,37.72176],[-122.38274,37.72175],[-122.38274,37.72175],[-122.38274,37.72174],[-122.38273,37.72174],[-122.38273,37.72174],[-122.38273,37.72174],[-122.38273,37.72174],[-122.38273,37.72174],[-122.38273,37.72174],[-122.38273,37.72174],[-122.38273,37.72174],[-122.38273,37.72173],[-122.38273,37.72173],[-122.38273,37.72173],[-122.38273,37.72173],[-122.38273,37.72173],[-122.38273,37.72173],[-122.38273,37.72173],[-122.38273,37.72173],[-122.38272,37.72173],[-122.38272,37.72173],[-122.38272,37.72173],[-122.38272,37.72172],[-122.38272,37.72172],[-122.38272,37.72172],[-122.38272,37.72172],[-122.38272,37.72172],[-122.38272,37.72172],[-122.38272,37.72172],[-122.38272,37.72172],[-122.38272,37.72172],[-122.38272,37.72172],[-122.38272,37.72172],[-122.38272,37.72171],[-122.38272,37.72171],[-122.38272,37.72171],[-122.38272,37.72171],[-122.38272,37.72171],[-122.38272,37.72171],[-122.38272,37.72171],[-122.38272,37.72171],[-122.38272,37.72171],[-122.38272,37.72171],[-122.38272,37.7217],[-122.38272,37.7217],[-122.38272,37.7217],[-122.38272,37.7217],[-122.38272,37.7217],[-122.38272,37.7217],[-122.38272,37.7217],[-122.38272,37.7217],[-122.38272,37.7217],[-122.38272,37.72169],[-122.38272,37.72169],[-122.38272,37.72169],[-122.38272,37.72169],[-122.38272,37.72169],[-122.38272,37.72169],[-122.38272,37.72169],[-122.38272,37.72169],[-122.38272,37.72169],[-122.38272,37.72169],[-122.38272,37.72168],[-122.38273,37.72168],[-122.38273,37.72168],[-122.38273,37.72167],[-122.38273,37.72167],[-122.38273,37.72167],[-122.38273,37.72166],[-122.38273,37.72166],[-122.38273,37.72165],[-122.38273,37.72165],[-122.38273,37.72165],[-122.38273,37.72164],[-122.38273,37.72164],[-122.38273,37.72164],[-122.38273,37.72163],[-122.38273,37.72163],[-122.38273,37.72162],[-122.38273,37.72161],[-122.38273,37.7216],[-122.38273,37.7216],[-122.38273,37.72159],[-122.38273,37.72158],[-122.38273,37.72158],[-122.38274,37.72157],[-122.38274,37.72156],[-122.38274,37.72156],[-122.38274,37.72156],[-122.38274,37.72155],[-122.38274,37.72155],[-122.38274,37.72154],[-122.38274,37.72154],[-122.38275,37.72153],[-122.38275,37.72152],[-122.38275,37.72151],[-122.38275,37.72151],[-122.38275,37.7215],[-122.38276,37.72149],[-122.38276,37.72149],[-122.38276,37.72148],[-122.38277,37.72146],[-122.38278,37.72144],[-122.38278,37.72142],[-122.38279,37.72139],[-122.3828,37.72137],[-122.38281,37.72135],[-122.38281,37.72133],[-122.38282,37.72131],[-122.38283,37.72129],[-122.38284,37.72127],[-122.38285,37.72125],[-122.38287,37.72123],[-122.38288,37.72121],[-122.38289,37.72119],[-122.3829,37.72117],[-122.3829,37.72116],[-122.3829,37.72116],[-122.38291,37.72115],[-122.38291,37.72115],[-122.38291,37.72115],[-122.38291,37.72114],[-122.38291,37.72114],[-122.38292,37.72113],[-122.38292,37.72113],[-122.38292,37.72112],[-122.38292,37.72112],[-122.38293,37.72112],[-122.38293,37.72111],[-122.38293,37.72111],[-122.38294,37.7211],[-122.38294,37.7211],[-122.38294,37.72109],[-122.38295,37.72109],[-122.38295,37.72108],[-122.38296,37.72108],[-122.38296,37.72107],[-122.38296,37.72107],[-122.38297,37.72107],[-122.38297,37.72106],[-122.38298,37.72106],[-122.38298,37.72105],[-122.38299,37.72105],[-122.38299,37.72105],[-122.38299,37.72104],[-122.383,37.72104],[-122.383,37.72103],[-122.38301,37.72103],[-122.38301,37.72103],[-122.38302,37.72102],[-122.38302,37.72102],[-122.38303,37.72102],[-122.38303,37.72101],[-122.38304,37.72101],[-122.38305,37.72101],[-122.38305,37.721],[-122.38305,37.721],[-122.38306,37.721],[-122.38306,37.721],[-122.38307,37.72099],[-122.38307,37.72099],[-122.38308,37.72099],[-122.38308,37.72099],[-122.38309,37.72098],[-122.38309,37.72098],[-122.38309,37.72098],[-122.3831,37.72098],[-122.3831,37.72098],[-122.38311,37.72097],[-122.38311,37.72097],[-122.38311,37.72097],[-122.38312,37.72097],[-122.38312,37.72097],[-122.38312,37.72097],[-122.38312,37.72096],[-122.38312,37.72096],[-122.38313,37.72096],[-122.38313,37.72095],[-122.38313,37.72095],[-122.38314,37.72095],[-122.38314,37.72095],[-122.38314,37.72094],[-122.38315,37.72094],[-122.38315,37.72094],[-122.38315,37.72093],[-122.38316,37.72093],[-122.38316,37.72093],[-122.38316,37.72092],[-122.38316,37.72092],[-122.38317,37.72092],[-122.38317,37.72092],[-122.38317,37.72091],[-122.3832,37.72087],[-122.38323,37.72083],[-122.38326,37.72079],[-122.38327,37.72078],[-122.38331,37.72073],[-122.38331,37.72072],[-122.38332,37.72071],[-122.38333,37.7207],[-122.38333,37.72069],[-122.38334,37.72068],[-122.38334,37.72067],[-122.38335,37.72066],[-122.38336,37.72065],[-122.38336,37.72063],[-122.38337,37.72062],[-122.38337,37.72061],[-122.38337,37.72061],[-122.38337,37.72061],[-122.38337,37.7206],[-122.38338,37.72059],[-122.38338,37.72058],[-122.38339,37.72057],[-122.38339,37.72056],[-122.38339,37.72054],[-122.3834,37.72053],[-122.3834,37.72052],[-122.3834,37.72051],[-122.3834,37.72051],[-122.3834,37.72051],[-122.3834,37.7205],[-122.3834,37.72049],[-122.38341,37.72047],[-122.38341,37.72046],[-122.38341,37.72045],[-122.38341,37.72044],[-122.38341,37.72044],[-122.38341,37.72043],[-122.38341,37.72043],[-122.38341,37.72043],[-122.38341,37.72042],[-122.38341,37.72041],[-122.38341,37.7204],[-122.3834,37.72039],[-122.3834,37.72039],[-122.3834,37.72038],[-122.3834,37.72037],[-122.3834,37.72036],[-122.3834,37.72035],[-122.3834,37.72035],[-122.3834,37.72035],[-122.3834,37.72035],[-122.3834,37.72035],[-122.3834,37.72035],[-122.3834,37.72035],[-122.3834,37.72035],[-122.3834,37.72035],[-122.3834,37.72035],[-122.3834,37.72035],[-122.3834,37.72035],[-122.3834,37.72035],[-122.3834,37.72035],[-122.3834,37.72035],[-122.3834,37.72035],[-122.3834,37.72035],[-122.38339,37.72035],[-122.38339,37.72035],[-122.38339,37.72035],[-122.38339,37.72035],[-122.38339,37.72035],[-122.38339,37.72035],[-122.38339,37.72035],[-122.38339,37.72035],[-122.38339,37.72035],[-122.38339,37.72034],[-122.38339,37.72034],[-122.38339,37.72034],[-122.38339,37.72034],[-122.38339,37.72034],[-122.38339,37.72034],[-122.38339,37.72034],[-122.38339,37.72034],[-122.38339,37.72034],[-122.38339,37.72034],[-122.38339,37.72034],[-122.38339,37.72034],[-122.38339,37.72034],[-122.38339,37.72034],[-122.38339,37.72034],[-122.38339,37.72034],[-122.38339,37.72034],[-122.38339,37.72034],[-122.38339,37.72034],[-122.38339,37.72034],[-122.38339,37.72034],[-122.38339,37.72034],[-122.38339,37.72034],[-122.38338,37.72034],[-122.38338,37.72034],[-122.38338,37.72034],[-122.38338,37.72034],[-122.38338,37.72034],[-122.38338,37.72034],[-122.38338,37.72034],[-122.38338,37.72034],[-122.38338,37.72034],[-122.38338,37.72034],[-122.38338,37.72034],[-122.38338,37.72034],[-122.38338,37.72034],[-122.38338,37.72034],[-122.38338,37.72034],[-122.38338,37.72033],[-122.38338,37.72033],[-122.38338,37.72033],[-122.38338,37.72033],[-122.38338,37.72033],[-122.38338,37.72033],[-122.38338,37.72033],[-122.38337,37.72033],[-122.38337,37.72033],[-122.38337,37.72033],[-122.38337,37.72033],[-122.38337,37.72033],[-122.38337,37.72033],[-122.38337,37.72033],[-122.38337,37.72033],[-122.38337,37.72033],[-122.38337,37.72033],[-122.38337,37.72033],[-122.38337,37.72033],[-122.38337,37.72033],[-122.38337,37.72033],[-122.38337,37.72033],[-122.38337,37.72033],[-122.38337,37.72033],[-122.38337,37.72033],[-122.38337,37.72033],[-122.38337,37.72033],[-122.38337,37.72033],[-122.38336,37.72033],[-122.38336,37.72033],[-122.38336,37.72033],[-122.38336,37.72033],[-122.38336,37.72033],[-122.38336,37.72033],[-122.38336,37.72033],[-122.38336,37.72033],[-122.38336,37.72033],[-122.38336,37.72033],[-122.38336,37.72033],[-122.38336,37.72033],[-122.38336,37.72033],[-122.38336,37.72033],[-122.38336,37.72033],[-122.38336,37.72033],[-122.38336,37.72033],[-122.38336,37.72034],[-122.38336,37.72034],[-122.38336,37.72034],[-122.38335,37.72034],[-122.38335,37.72034],[-122.38335,37.72034],[-122.38335,37.72034],[-122.38335,37.72034],[-122.38335,37.72034],[-122.38335,37.72034],[-122.38335,37.72034],[-122.38335,37.72034],[-122.38335,37.72034],[-122.38335,37.72034],[-122.38335,37.72034],[-122.38335,37.72034],[-122.38335,37.72034],[-122.38335,37.72034],[-122.38335,37.72034],[-122.38335,37.72034],[-122.38335,37.72034],[-122.38335,37.72034],[-122.38335,37.72034],[-122.38335,37.72034],[-122.38335,37.72034],[-122.38335,37.72034],[-122.38335,37.72034],[-122.38334,37.72034],[-122.38334,37.72034],[-122.38334,37.72034],[-122.38334,37.72034],[-122.38334,37.72035],[-122.38334,37.72035],[-122.38334,37.72035],[-122.38334,37.72035],[-122.38334,37.72035],[-122.38334,37.72035],[-122.38333,37.72035],[-122.38333,37.72035],[-122.38333,37.72035],[-122.38333,37.72035],[-122.38333,37.72036],[-122.38333,37.72036],[-122.38333,37.72036],[-122.38333,37.72036],[-122.38333,37.72036],[-122.38333,37.72036],[-122.38333,37.72036],[-122.38333,37.72036],[-122.38333,37.72036],[-122.38333,37.72036],[-122.38333,37.72036],[-122.38333,37.72036],[-122.38333,37.72036],[-122.38333,37.72036],[-122.38333,37.72036],[-122.38333,37.72036],[-122.38333,37.72036],[-122.38333,37.72036],[-122.38333,37.72036],[-122.38333,37.72036],[-122.38333,37.72036],[-122.38333,37.72036],[-122.38333,37.72036],[-122.38333,37.72036],[-122.38333,37.72036],[-122.38333,37.72036],[-122.38333,37.72036],[-122.38333,37.72036],[-122.38333,37.72036],[-122.38333,37.72036],[-122.38333,37.72036],[-122.38333,37.72036],[-122.38333,37.72036],[-122.38333,37.72036],[-122.38333,37.72036],[-122.38333,37.72036],[-122.38333,37.72036],[-122.38333,37.72036],[-122.38333,37.72036],[-122.38333,37.72036],[-122.38333,37.72036],[-122.38333,37.72036],[-122.38333,37.72036],[-122.38333,37.72036],[-122.38333,37.72036],[-122.38333,37.72036],[-122.38333,37.72036],[-122.38333,37.72036],[-122.38333,37.72036],[-122.38333,37.72036],[-122.38333,37.72036],[-122.38333,37.72036],[-122.38333,37.72036],[-122.38333,37.72036],[-122.38333,37.72036],[-122.38333,37.72036],[-122.38332,37.72036],[-122.38332,37.72036],[-122.38332,37.72036],[-122.38332,37.72036],[-122.38332,37.72036],[-122.38332,37.72036],[-122.38332,37.72036],[-122.38332,37.72036],[-122.38332,37.72036],[-122.38332,37.72036],[-122.38332,37.72036],[-122.38332,37.72036],[-122.38332,37.72036],[-122.38332,37.72036],[-122.38332,37.72036],[-122.38332,37.72036],[-122.38332,37.72036],[-122.38332,37.72036],[-122.38332,37.72036],[-122.38332,37.72036],[-122.38332,37.72036],[-122.38332,37.72036],[-122.38332,37.72036],[-122.38332,37.72036],[-122.38332,37.72036],[-122.38332,37.72036],[-122.38332,37.72036],[-122.38332,37.72036],[-122.38332,37.72036],[-122.38332,37.72036],[-122.38332,37.72036],[-122.38332,37.72036],[-122.38332,37.72036],[-122.38332,37.72036],[-122.38332,37.72036],[-122.38332,37.72036],[-122.38332,37.72036],[-122.38332,37.72036],[-122.38332,37.72036],[-122.38332,37.72036],[-122.38332,37.72036],[-122.38332,37.72036],[-122.38332,37.72036],[-122.38332,37.72036],[-122.38331,37.72036],[-122.38331,37.72036],[-122.38331,37.72036],[-122.38331,37.72036],[-122.38331,37.72036],[-122.38331,37.72036],[-122.38331,37.72036],[-122.38331,37.72036],[-122.38331,37.72036],[-122.38331,37.72036],[-122.38331,37.72036],[-122.38331,37.72036],[-122.38331,37.72036],[-122.38331,37.72036],[-122.38331,37.72036],[-122.38331,37.72036],[-122.38331,37.72035],[-122.38331,37.72035],[-122.38331,37.72035],[-122.38331,37.72035],[-122.38331,37.72035],[-122.38331,37.72035],[-122.38331,37.72035],[-122.38331,37.72035],[-122.38331,37.72035],[-122.38331,37.72035],[-122.38331,37.72035],[-122.38331,37.72035],[-122.38331,37.72035],[-122.38331,37.72035],[-122.38331,37.72035],[-122.38331,37.72035],[-122.38331,37.72035],[-122.38331,37.72035],[-122.38331,37.72035],[-122.38331,37.72035],[-122.38331,37.72035],[-122.38331,37.72035],[-122.38331,37.72035],[-122.38331,37.72035],[-122.38331,37.72035],[-122.38331,37.72035],[-122.38331,37.72035],[-122.38331,37.72035],[-122.38331,37.72035],[-122.38331,37.72035],[-122.38331,37.72035],[-122.38331,37.72035],[-122.38331,37.72035],[-122.38331,37.72035],[-122.38331,37.72035],[-122.38331,37.72034],[-122.38331,37.72034],[-122.38331,37.72034],[-122.38331,37.72034],[-122.38331,37.72034],[-122.38331,37.72034],[-122.38331,37.72034],[-122.38331,37.72034],[-122.38331,37.72034],[-122.38331,37.72034],[-122.38331,37.72034],[-122.38331,37.72034],[-122.38331,37.72034],[-122.38331,37.72034],[-122.38331,37.72034],[-122.38331,37.72034],[-122.38331,37.72034],[-122.38331,37.72034],[-122.38331,37.72034],[-122.38331,37.72034],[-122.38331,37.72034],[-122.38331,37.72034],[-122.38331,37.72034],[-122.38331,37.72034],[-122.38331,37.72034],[-122.38331,37.72034],[-122.38331,37.72034],[-122.38331,37.72034],[-122.38331,37.72034],[-122.38331,37.72034],[-122.38331,37.72034],[-122.38331,37.72034],[-122.38331,37.72034],[-122.38331,37.72033],[-122.38331,37.72033],[-122.38331,37.72033],[-122.38331,37.72033],[-122.38331,37.72033],[-122.38331,37.72033],[-122.38331,37.72033],[-122.38331,37.72033],[-122.38331,37.72033],[-122.38331,37.72033],[-122.38331,37.72033],[-122.38331,37.72033],[-122.38331,37.72033],[-122.38331,37.72033],[-122.38331,37.72033],[-122.38331,37.72033],[-122.38331,37.72033],[-122.38331,37.72033],[-122.38331,37.72033],[-122.38331,37.72033],[-122.38331,37.72033],[-122.38331,37.72033],[-122.38331,37.72033],[-122.38331,37.72033],[-122.38331,37.72033],[-122.38331,37.72033],[-122.38331,37.72033],[-122.38331,37.72033],[-122.38331,37.72033],[-122.38331,37.72033],[-122.38331,37.72033],[-122.38331,37.72033],[-122.38331,37.72033],[-122.38331,37.72033],[-122.38331,37.72033],[-122.38331,37.72033],[-122.38331,37.72033],[-122.38331,37.72033],[-122.38331,37.72032],[-122.38331,37.72032],[-122.38331,37.72032],[-122.38331,37.72032],[-122.38331,37.72032],[-122.38331,37.72032],[-122.38331,37.72032],[-122.38331,37.72032],[-122.38331,37.72032],[-122.38331,37.72032],[-122.38331,37.72032],[-122.38331,37.72032],[-122.38331,37.72032],[-122.38331,37.72032],[-122.38331,37.72032],[-122.38331,37.72032],[-122.38331,37.72032],[-122.38331,37.72032],[-122.38331,37.72032],[-122.38331,37.72032],[-122.38331,37.72032],[-122.38331,37.72032],[-122.38331,37.72032],[-122.38331,37.72032],[-122.38331,37.72032],[-122.38331,37.72032],[-122.38331,37.72032],[-122.38331,37.72032],[-122.38331,37.72032],[-122.38331,37.72032],[-122.38331,37.72032],[-122.38331,37.72032],[-122.38331,37.72032],[-122.38331,37.72032],[-122.38331,37.72032],[-122.38331,37.72032],[-122.38331,37.72032],[-122.38331,37.72032],[-122.38331,37.72032],[-122.38331,37.72032],[-122.38331,37.72032],[-122.38331,37.72032],[-122.3833,37.72032],[-122.3833,37.72031],[-122.3833,37.72031],[-122.3833,37.72031],[-122.3833,37.72031],[-122.3833,37.72031],[-122.3833,37.72031],[-122.3833,37.72031],[-122.3833,37.72031],[-122.3833,37.72031],[-122.3833,37.72031],[-122.3833,37.72031],[-122.3833,37.72031],[-122.3833,37.72031],[-122.3833,37.72031],[-122.3833,37.72031],[-122.3833,37.72031],[-122.3833,37.72031],[-122.3833,37.72031],[-122.3833,37.72031],[-122.3833,37.72031],[-122.3833,37.72031],[-122.3833,37.72031],[-122.3833,37.72031],[-122.3833,37.72031],[-122.38329,37.72031],[-122.38329,37.72031],[-122.38329,37.72031],[-122.38329,37.72031],[-122.38329,37.72031],[-122.38329,37.72031],[-122.38329,37.72031],[-122.38329,37.72031],[-122.38328,37.72031],[-122.38328,37.72031],[-122.38328,37.72031],[-122.38328,37.72031],[-122.38328,37.72031],[-122.38328,37.72031],[-122.38328,37.72031],[-122.38328,37.72031],[-122.38328,37.72031],[-122.38328,37.72031],[-122.38327,37.72031],[-122.38327,37.72031],[-122.38327,37.7203],[-122.38327,37.7203],[-122.38327,37.7203],[-122.38327,37.7203],[-122.38327,37.7203],[-122.38327,37.7203],[-122.38327,37.7203],[-122.38327,37.7203],[-122.38327,37.7203],[-122.38326,37.7203],[-122.38326,37.7203],[-122.38326,37.7203],[-122.38326,37.7203],[-122.38326,37.7203],[-122.38326,37.7203],[-122.38326,37.7203],[-122.38326,37.7203],[-122.38326,37.7203],[-122.38326,37.72029],[-122.38326,37.72029],[-122.38326,37.72029],[-122.38325,37.72029],[-122.38325,37.72029],[-122.38325,37.72029],[-122.38325,37.72029],[-122.38325,37.72029],[-122.38325,37.72029],[-122.38325,37.72029],[-122.38325,37.72029],[-122.38325,37.72029],[-122.38325,37.72029],[-122.38325,37.72029],[-122.38325,37.72029],[-122.38325,37.72029],[-122.38325,37.72028],[-122.38325,37.72028],[-122.38325,37.72028],[-122.38325,37.72028],[-122.38325,37.72028],[-122.38325,37.72028],[-122.38324,37.72028],[-122.38324,37.72028],[-122.38324,37.72028],[-122.38324,37.72028],[-122.38324,37.72028],[-122.38324,37.72028],[-122.38324,37.72027],[-122.38324,37.72027],[-122.38324,37.72027],[-122.38324,37.72027],[-122.38324,37.72027],[-122.38324,37.72027],[-122.38324,37.72027],[-122.38324,37.72027],[-122.38324,37.72027],[-122.38324,37.72027],[-122.38324,37.72027],[-122.38324,37.72027],[-122.38324,37.72026],[-122.38324,37.72026],[-122.38324,37.72026],[-122.38324,37.72026],[-122.38324,37.72026],[-122.38324,37.72026],[-122.38324,37.72026],[-122.38324,37.72026],[-122.38324,37.72026],[-122.38324,37.72026],[-122.38324,37.72026],[-122.38324,37.72025],[-122.38324,37.72025],[-122.38324,37.72025],[-122.38324,37.72025],[-122.38324,37.72025],[-122.38324,37.72025],[-122.38324,37.72025],[-122.38324,37.72025],[-122.38324,37.72025],[-122.38324,37.72025],[-122.38324,37.72025],[-122.38324,37.72024],[-122.38324,37.72024],[-122.38324,37.72024],[-122.38325,37.72024],[-122.38325,37.72024],[-122.38325,37.72024],[-122.38325,37.72023],[-122.38325,37.72023],[-122.38325,37.72023],[-122.38325,37.72023],[-122.38325,37.72023],[-122.38325,37.72023],[-122.38325,37.72022],[-122.38325,37.72022],[-122.38325,37.72022],[-122.38326,37.72022],[-122.38326,37.72022],[-122.38326,37.72021],[-122.38326,37.72021],[-122.38326,37.72021],[-122.38326,37.72021],[-122.38326,37.72021],[-122.38326,37.7202],[-122.38326,37.7202],[-122.38326,37.7202],[-122.38326,37.7202],[-122.38326,37.7202],[-122.38326,37.72019],[-122.38326,37.72019],[-122.38326,37.72019],[-122.38326,37.72019],[-122.38326,37.72019],[-122.38326,37.72018],[-122.38326,37.72018],[-122.38326,37.72018],[-122.38326,37.72018],[-122.38326,37.72018],[-122.38326,37.72017],[-122.38326,37.72017],[-122.38326,37.72017],[-122.38326,37.72017],[-122.38326,37.72017],[-122.38326,37.72016],[-122.38326,37.72016],[-122.38326,37.72016],[-122.38325,37.72016],[-122.38325,37.72016],[-122.38325,37.72015],[-122.38325,37.72015],[-122.38325,37.72015],[-122.38325,37.72015],[-122.38325,37.72015],[-122.38325,37.72015],[-122.38325,37.72014],[-122.38325,37.72014],[-122.38325,37.72014],[-122.38324,37.72014],[-122.38324,37.72014],[-122.38324,37.72013],[-122.38324,37.72013],[-122.38324,37.72013],[-122.38324,37.72013],[-122.38324,37.72013],[-122.38324,37.72013],[-122.38323,37.72012],[-122.38323,37.72012],[-122.38323,37.72012],[-122.38323,37.72012],[-122.38323,37.72012],[-122.38323,37.72012],[-122.38322,37.72011],[-122.38322,37.72011],[-122.38322,37.72011],[-122.38322,37.72011],[-122.38322,37.72011],[-122.38322,37.72011],[-122.38321,37.72011],[-122.38321,37.7201],[-122.38321,37.7201],[-122.38321,37.7201],[-122.38321,37.7201],[-122.38321,37.7201],[-122.3832,37.7201],[-122.3832,37.7201],[-122.3832,37.7201],[-122.3832,37.7201],[-122.3832,37.72009],[-122.38307,37.72003],[-122.38286,37.71993],[-122.38285,37.71992],[-122.38285,37.71992],[-122.38284,37.71992],[-122.38282,37.71992],[-122.38281,37.71991],[-122.3828,37.71991],[-122.38279,37.71991],[-122.38278,37.7199],[-122.38276,37.7199],[-122.38275,37.71989],[-122.38274,37.71989],[-122.38273,37.71989],[-122.38272,37.71988],[-122.3827,37.71988],[-122.38269,37.71987],[-122.38268,37.71987],[-122.38267,37.71986],[-122.38266,37.71986],[-122.38265,37.71985],[-122.38264,37.71984],[-122.38263,37.71984],[-122.38262,37.71984],[-122.38262,37.71984],[-122.38261,37.71983],[-122.3826,37.71983],[-122.38259,37.71982],[-122.38258,37.71981],[-122.38257,37.71981],[-122.38256,37.7198],[-122.38255,37.71979],[-122.38254,37.71979],[-122.38253,37.71978],[-122.38252,37.71977],[-122.38252,37.71977],[-122.38233,37.71966],[-122.38219,37.71958],[-122.38214,37.71955],[-122.38212,37.71954],[-122.38208,37.71953],[-122.38203,37.7195],[-122.38202,37.7195],[-122.38201,37.7195],[-122.38201,37.71949],[-122.382,37.71949],[-122.38199,37.71949],[-122.38198,37.71948],[-122.38198,37.71948],[-122.38197,37.71948],[-122.38196,37.71947],[-122.38195,37.71947],[-122.38194,37.71946],[-122.38194,37.71946],[-122.38193,37.71945],[-122.38192,37.71945],[-122.38191,37.71944],[-122.38191,37.71944],[-122.3819,37.71944],[-122.3819,37.71943],[-122.38189,37.71943],[-122.38188,37.71942],[-122.38187,37.71941],[-122.38187,37.71941],[-122.38187,37.71941],[-122.38186,37.71941],[-122.38186,37.71941],[-122.38186,37.7194],[-122.38186,37.7194],[-122.38185,37.7194],[-122.38185,37.7194],[-122.38185,37.7194],[-122.38185,37.7194],[-122.38184,37.7194],[-122.38184,37.71939],[-122.38184,37.71939],[-122.38184,37.71939],[-122.38183,37.71939],[-122.38183,37.71939],[-122.38183,37.71939],[-122.38182,37.71939],[-122.38182,37.71939],[-122.38182,37.71939],[-122.38181,37.71938],[-122.38181,37.71938],[-122.38181,37.71938],[-122.3818,37.71938],[-122.3818,37.71938],[-122.3818,37.71938],[-122.3818,37.71938],[-122.3818,37.71938],[-122.38179,37.71938],[-122.38179,37.71937],[-122.38179,37.71937],[-122.38178,37.71937],[-122.38178,37.71937],[-122.38178,37.71937],[-122.38177,37.71937],[-122.38177,37.71937],[-122.38177,37.71936],[-122.38177,37.71936],[-122.38176,37.71936],[-122.38176,37.71936],[-122.38176,37.71936],[-122.38175,37.71935],[-122.38175,37.71935],[-122.38175,37.71935],[-122.38175,37.71935],[-122.38174,37.71935],[-122.38174,37.71934],[-122.38174,37.71934],[-122.38174,37.71934],[-122.38173,37.71934],[-122.38173,37.71934],[-122.38173,37.71933],[-122.38173,37.71933],[-122.38173,37.71933],[-122.38172,37.71933],[-122.38172,37.71932],[-122.38172,37.71932],[-122.38172,37.71932],[-122.38172,37.71932],[-122.38171,37.71931],[-122.38171,37.71931],[-122.38171,37.71931],[-122.38171,37.71931],[-122.38171,37.7193],[-122.38171,37.7193],[-122.3817,37.7193],[-122.3817,37.7193],[-122.3817,37.71929],[-122.3817,37.71928],[-122.38169,37.71928],[-122.38169,37.71927],[-122.38169,37.71927],[-122.38168,37.71927],[-122.38168,37.71926],[-122.38168,37.71925],[-122.38167,37.71925],[-122.38167,37.71924],[-122.38166,37.71924],[-122.38166,37.71923],[-122.38165,37.71923],[-122.38165,37.71922],[-122.38164,37.71922],[-122.38164,37.71921],[-122.38163,37.71921],[-122.38163,37.7192],[-122.38162,37.7192],[-122.38162,37.71919],[-122.38161,37.71919],[-122.38161,37.71918],[-122.38161,37.71918],[-122.38161,37.71918],[-122.38161,37.71918],[-122.3816,37.71918],[-122.3816,37.71918],[-122.3816,37.71917],[-122.3816,37.71917],[-122.3816,37.71917],[-122.38159,37.71917],[-122.38159,37.71916],[-122.38159,37.71916],[-122.38159,37.71916],[-122.38159,37.71916],[-122.38159,37.71915],[-122.38158,37.71915],[-122.38158,37.71915],[-122.38158,37.71915],[-122.38158,37.71914],[-122.38158,37.71914],[-122.38158,37.71914],[-122.38158,37.71914],[-122.38157,37.71913],[-122.38157,37.71913],[-122.38157,37.71913],[-122.38157,37.71913],[-122.38157,37.71912],[-122.38157,37.71912],[-122.38157,37.71912],[-122.38157,37.71912],[-122.38157,37.71911],[-122.38157,37.71911],[-122.38157,37.71911],[-122.38156,37.7191],[-122.38155,37.71908],[-122.38155,37.71907],[-122.38154,37.71906],[-122.38154,37.71905],[-122.38153,37.71903],[-122.38152,37.71902],[-122.38151,37.71901],[-122.38151,37.719],[-122.38151,37.719],[-122.3815,37.71899],[-122.3815,37.71899],[-122.38149,37.71898],[-122.38148,37.71896],[-122.38147,37.71895],[-122.38146,37.71894],[-122.38146,37.71893],[-122.38145,37.71892],[-122.38144,37.71891],[-122.38143,37.7189],[-122.38142,37.71889],[-122.38141,37.71888],[-122.3814,37.71887],[-122.38139,37.71886],[-122.38137,37.71885],[-122.38136,37.71884],[-122.38135,37.71883],[-122.38134,37.71882],[-122.38133,37.71881],[-122.38132,37.7188],[-122.3813,37.71879],[-122.38129,37.71878],[-122.38129,37.71878],[-122.38129,37.71878],[-122.38128,37.71878],[-122.38127,37.71878],[-122.38127,37.71877],[-122.38126,37.71877],[-122.38125,37.71877],[-122.38125,37.71877],[-122.38124,37.71877],[-122.38123,37.71877],[-122.38122,37.71877],[-122.38122,37.71876],[-122.38121,37.71876],[-122.3812,37.71876],[-122.3812,37.71876],[-122.38119,37.71876],[-122.38118,37.71876],[-122.38117,37.71876],[-122.38117,37.71876],[-122.38116,37.71876],[-122.38115,37.71876],[-122.38114,37.71876],[-122.38114,37.71876],[-122.38113,37.71876],[-122.38112,37.71876],[-122.38112,37.71876],[-122.38111,37.71876],[-122.38111,37.71876],[-122.3811,37.71876],[-122.38108,37.71876],[-122.38106,37.71876],[-122.38104,37.71876],[-122.381,37.71876],[-122.38096,37.71876],[-122.38096,37.71877],[-122.38095,37.71877],[-122.38091,37.71877],[-122.38087,37.71877],[-122.38083,37.71878],[-122.38082,37.71878],[-122.38081,37.71878],[-122.3808,37.71878],[-122.38079,37.71878],[-122.38078,37.71878],[-122.38077,37.71878],[-122.38076,37.71878],[-122.38076,37.71878],[-122.38075,37.71878],[-122.38074,37.71878],[-122.38073,37.71878],[-122.38072,37.71878],[-122.38072,37.71878],[-122.38072,37.71878],[-122.38071,37.71878],[-122.3807,37.71878],[-122.38069,37.71878],[-122.38068,37.71878],[-122.38067,37.71878],[-122.38067,37.71877],[-122.38066,37.71877],[-122.38065,37.71877],[-122.38064,37.71877],[-122.38063,37.71877],[-122.38062,37.71877],[-122.38061,37.71877],[-122.3806,37.71876],[-122.38059,37.71876],[-122.38059,37.71876],[-122.38058,37.71876],[-122.38057,37.71875],[-122.38057,37.71875],[-122.38056,37.71875],[-122.38052,37.71874],[-122.38051,37.71874],[-122.38046,37.71873],[-122.38046,37.71873],[-122.38045,37.71873],[-122.38045,37.71873],[-122.38044,37.71873],[-122.38044,37.71873],[-122.38043,37.71873],[-122.38043,37.71872],[-122.38043,37.71872],[-122.38042,37.71872],[-122.38042,37.71872],[-122.38041,37.71872],[-122.38041,37.71872],[-122.38041,37.71872],[-122.3804,37.71871],[-122.3804,37.71871],[-122.38039,37.71871],[-122.38039,37.71871],[-122.38039,37.71871],[-122.38038,37.71871],[-122.38037,37.7187],[-122.38036,37.71869],[-122.38035,37.71869],[-122.38035,37.71869],[-122.38035,37.71869],[-122.38035,37.71869],[-122.38035,37.71869],[-122.38035,37.71869],[-122.38034,37.71868],[-122.38034,37.71868],[-122.38034,37.71868],[-122.38034,37.71868],[-122.38034,37.71868],[-122.38034,37.71868],[-122.38033,37.71868],[-122.38033,37.71868],[-122.38033,37.71867],[-122.38033,37.71867],[-122.38033,37.71867],[-122.38033,37.71867],[-122.38032,37.71867],[-122.38032,37.71867],[-122.38032,37.71867],[-122.38032,37.71866],[-122.38032,37.71866],[-122.38032,37.71866],[-122.38032,37.71866],[-122.38032,37.71866],[-122.38031,37.71866],[-122.38031,37.71866],[-122.38031,37.71865],[-122.38031,37.71865],[-122.38031,37.71865],[-122.38031,37.71865],[-122.38031,37.71865],[-122.3803,37.71864],[-122.3803,37.71864],[-122.3803,37.71864],[-122.38029,37.71864],[-122.38029,37.71863],[-122.38029,37.71863],[-122.38028,37.71862],[-122.38028,37.71862],[-122.38028,37.71862],[-122.38027,37.71861],[-122.38027,37.71861],[-122.38027,37.7186],[-122.38027,37.7186],[-122.38027,37.7186],[-122.38026,37.7186],[-122.38026,37.71859],[-122.38026,37.71859],[-122.38025,37.71858],[-122.38025,37.71858],[-122.38025,37.71858],[-122.38025,37.71857],[-122.38025,37.71857],[-122.38025,37.71857],[-122.38024,37.71857],[-122.38024,37.71856],[-122.38024,37.71856],[-122.38024,37.71856],[-122.38024,37.71856],[-122.38023,37.71855],[-122.38023,37.71855],[-122.38023,37.71855],[-122.38023,37.71855],[-122.38023,37.71854],[-122.38022,37.71854],[-122.38022,37.71854],[-122.38022,37.71854],[-122.38022,37.71854],[-122.38022,37.71853],[-122.38021,37.71853],[-122.38021,37.71853],[-122.38021,37.71853],[-122.38021,37.71853],[-122.3802,37.71852],[-122.3802,37.71852],[-122.3802,37.71852],[-122.3802,37.71852],[-122.3802,37.71852],[-122.3802,37.71852],[-122.38019,37.71852],[-122.38019,37.71851],[-122.38019,37.71851],[-122.38019,37.71851],[-122.38018,37.71851],[-122.38018,37.71851],[-122.38018,37.71851],[-122.38017,37.7185],[-122.38017,37.7185],[-122.38017,37.7185],[-122.38017,37.7185],[-122.38016,37.7185],[-122.38016,37.7185],[-122.38016,37.7185],[-122.38015,37.7185],[-122.38015,37.71849],[-122.38015,37.71849],[-122.38014,37.71849],[-122.38014,37.71849],[-122.38014,37.71849],[-122.38013,37.71849],[-122.38013,37.71849],[-122.38013,37.71849],[-122.38012,37.71849],[-122.38012,37.71849],[-122.38012,37.71848],[-122.38011,37.71848],[-122.38011,37.71848],[-122.38011,37.71848],[-122.3801,37.71848],[-122.3801,37.71848],[-122.3801,37.71848],[-122.38009,37.71848],[-122.38009,37.71848],[-122.38009,37.71848],[-122.38008,37.71848],[-122.38008,37.71848],[-122.38008,37.71848],[-122.38007,37.71848],[-122.38007,37.71848],[-122.38007,37.71848],[-122.38006,37.71848],[-122.38006,37.71848],[-122.38006,37.71848],[-122.38005,37.71848],[-122.38005,37.71848],[-122.38005,37.71848],[-122.38004,37.71848],[-122.38004,37.71848],[-122.38004,37.71848],[-122.38004,37.71848],[-122.38003,37.71848],[-122.38003,37.71848],[-122.38003,37.71848],[-122.38003,37.71848],[-122.38002,37.71848],[-122.38002,37.71848],[-122.38002,37.71848],[-122.38002,37.71848],[-122.38001,37.71848],[-122.38001,37.71847],[-122.38001,37.71847],[-122.38001,37.71847],[-122.38,37.71847],[-122.38,37.71847],[-122.38,37.71847],[-122.37999,37.71847],[-122.37999,37.71847],[-122.37999,37.71847],[-122.37999,37.71847],[-122.37998,37.71847],[-122.37998,37.71846],[-122.37998,37.71846],[-122.37997,37.71846],[-122.37997,37.71846],[-122.37997,37.71846],[-122.37997,37.71846],[-122.37996,37.71846],[-122.37996,37.71846],[-122.37996,37.71845],[-122.37996,37.71845],[-122.37995,37.71845],[-122.37995,37.71845],[-122.37995,37.71845],[-122.37995,37.71845],[-122.37995,37.71845],[-122.37994,37.71845],[-122.37994,37.71844],[-122.37994,37.71844],[-122.37994,37.71844],[-122.37994,37.71844],[-122.37994,37.71844],[-122.37993,37.71844],[-122.37993,37.71844],[-122.37993,37.71843],[-122.37993,37.71843],[-122.37993,37.71843],[-122.37992,37.71843],[-122.37992,37.71843],[-122.37992,37.71843],[-122.37992,37.71842],[-122.37994,37.71842],[-122.37991,37.71842],[-122.37991,37.71842],[-122.37991,37.71842],[-122.37991,37.71841],[-122.37991,37.71841],[-122.3799,37.71841],[-122.3799,37.71841],[-122.3799,37.71841],[-122.3799,37.7184],[-122.3799,37.7184],[-122.37989,37.7184],[-122.37989,37.7184],[-122.37989,37.7184],[-122.37989,37.7184],[-122.37988,37.71839],[-122.37988,37.71839],[-122.37988,37.71839],[-122.37988,37.71839],[-122.37987,37.71839],[-122.37987,37.71839],[-122.37987,37.71838],[-122.37987,37.71838],[-122.37986,37.71838],[-122.37986,37.71838],[-122.37986,37.71838],[-122.37986,37.71838],[-122.37985,37.71838],[-122.37985,37.71838],[-122.37985,37.71837],[-122.37984,37.71837],[-122.37984,37.71837],[-122.37984,37.71837],[-122.37984,37.71837],[-122.37983,37.71837],[-122.37983,37.71837],[-122.37983,37.71837],[-122.37982,37.71837],[-122.37982,37.71837],[-122.37982,37.71837],[-122.37981,37.71837],[-122.37981,37.71836],[-122.37981,37.71836],[-122.37981,37.71836],[-122.3798,37.71836],[-122.3798,37.71836],[-122.3798,37.71836],[-122.37979,37.71836],[-122.37979,37.71836],[-122.37979,37.71836],[-122.37978,37.71836],[-122.37978,37.71836],[-122.37978,37.71836],[-122.37978,37.71836],[-122.37977,37.71836],[-122.37977,37.71836],[-122.37977,37.71836],[-122.37976,37.71836],[-122.37976,37.71836],[-122.37976,37.71836],[-122.37975,37.71836],[-122.37975,37.71836],[-122.37975,37.71836],[-122.37974,37.71836],[-122.37974,37.71836],[-122.37974,37.71836],[-122.37974,37.71836],[-122.37974,37.71836],[-122.37974,37.71836],[-122.37974,37.71836],[-122.37974,37.71836],[-122.37974,37.71836],[-122.37973,37.71836],[-122.37973,37.71836],[-122.37973,37.71836],[-122.37973,37.71836],[-122.37973,37.71836],[-122.37973,37.71836],[-122.37973,37.71836],[-122.37973,37.71836],[-122.37973,37.71836],[-122.37972,37.71836],[-122.37972,37.71836],[-122.37972,37.71836],[-122.37972,37.71836],[-122.37972,37.71836],[-122.37972,37.71836],[-122.37972,37.71836],[-122.37972,37.71836],[-122.37972,37.71836],[-122.37971,37.71836],[-122.37971,37.71836],[-122.37971,37.71836],[-122.37971,37.71836],[-122.37971,37.71835],[-122.37971,37.71835],[-122.37971,37.71835],[-122.37971,37.71835],[-122.37971,37.71835],[-122.37971,37.71835],[-122.37971,37.71835],[-122.3797,37.71835],[-122.3797,37.71835],[-122.3797,37.71835],[-122.3797,37.71835],[-122.3797,37.71835],[-122.3797,37.71835],[-122.3797,37.71835],[-122.3797,37.71835],[-122.3797,37.71835],[-122.3797,37.71835],[-122.3797,37.71835],[-122.3797,37.71835],[-122.3797,37.71834],[-122.37969,37.71834],[-122.37969,37.71834],[-122.37969,37.71834],[-122.37969,37.71834],[-122.37969,37.71834],[-122.37969,37.71834],[-122.37969,37.71834],[-122.37969,37.71834],[-122.37969,37.71834],[-122.37969,37.71834],[-122.37969,37.71834],[-122.37969,37.71834],[-122.37969,37.71834],[-122.37969,37.71833],[-122.37969,37.71833],[-122.37969,37.71833],[-122.37968,37.71833],[-122.37968,37.71833],[-122.37968,37.71833],[-122.37968,37.71833],[-122.37968,37.71833],[-122.37968,37.71833],[-122.37968,37.71833],[-122.37968,37.71833],[-122.37968,37.71833],[-122.37968,37.71832],[-122.37968,37.71832],[-122.37968,37.71832],[-122.37968,37.71832],[-122.37968,37.71832],[-122.37968,37.71832],[-122.37968,37.71832],[-122.37968,37.71832],[-122.37968,37.71832],[-122.37968,37.71832],[-122.37968,37.71832],[-122.37968,37.71831],[-122.37968,37.71831],[-122.37968,37.71831],[-122.37968,37.71831],[-122.37968,37.71831],[-122.37968,37.71831],[-122.37967,37.71831],[-122.37967,37.71831],[-122.37967,37.71831],[-122.37967,37.71831],[-122.37967,37.7183],[-122.37967,37.7183],[-122.37967,37.7183],[-122.37967,37.7183],[-122.37967,37.7183],[-122.37967,37.7183],[-122.37967,37.7183],[-122.37967,37.7183],[-122.37967,37.7183],[-122.37967,37.7183],[-122.37967,37.7183],[-122.37966,37.71829],[-122.37966,37.71829],[-122.37966,37.71829],[-122.37966,37.71829],[-122.37966,37.71829],[-122.37966,37.71829],[-122.37966,37.71829],[-122.37966,37.71829],[-122.37966,37.71829],[-122.37966,37.71829],[-122.37966,37.71829],[-122.37965,37.71829],[-122.37965,37.71829],[-122.37965,37.71829],[-122.37965,37.71828],[-122.37965,37.71828],[-122.37965,37.71828],[-122.37965,37.71828],[-122.37965,37.71828],[-122.37965,37.71828],[-122.37964,37.71828],[-122.37964,37.71828],[-122.37964,37.71828],[-122.37964,37.71828],[-122.37964,37.71828],[-122.37964,37.71828],[-122.37964,37.71828],[-122.37964,37.71828],[-122.37964,37.71828],[-122.37964,37.71828],[-122.37963,37.71828],[-122.37963,37.71828],[-122.37963,37.71828],[-122.37963,37.71828],[-122.37963,37.71828],[-122.37963,37.71827],[-122.37963,37.71827],[-122.37962,37.71827],[-122.37962,37.71827],[-122.37962,37.71827],[-122.37962,37.71827],[-122.37962,37.71827],[-122.37962,37.71827],[-122.37962,37.71827],[-122.37962,37.71827],[-122.37962,37.71827],[-122.37962,37.71827],[-122.37961,37.71827],[-122.37961,37.71827],[-122.37961,37.71827],[-122.37961,37.71827],[-122.37961,37.71827],[-122.37961,37.71827],[-122.37961,37.71827],[-122.37961,37.71827],[-122.37961,37.71826],[-122.37961,37.71826],[-122.37961,37.71826],[-122.3796,37.71826],[-122.3796,37.71826],[-122.3796,37.71826],[-122.3796,37.71826],[-122.3796,37.71826],[-122.3796,37.71826],[-122.3796,37.71826],[-122.3796,37.71826],[-122.3796,37.71826],[-122.3796,37.71826],[-122.3796,37.71825],[-122.3796,37.71825],[-122.3796,37.71825],[-122.37959,37.71825],[-122.37959,37.71825],[-122.37959,37.71824],[-122.37959,37.71824],[-122.37958,37.71824],[-122.37958,37.71823],[-122.37958,37.71823],[-122.37957,37.71822],[-122.37957,37.71822],[-122.37956,37.71822],[-122.37956,37.71821],[-122.37956,37.71821],[-122.37955,37.71821],[-122.37955,37.7182],[-122.37954,37.7182],[-122.37954,37.7182],[-122.37954,37.71819],[-122.37953,37.71819],[-122.37953,37.71819],[-122.37952,37.71818],[-122.37952,37.71818],[-122.37951,37.71818],[-122.37951,37.71817],[-122.3795,37.71817],[-122.3795,37.71817],[-122.37949,37.71816],[-122.37949,37.71816],[-122.37949,37.71816],[-122.37948,37.71816],[-122.37948,37.71815],[-122.37947,37.71815],[-122.37947,37.71815],[-122.37947,37.71815],[-122.37947,37.71815],[-122.37946,37.71814],[-122.37946,37.71814],[-122.37946,37.71814],[-122.37946,37.71814],[-122.37946,37.71814],[-122.37945,37.71813],[-122.37945,37.71813],[-122.37945,37.71813],[-122.37945,37.71813],[-122.37945,37.71812],[-122.37945,37.71812],[-122.37944,37.71812],[-122.37944,37.71812],[-122.37944,37.71811],[-122.37944,37.71811],[-122.37944,37.71811],[-122.37944,37.71811],[-122.37944,37.71811],[-122.37944,37.71811],[-122.37943,37.71811],[-122.37943,37.7181],[-122.37943,37.7181],[-122.37943,37.7181],[-122.37943,37.71809],[-122.37943,37.71809],[-122.37943,37.71809],[-122.37943,37.71809],[-122.37943,37.71808],[-122.37943,37.71808],[-122.37943,37.71808],[-122.37942,37.71808],[-122.37942,37.71807],[-122.37942,37.71807],[-122.37942,37.71807],[-122.37942,37.71807],[-122.37942,37.71807],[-122.37942,37.71807],[-122.37942,37.71806],[-122.37942,37.71806],[-122.37942,37.71806],[-122.37942,37.71806],[-122.37942,37.71806],[-122.37942,37.71806],[-122.37942,37.71806],[-122.37942,37.71805],[-122.37941,37.71805],[-122.37941,37.71805],[-122.37941,37.71805],[-122.37941,37.71805],[-122.37941,37.71805],[-122.37941,37.71804],[-122.37941,37.71804],[-122.37941,37.71804],[-122.37941,37.71804],[-122.37941,37.71804],[-122.3794,37.71804],[-122.3794,37.71804],[-122.3794,37.71804],[-122.3794,37.71803],[-122.3794,37.71803],[-122.3794,37.71803],[-122.3794,37.71803],[-122.3794,37.71803],[-122.37939,37.71803],[-122.37939,37.71803],[-122.37939,37.71803],[-122.37939,37.71802],[-122.37939,37.71802],[-122.37939,37.71802],[-122.37939,37.71802],[-122.37938,37.71802],[-122.37938,37.71802],[-122.37938,37.71802],[-122.37938,37.71802],[-122.37938,37.71802],[-122.37938,37.71801],[-122.37938,37.71801],[-122.37937,37.71801],[-122.37937,37.71801],[-122.37937,37.71801],[-122.37937,37.71801],[-122.37936,37.718],[-122.37936,37.718],[-122.37935,37.71799],[-122.37935,37.71798],[-122.37934,37.71798],[-122.37933,37.71797],[-122.37933,37.71797],[-122.37932,37.71796],[-122.37932,37.71796],[-122.37931,37.71795],[-122.3793,37.71795],[-122.3793,37.71794],[-122.37929,37.71794],[-122.37929,37.71794],[-122.37929,37.71794],[-122.37928,37.71793],[-122.37927,37.71793],[-122.37927,37.71792],[-122.37927,37.71792],[-122.37926,37.71792],[-122.37926,37.71791],[-122.37926,37.71791],[-122.37925,37.71791],[-122.37925,37.71791],[-122.37925,37.7179],[-122.37924,37.7179],[-122.37924,37.7179],[-122.37924,37.71789],[-122.37923,37.71789],[-122.37923,37.71789],[-122.37922,37.71788],[-122.37922,37.71788],[-122.37922,37.71788],[-122.37921,37.71787],[-122.37921,37.71787],[-122.3792,37.71787],[-122.3792,37.71787],[-122.3792,37.71786],[-122.37919,37.71786],[-122.37919,37.71786],[-122.37919,37.71786],[-122.37918,37.71786],[-122.37917,37.71785],[-122.37917,37.71785],[-122.37917,37.71785],[-122.37917,37.71785],[-122.37917,37.71785],[-122.37917,37.71785],[-122.37917,37.71785],[-122.37917,37.71784],[-122.37917,37.71784],[-122.37917,37.71784],[-122.37917,37.71784],[-122.37916,37.71784],[-122.37916,37.71784],[-122.37916,37.71784],[-122.37916,37.71784],[-122.37916,37.71784],[-122.37916,37.71784],[-122.37916,37.71784],[-122.37916,37.71784],[-122.37915,37.71783],[-122.37915,37.71783],[-122.37915,37.71783],[-122.37915,37.71783],[-122.37915,37.71783],[-122.37915,37.71783],[-122.37915,37.71783],[-122.37915,37.71783],[-122.37914,37.71783],[-122.37914,37.71783],[-122.37914,37.71783],[-122.37914,37.71783],[-122.37914,37.71783],[-122.37914,37.71782],[-122.37913,37.71782],[-122.37913,37.71782],[-122.37913,37.71782],[-122.37913,37.71782],[-122.37912,37.71782],[-122.37912,37.71782],[-122.37912,37.71782],[-122.37912,37.71781],[-122.37911,37.71781],[-122.37911,37.71781],[-122.37911,37.71781],[-122.37911,37.71781],[-122.3791,37.71781],[-122.3791,37.7178],[-122.3791,37.7178],[-122.3791,37.7178],[-122.37909,37.7178],[-122.37909,37.7178],[-122.37909,37.71779],[-122.37909,37.71779],[-122.37909,37.71779],[-122.37908,37.71779],[-122.37908,37.71779],[-122.37908,37.71779],[-122.37908,37.71778],[-122.37908,37.71778],[-122.37908,37.71778],[-122.37908,37.71778],[-122.37908,37.71778],[-122.37908,37.71778],[-122.37907,37.71778],[-122.37907,37.71778],[-122.37907,37.71778],[-122.37907,37.71778],[-122.37907,37.71778],[-122.37907,37.71778],[-122.37907,37.71778],[-122.37907,37.71778],[-122.37907,37.71778],[-122.37906,37.71778],[-122.37906,37.71778],[-122.37906,37.71778],[-122.37906,37.71778],[-122.37906,37.71778],[-122.37906,37.71778],[-122.37906,37.71778],[-122.37906,37.71778],[-122.37906,37.71778],[-122.37905,37.71778],[-122.37905,37.71778],[-122.37905,37.71778],[-122.37905,37.71778],[-122.37905,37.71778],[-122.37905,37.71778],[-122.37905,37.71778],[-122.37905,37.71778],[-122.37905,37.71778],[-122.37905,37.71778],[-122.37905,37.71778],[-122.37905,37.71778],[-122.37905,37.71778],[-122.37905,37.71778],[-122.37905,37.71778],[-122.37904,37.71778],[-122.37904,37.71778],[-122.37904,37.71778],[-122.37904,37.71778],[-122.37904,37.71778],[-122.37904,37.71778],[-122.37904,37.71778],[-122.37904,37.71778],[-122.37904,37.71778],[-122.37904,37.71778],[-122.37904,37.71778],[-122.37904,37.71778],[-122.37904,37.71778],[-122.37904,37.71778],[-122.37904,37.71778],[-122.37904,37.71778],[-122.37904,37.71778],[-122.37903,37.71778],[-122.37903,37.71778],[-122.37903,37.71778],[-122.37903,37.71778],[-122.37903,37.71777],[-122.37903,37.71777],[-122.37903,37.71777],[-122.37903,37.71777],[-122.37903,37.71777],[-122.37903,37.71777],[-122.37903,37.71777],[-122.37903,37.71777],[-122.37903,37.71777],[-122.37903,37.71777],[-122.37903,37.71777],[-122.37903,37.71777],[-122.37903,37.71777],[-122.37903,37.71777],[-122.37903,37.71777],[-122.37903,37.71777],[-122.37903,37.71777],[-122.37903,37.71777],[-122.37903,37.71777],[-122.37903,37.71777],[-122.37902,37.71777],[-122.37902,37.71777],[-122.37902,37.71777],[-122.37902,37.71777],[-122.37902,37.71777],[-122.37902,37.71777],[-122.37902,37.71777],[-122.37902,37.71777],[-122.37902,37.71776],[-122.37902,37.71776],[-122.37902,37.71776],[-122.37902,37.71776],[-122.37902,37.71776],[-122.37902,37.71776],[-122.37902,37.71776],[-122.37902,37.71776],[-122.37902,37.71776],[-122.37902,37.71776],[-122.37902,37.71776],[-122.37902,37.71776],[-122.37902,37.71776],[-122.37902,37.71776],[-122.37902,37.71776],[-122.37902,37.71776],[-122.37902,37.71776],[-122.37902,37.71776],[-122.37902,37.71776],[-122.37902,37.71776],[-122.37902,37.71776],[-122.37902,37.71775],[-122.37902,37.71775],[-122.37902,37.71775],[-122.37902,37.71775],[-122.37902,37.71775],[-122.37902,37.71775],[-122.37902,37.71775],[-122.37902,37.71775],[-122.37902,37.71775],[-122.37902,37.71775],[-122.37902,37.71775],[-122.37902,37.71775],[-122.37902,37.71775],[-122.37902,37.71775],[-122.37902,37.71775],[-122.37902,37.71775],[-122.37902,37.71775],[-122.37902,37.71775],[-122.37902,37.71775],[-122.37902,37.71775],[-122.37902,37.71775],[-122.37902,37.71775],[-122.37902,37.71775],[-122.37901,37.71775],[-122.37901,37.71775],[-122.37901,37.71775],[-122.37901,37.71775],[-122.37901,37.71775],[-122.37901,37.71775],[-122.37901,37.71775],[-122.37901,37.71774],[-122.37901,37.71774],[-122.37901,37.71774],[-122.37901,37.71774],[-122.37901,37.71774],[-122.37901,37.71774],[-122.37901,37.71774],[-122.37901,37.71774],[-122.37901,37.71774],[-122.37901,37.71774],[-122.37901,37.71774],[-122.37901,37.71774],[-122.37901,37.71774],[-122.37901,37.71774],[-122.37901,37.71774],[-122.37901,37.71774],[-122.37901,37.71774],[-122.37901,37.71774],[-122.37901,37.71774],[-122.37901,37.71774],[-122.37901,37.71774],[-122.37901,37.71774],[-122.37901,37.71774],[-122.37901,37.71774],[-122.37901,37.71774],[-122.37901,37.71774],[-122.379,37.71774],[-122.379,37.71774],[-122.379,37.71774],[-122.379,37.71774],[-122.379,37.71774],[-122.379,37.71774],[-122.379,37.71774],[-122.379,37.71774],[-122.379,37.71774],[-122.379,37.71774],[-122.379,37.71774],[-122.379,37.71774],[-122.37899,37.71774],[-122.37899,37.71773],[-122.37898,37.71773],[-122.37898,37.71773],[-122.37897,37.71773],[-122.37897,37.71773],[-122.37897,37.71773],[-122.37896,37.71773],[-122.37896,37.71772],[-122.37895,37.71772],[-122.37895,37.71772],[-122.37895,37.71772],[-122.37894,37.71772],[-122.37894,37.71772],[-122.37894,37.71772],[-122.37893,37.71771],[-122.37893,37.71771],[-122.37893,37.71771],[-122.37892,37.71771],[-122.37892,37.71771],[-122.37891,37.7177],[-122.37891,37.7177],[-122.37891,37.7177],[-122.3789,37.7177],[-122.3789,37.7177],[-122.3789,37.71769],[-122.37889,37.71769],[-122.37888,37.71769],[-122.37887,37.71768],[-122.37887,37.71768],[-122.37886,37.71767],[-122.37885,37.71767],[-122.37884,37.71766],[-122.37883,37.71766],[-122.37882,37.71765],[-122.37881,37.71765],[-122.37881,37.71765],[-122.3788,37.71764],[-122.37878,37.71764],[-122.37876,37.71763],[-122.37874,37.71762],[-122.37873,37.71761],[-122.37871,37.71761],[-122.37869,37.7176],[-122.37868,37.71759],[-122.37866,37.71758],[-122.37866,37.71758],[-122.37865,37.71758],[-122.37864,37.71757],[-122.37863,37.71756],[-122.37861,37.71755],[-122.37859,37.71754],[-122.37858,37.71753],[-122.37855,37.71751],[-122.37849,37.71748],[-122.37843,37.71745],[-122.37837,37.71742],[-122.37831,37.71738],[-122.37822,37.71733],[-122.37822,37.71733],[-122.37816,37.7173],[-122.3781,37.71728],[-122.37805,37.71725],[-122.37799,37.71723],[-122.37788,37.71719],[-122.37745,37.71696],[-122.37744,37.71696],[-122.37741,37.71694],[-122.37737,37.71691],[-122.37732,37.71688],[-122.37728,37.71686],[-122.37728,37.71686],[-122.37725,37.71686],[-122.37719,37.71685],[-122.37719,37.71684],[-122.37717,37.7168],[-122.37716,37.7168],[-122.37716,37.71679],[-122.37714,37.71678],[-122.37712,37.71677],[-122.3771,37.71676],[-122.37708,37.71675],[-122.37708,37.71675],[-122.37706,37.71674],[-122.37704,37.71673],[-122.377,37.71671],[-122.37697,37.71669],[-122.37694,37.71667],[-122.37691,37.71666],[-122.37688,37.71664],[-122.37685,37.71662],[-122.37682,37.7166],[-122.3768,37.71658],[-122.37677,37.71656],[-122.37674,37.71654],[-122.37671,37.71652],[-122.37669,37.7165],[-122.37665,37.71647],[-122.37664,37.71646],[-122.37664,37.71646],[-122.37663,37.71646],[-122.37663,37.71645],[-122.37662,37.71645],[-122.37662,37.71645],[-122.37661,37.71644],[-122.37661,37.71644],[-122.3766,37.71644],[-122.3766,37.71643],[-122.37659,37.71643],[-122.37659,37.71643],[-122.37658,37.71643],[-122.37658,37.71643],[-122.37658,37.71642],[-122.37658,37.71642],[-122.37658,37.71642],[-122.37657,37.71642],[-122.37657,37.71642],[-122.37657,37.71642],[-122.37657,37.71642],[-122.37656,37.71642],[-122.37656,37.71641],[-122.37656,37.71641],[-122.37656,37.71641],[-122.37655,37.71641],[-122.37655,37.71641],[-122.37655,37.71641],[-122.37655,37.7164],[-122.37655,37.7164],[-122.37654,37.7164],[-122.37654,37.7164],[-122.37654,37.7164],[-122.37654,37.71639],[-122.37654,37.71639],[-122.37653,37.71639],[-122.37653,37.71639],[-122.37653,37.71639],[-122.37653,37.71639],[-122.37653,37.71638],[-122.37653,37.71638],[-122.37653,37.71638],[-122.37652,37.71638],[-122.37652,37.71638],[-122.37652,37.71637],[-122.37652,37.71637],[-122.37651,37.71637],[-122.37651,37.71636],[-122.37651,37.71636],[-122.3765,37.71636],[-122.3765,37.71635],[-122.3765,37.71635],[-122.37649,37.71635],[-122.37649,37.71634],[-122.37648,37.71634],[-122.37648,37.71634],[-122.37647,37.71633],[-122.37647,37.71633],[-122.37647,37.71633],[-122.37646,37.71633],[-122.37646,37.71632],[-122.37645,37.71632],[-122.37645,37.71632],[-122.37644,37.71631],[-122.37644,37.71631],[-122.37644,37.71631],[-122.37643,37.71631],[-122.37643,37.71631],[-122.37637,37.71628],[-122.3763,37.71625],[-122.37624,37.71621],[-122.37623,37.71621],[-122.37623,37.71621],[-122.37623,37.71621],[-122.37622,37.7162],[-122.37622,37.7162],[-122.37621,37.7162],[-122.37621,37.71619],[-122.3762,37.71619],[-122.3762,37.71618],[-122.37619,37.71618],[-122.37619,37.71618],[-122.37619,37.71617],[-122.37618,37.71617],[-122.37618,37.71617],[-122.37617,37.71616],[-122.37617,37.71616],[-122.37617,37.71616],[-122.37617,37.71615],[-122.37616,37.71615],[-122.37616,37.71615],[-122.37616,37.71615],[-122.37615,37.71614],[-122.37615,37.71614],[-122.37615,37.71613],[-122.37614,37.71613],[-122.37614,37.71612],[-122.37614,37.71612],[-122.37613,37.71611],[-122.37613,37.71611],[-122.37613,37.71611],[-122.37613,37.7161],[-122.37613,37.7161],[-122.37613,37.7161],[-122.37613,37.71609],[-122.37613,37.71609],[-122.37612,37.71608],[-122.37612,37.71608],[-122.37612,37.71607],[-122.37612,37.71607],[-122.37612,37.71607],[-122.37612,37.71606],[-122.37612,37.71606],[-122.37612,37.71605],[-122.37612,37.71605],[-122.37612,37.71604],[-122.37612,37.71604],[-122.37612,37.71603],[-122.37612,37.71603],[-122.37612,37.71603],[-122.37612,37.71602],[-122.37612,37.71602],[-122.37613,37.71601],[-122.37613,37.71601],[-122.37613,37.716],[-122.37613,37.716],[-122.37613,37.716],[-122.37613,37.71599],[-122.37613,37.71599],[-122.37613,37.71598],[-122.37613,37.71598],[-122.37614,37.71597],[-122.37614,37.71597],[-122.37614,37.71597],[-122.37614,37.71596],[-122.37614,37.71596],[-122.37615,37.71595],[-122.37615,37.71595],[-122.37615,37.71594],[-122.37616,37.71593],[-122.37616,37.71592],[-122.37616,37.71591],[-122.37617,37.71591],[-122.37617,37.7159],[-122.37618,37.71589],[-122.37618,37.71588],[-122.37619,37.71587],[-122.3762,37.71586],[-122.3762,37.71586],[-122.37621,37.71585],[-122.37621,37.71584],[-122.37622,37.71583],[-122.37623,37.71582],[-122.37623,37.71582],[-122.37624,37.71581],[-122.37625,37.7158],[-122.37625,37.71579],[-122.37626,37.71579],[-122.37627,37.71578],[-122.37628,37.71577],[-122.3763,37.71575],[-122.37631,37.71574],[-122.37632,37.71573],[-122.37633,37.71572],[-122.37635,37.7157],[-122.37636,37.71569],[-122.37637,37.71568],[-122.37638,37.71566],[-122.37639,37.71565],[-122.3764,37.71564],[-122.37641,37.71562],[-122.37642,37.71561],[-122.37643,37.71559],[-122.37644,37.71558],[-122.37645,37.71556],[-122.37647,37.71554],[-122.37649,37.71553],[-122.3765,37.71552],[-122.37651,37.7155],[-122.37653,37.71549],[-122.37654,37.71547],[-122.37656,37.71546],[-122.37657,37.71544],[-122.37658,37.71543],[-122.3766,37.71541],[-122.37661,37.7154],[-122.37662,37.71538],[-122.37663,37.71537],[-122.37664,37.71535],[-122.37665,37.71534],[-122.37666,37.71532],[-122.37668,37.71529],[-122.37668,37.71529],[-122.37668,37.71529],[-122.37668,37.71529],[-122.37669,37.71529],[-122.37669,37.71529],[-122.37669,37.71528],[-122.37669,37.71528],[-122.37669,37.71528],[-122.37669,37.71528],[-122.37669,37.71528],[-122.37669,37.71528],[-122.37669,37.71528],[-122.37669,37.71528],[-122.37669,37.71528],[-122.37669,37.71528],[-122.37669,37.71527],[-122.37669,37.71527],[-122.37669,37.71527],[-122.37669,37.71527],[-122.37669,37.71527],[-122.37669,37.71527],[-122.37669,37.71527],[-122.37669,37.71527],[-122.37669,37.71527],[-122.37669,37.71526],[-122.37669,37.71526],[-122.37669,37.71526],[-122.37669,37.71526],[-122.37669,37.71526],[-122.37669,37.71526],[-122.37669,37.71526],[-122.37669,37.71526],[-122.37669,37.71526],[-122.37669,37.71525],[-122.37669,37.71525],[-122.37669,37.71525],[-122.37669,37.71525],[-122.37669,37.71525],[-122.37669,37.71525],[-122.37669,37.71525],[-122.37669,37.71525],[-122.37669,37.71525],[-122.37669,37.71525],[-122.37669,37.71525],[-122.37669,37.71525],[-122.37669,37.71525],[-122.37669,37.71525],[-122.37669,37.71525],[-122.37669,37.71525],[-122.37669,37.71525],[-122.37669,37.71525],[-122.37669,37.71525],[-122.37669,37.71524],[-122.37669,37.71524],[-122.37669,37.71524],[-122.37668,37.71524],[-122.37668,37.71524],[-122.37668,37.71524],[-122.37668,37.71524],[-122.37668,37.71524],[-122.37668,37.71524],[-122.37668,37.71524],[-122.37668,37.71524],[-122.37668,37.71524],[-122.37668,37.71524],[-122.37668,37.71524],[-122.37668,37.71524],[-122.37668,37.71524],[-122.37668,37.71524],[-122.37668,37.71524],[-122.37668,37.71524],[-122.37668,37.71524],[-122.37668,37.71524],[-122.37668,37.71524],[-122.37668,37.71524],[-122.37668,37.71524],[-122.37668,37.71524],[-122.37668,37.71524],[-122.37668,37.71524],[-122.37668,37.71524],[-122.37668,37.71524],[-122.37668,37.71524],[-122.37668,37.71524],[-122.37668,37.71524],[-122.37668,37.71524],[-122.37668,37.71524],[-122.37667,37.71524],[-122.37667,37.71524],[-122.37667,37.71524],[-122.37667,37.71524],[-122.37667,37.71524],[-122.37667,37.71524],[-122.37667,37.71524],[-122.37667,37.71524],[-122.37667,37.71524],[-122.37667,37.71524],[-122.37667,37.71524],[-122.37667,37.71524],[-122.37667,37.71524],[-122.37667,37.71524],[-122.37667,37.71524],[-122.37667,37.71524],[-122.37667,37.71524],[-122.37667,37.71524],[-122.37667,37.71524],[-122.37667,37.71524],[-122.37667,37.71524],[-122.37667,37.71524],[-122.37667,37.71524],[-122.37667,37.71524],[-122.37667,37.71524],[-122.37666,37.71524],[-122.37666,37.71524],[-122.37666,37.71524],[-122.37666,37.71524],[-122.37666,37.71524],[-122.37666,37.71524],[-122.37666,37.71524],[-122.37666,37.71524],[-122.37666,37.71524],[-122.37666,37.71524],[-122.37666,37.71524],[-122.37666,37.71524],[-122.37666,37.71524],[-122.37666,37.71524],[-122.37666,37.71524],[-122.37666,37.71524],[-122.37666,37.71524],[-122.37666,37.71524],[-122.37666,37.71524],[-122.37666,37.71524],[-122.37666,37.71524],[-122.37666,37.71524],[-122.37666,37.71524],[-122.37666,37.71524],[-122.37666,37.71524],[-122.37666,37.71524],[-122.37665,37.71524],[-122.37665,37.71524],[-122.37665,37.71524],[-122.37665,37.71524],[-122.37665,37.71524],[-122.37665,37.71524],[-122.37665,37.71524],[-122.37665,37.71524],[-122.37665,37.71524],[-122.37665,37.71524],[-122.37665,37.71523],[-122.37665,37.71523],[-122.37665,37.71523],[-122.37665,37.71523],[-122.37665,37.71523],[-122.37665,37.71523],[-122.37665,37.71523],[-122.37665,37.71523],[-122.37665,37.71523],[-122.37665,37.71523],[-122.37665,37.71523],[-122.37665,37.71523],[-122.37665,37.71523],[-122.37665,37.71523],[-122.37665,37.71523],[-122.37665,37.71523],[-122.37665,37.71523],[-122.37665,37.71523],[-122.37665,37.71523],[-122.37665,37.71523],[-122.37665,37.71523],[-122.37665,37.71523],[-122.37664,37.71523],[-122.37664,37.71523],[-122.37664,37.71523],[-122.37664,37.71523],[-122.37664,37.71523],[-122.37664,37.71523],[-122.37664,37.71523],[-122.37664,37.71523],[-122.37664,37.71523],[-122.37664,37.71523],[-122.37664,37.71523],[-122.37664,37.71523],[-122.37664,37.71523],[-122.37664,37.71523],[-122.37664,37.71523],[-122.37664,37.71523],[-122.37664,37.71523],[-122.37664,37.71523],[-122.37664,37.71523],[-122.37664,37.71523],[-122.37664,37.71523],[-122.37664,37.71522],[-122.37664,37.71522],[-122.37664,37.71522],[-122.37664,37.71522],[-122.37664,37.71522],[-122.37664,37.71522],[-122.37664,37.71522],[-122.37664,37.71522],[-122.37664,37.71522],[-122.37664,37.71522],[-122.37664,37.71522],[-122.37664,37.71522],[-122.37664,37.71522],[-122.37664,37.71522],[-122.37664,37.71522],[-122.37664,37.71522],[-122.37664,37.71522],[-122.37664,37.71522],[-122.37664,37.71522],[-122.37664,37.71522],[-122.37664,37.71522],[-122.37664,37.71522],[-122.37664,37.71522],[-122.37664,37.71522],[-122.37664,37.71522],[-122.37664,37.71522],[-122.37664,37.71522],[-122.37664,37.71522],[-122.37664,37.71522],[-122.37664,37.71522],[-122.37664,37.71522],[-122.37664,37.71522],[-122.37664,37.71522],[-122.37664,37.71521],[-122.37664,37.71521],[-122.37664,37.71521],[-122.37664,37.71521],[-122.37664,37.71521],[-122.37664,37.71521],[-122.37664,37.71521],[-122.37664,37.71521],[-122.37664,37.71521],[-122.37664,37.71521],[-122.37664,37.71521],[-122.37664,37.71521],[-122.37664,37.71521],[-122.37664,37.71521],[-122.37664,37.71521],[-122.37664,37.71521],[-122.37664,37.71521],[-122.37664,37.71521],[-122.37664,37.71521],[-122.37664,37.71521],[-122.37664,37.71521],[-122.37664,37.71521],[-122.37664,37.71521],[-122.37664,37.71521],[-122.37664,37.71521],[-122.37665,37.71521],[-122.37665,37.71521],[-122.37665,37.71521],[-122.37665,37.71521],[-122.37665,37.71521],[-122.37665,37.7152],[-122.37665,37.7152],[-122.37665,37.7152],[-122.37665,37.7152],[-122.37665,37.7152],[-122.37665,37.7152],[-122.37665,37.7152],[-122.37665,37.7152],[-122.37665,37.7152],[-122.37665,37.7152],[-122.37665,37.7152],[-122.37665,37.7152],[-122.37665,37.7152],[-122.37665,37.7152],[-122.37666,37.7152],[-122.37666,37.7152],[-122.37666,37.7152],[-122.37666,37.7152],[-122.37666,37.7152],[-122.37666,37.71519],[-122.37666,37.71519],[-122.37666,37.71519],[-122.37666,37.71519],[-122.37666,37.71519],[-122.37666,37.71519],[-122.37666,37.71519],[-122.37666,37.71519],[-122.37666,37.71519],[-122.37667,37.71519],[-122.37669,37.71519],[-122.37667,37.71519],[-122.37668,37.71519],[-122.37668,37.71518],[-122.37669,37.71518],[-122.37669,37.71518],[-122.3767,37.71518],[-122.3767,37.71517],[-122.37671,37.71517],[-122.37671,37.71517],[-122.37672,37.71516],[-122.37672,37.71516],[-122.37672,37.71516],[-122.37673,37.71515],[-122.37673,37.71515],[-122.37674,37.71515],[-122.37674,37.71514],[-122.37675,37.71514],[-122.37675,37.71514],[-122.37675,37.71513],[-122.37676,37.71513],[-122.37676,37.71513],[-122.37677,37.71512],[-122.37677,37.71512],[-122.37677,37.71512],[-122.37678,37.71511],[-122.37678,37.71511],[-122.37678,37.7151],[-122.37679,37.7151],[-122.37679,37.7151],[-122.37679,37.71509],[-122.3768,37.71508],[-122.37682,37.71506],[-122.37685,37.71504],[-122.37687,37.71501],[-122.37689,37.71498],[-122.37692,37.71496],[-122.37694,37.71493],[-122.37696,37.71491],[-122.377,37.71486],[-122.377,37.71485],[-122.37701,37.71485],[-122.37702,37.71484],[-122.37702,37.71484],[-122.37703,37.71483],[-122.37704,37.71483],[-122.37704,37.71482],[-122.37705,37.71482],[-122.37705,37.71481],[-122.37706,37.71481],[-122.37707,37.7148],[-122.37707,37.7148],[-122.37708,37.71479],[-122.37708,37.71478],[-122.37709,37.71478],[-122.37709,37.71477],[-122.3771,37.71476],[-122.3771,37.71476],[-122.37711,37.71475],[-122.37711,37.71475],[-122.37711,37.71474],[-122.37712,37.71472],[-122.37713,37.7147],[-122.37714,37.71468],[-122.37715,37.71466],[-122.37716,37.71464],[-122.37717,37.71462],[-122.37718,37.7146],[-122.37719,37.71458],[-122.37721,37.71456],[-122.37722,37.71454],[-122.37723,37.71452],[-122.37725,37.7145],[-122.37726,37.71448],[-122.37728,37.71446],[-122.37728,37.71445],[-122.37728,37.71445],[-122.37728,37.71444],[-122.37729,37.71443],[-122.37729,37.71443],[-122.37729,37.71442],[-122.37729,37.71442],[-122.3773,37.71441],[-122.3773,37.71441],[-122.3773,37.7144],[-122.37731,37.7144],[-122.37731,37.71439],[-122.37731,37.71439],[-122.37732,37.71438],[-122.37732,37.71438],[-122.37733,37.71437],[-122.37733,37.71437],[-122.37733,37.71436],[-122.37734,37.71436],[-122.37734,37.71435],[-122.37735,37.71435],[-122.37735,37.71434],[-122.37736,37.71434],[-122.37736,37.71434],[-122.37737,37.71433],[-122.37737,37.71433],[-122.37738,37.71432],[-122.37738,37.71432],[-122.37739,37.71432],[-122.37739,37.71431],[-122.37741,37.7143],[-122.37742,37.71429],[-122.37744,37.71427],[-122.37745,37.71426],[-122.37747,37.71425],[-122.37749,37.71424],[-122.3775,37.71423],[-122.37752,37.71421],[-122.37755,37.7142],[-122.3776,37.71416],[-122.37765,37.71412],[-122.3777,37.71408],[-122.37776,37.71404],[-122.37781,37.714],[-122.37788,37.71396],[-122.37804,37.71384],[-122.37831,37.71364],[-122.37832,37.71364],[-122.37832,37.71364],[-122.37833,37.71363],[-122.37833,37.71363],[-122.37834,37.71362],[-122.37834,37.71362],[-122.37835,37.71362],[-122.37835,37.71361],[-122.37835,37.71361],[-122.37836,37.7136],[-122.37836,37.7136],[-122.37837,37.71359],[-122.37837,37.71359],[-122.37838,37.71358],[-122.37838,37.71358],[-122.37838,37.71358],[-122.37839,37.71357],[-122.37839,37.71357],[-122.37839,37.71356],[-122.3784,37.71356],[-122.3784,37.71355],[-122.3784,37.71355],[-122.37841,37.71354],[-122.37841,37.71354],[-122.37841,37.71353],[-122.37841,37.71353],[-122.37842,37.71352],[-122.37842,37.71352],[-122.37842,37.71351],[-122.37842,37.71351],[-122.37843,37.7135],[-122.37843,37.7135],[-122.37843,37.71349],[-122.37843,37.71348],[-122.37843,37.71348],[-122.37844,37.71347],[-122.37844,37.71347],[-122.37844,37.71346],[-122.37845,37.71346],[-122.37845,37.71345],[-122.37845,37.71345],[-122.37846,37.71344],[-122.37846,37.71344],[-122.37847,37.71343],[-122.37847,37.71343],[-122.37847,37.71343],[-122.37848,37.71342],[-122.37848,37.71342],[-122.37849,37.71341],[-122.37849,37.71341],[-122.37849,37.7134],[-122.3785,37.7134],[-122.37854,37.71336],[-122.37859,37.71332],[-122.37866,37.71324],[-122.37867,37.71324],[-122.37869,37.71323],[-122.3787,37.71323],[-122.37871,37.71322],[-122.37872,37.71321],[-122.37874,37.71321],[-122.37875,37.7132],[-122.37876,37.71319],[-122.37877,37.71319],[-122.37878,37.71318],[-122.37879,37.71317],[-122.37881,37.71317],[-122.37882,37.71316],[-122.37883,37.71315],[-122.37884,37.71314],[-122.37885,37.71313],[-122.37886,37.71313],[-122.3789,37.71309],[-122.37889,37.71309],[-122.3789,37.71308],[-122.37891,37.71306],[-122.37892,37.71304],[-122.37893,37.71303],[-122.37894,37.71301],[-122.37895,37.71299],[-122.37896,37.71297],[-122.37897,37.71296],[-122.37898,37.71294],[-122.37899,37.71292],[-122.379,37.7129],[-122.379,37.71289],[-122.37901,37.71286],[-122.37901,37.71286],[-122.37901,37.71286],[-122.37902,37.71285],[-122.37902,37.71285],[-122.37902,37.71285],[-122.37902,37.71284],[-122.37902,37.71284],[-122.37903,37.71284],[-122.37903,37.71283],[-122.37903,37.71283],[-122.37903,37.71283],[-122.37904,37.71282],[-122.37904,37.71282],[-122.37904,37.71282],[-122.37904,37.71281],[-122.37905,37.71281],[-122.37905,37.71281],[-122.37905,37.71281],[-122.37906,37.7128],[-122.37906,37.7128],[-122.37909,37.71276],[-122.37911,37.71272],[-122.37914,37.71268],[-122.37917,37.71264],[-122.3792,37.7126],[-122.37926,37.71254],[-122.37926,37.71253],[-122.37927,37.71252],[-122.37927,37.71252],[-122.37928,37.71251],[-122.37928,37.7125],[-122.37929,37.7125],[-122.37929,37.71249],[-122.3793,37.71248],[-122.3793,37.71247],[-122.37931,37.71247],[-122.37931,37.71246],[-122.37931,37.71245],[-122.37932,37.71244],[-122.37932,37.71244],[-122.37933,37.71242],[-122.37934,37.7124],[-122.37935,37.71238],[-122.37936,37.71236],[-122.37937,37.71234],[-122.37938,37.71232],[-122.37939,37.71229],[-122.3794,37.71227],[-122.37941,37.71225],[-122.37943,37.71222],[-122.37944,37.71222],[-122.37944,37.71222],[-122.37944,37.71221],[-122.37944,37.71221],[-122.37944,37.71221],[-122.37945,37.71221],[-122.37945,37.71221],[-122.37945,37.7122],[-122.37945,37.7122],[-122.37945,37.7122],[-122.37945,37.7122],[-122.37946,37.7122],[-122.37946,37.71219],[-122.37946,37.71219],[-122.37946,37.71219],[-122.37946,37.71219],[-122.37946,37.71219],[-122.37946,37.71218],[-122.37947,37.71218],[-122.37947,37.71218],[-122.37947,37.71218],[-122.37947,37.71217],[-122.37947,37.71217],[-122.37947,37.71217],[-122.37947,37.71217],[-122.37947,37.71216],[-122.37948,37.71216],[-122.37948,37.71216],[-122.37948,37.71215],[-122.37949,37.71215],[-122.37949,37.71214],[-122.37949,37.71214],[-122.3795,37.71214],[-122.3795,37.71213],[-122.3795,37.71213],[-122.3795,37.71212],[-122.37951,37.71212],[-122.37951,37.71212],[-122.37951,37.71211],[-122.37951,37.71211],[-122.37952,37.7121],[-122.37952,37.7121],[-122.37952,37.71209],[-122.37952,37.71209],[-122.37952,37.71208],[-122.37953,37.71208],[-122.37953,37.71208],[-122.37953,37.71207],[-122.37953,37.71207],[-122.37953,37.71206],[-122.37953,37.71206],[-122.37953,37.71206],[-122.37953,37.71205],[-122.37953,37.71205],[-122.37954,37.71205],[-122.37954,37.71204],[-122.37954,37.71204],[-122.37954,37.71204],[-122.37954,37.71203],[-122.37954,37.71203],[-122.37955,37.71203],[-122.37955,37.71202],[-122.37955,37.71202],[-122.37955,37.71202],[-122.37955,37.71201],[-122.37956,37.71201],[-122.37956,37.71201],[-122.37956,37.712],[-122.37957,37.712],[-122.37957,37.71199],[-122.37958,37.71199],[-122.37958,37.71199],[-122.37958,37.71198],[-122.37959,37.71198],[-122.37959,37.71197],[-122.3796,37.71197],[-122.3796,37.71197],[-122.3796,37.71196],[-122.37961,37.71196],[-122.37961,37.71196],[-122.37961,37.71195],[-122.37962,37.71195],[-122.37962,37.71194],[-122.37962,37.71194],[-122.37962,37.71194],[-122.37963,37.71193],[-122.37963,37.71193],[-122.37963,37.71192],[-122.37964,37.71192],[-122.37964,37.71192],[-122.37964,37.71191],[-122.37964,37.71191],[-122.37964,37.7119],[-122.37965,37.7119],[-122.37965,37.71189],[-122.37965,37.71189],[-122.37965,37.71189],[-122.37965,37.71188],[-122.37966,37.71188],[-122.37966,37.71187],[-122.37966,37.71187],[-122.37966,37.71186],[-122.37966,37.71186],[-122.37967,37.71185],[-122.37967,37.71184],[-122.37968,37.71183],[-122.37968,37.71182],[-122.37969,37.71181],[-122.37969,37.7118],[-122.3797,37.71179],[-122.37971,37.71179],[-122.37971,37.71178],[-122.37972,37.71177],[-122.37973,37.71176],[-122.37973,37.71175],[-122.37974,37.71174],[-122.37975,37.71174],[-122.37975,37.71173],[-122.37975,37.71173],[-122.37975,37.71173],[-122.37975,37.71173],[-122.37976,37.71172],[-122.37976,37.71172],[-122.37976,37.71172],[-122.37976,37.71172],[-122.37976,37.71172],[-122.37976,37.71171],[-122.37976,37.71171],[-122.37977,37.71171],[-122.37977,37.71171],[-122.37977,37.71171],[-122.37977,37.7117],[-122.37977,37.7117],[-122.37978,37.7117],[-122.37978,37.7117],[-122.37978,37.7117],[-122.37978,37.71169],[-122.37978,37.71169],[-122.37979,37.71169],[-122.37979,37.71169],[-122.37979,37.71169],[-122.37979,37.71169],[-122.37979,37.71168],[-122.3798,37.71168],[-122.3798,37.71168],[-122.3798,37.71168],[-122.3798,37.71168],[-122.37981,37.71168],[-122.37981,37.71167],[-122.37981,37.71167],[-122.37981,37.71167],[-122.37982,37.71167],[-122.37982,37.71167],[-122.37982,37.71167],[-122.37982,37.71167],[-122.37983,37.71167],[-122.37983,37.71166],[-122.37983,37.71166],[-122.37984,37.71166],[-122.37984,37.71166],[-122.37984,37.71166],[-122.37984,37.71166],[-122.37985,37.71166],[-122.37985,37.71166],[-122.37985,37.71166],[-122.37986,37.71166],[-122.37986,37.71166],[-122.37986,37.71165],[-122.37987,37.71165],[-122.37987,37.71165],[-122.37988,37.71165],[-122.37988,37.71165],[-122.37989,37.71165],[-122.37989,37.71165],[-122.37989,37.71164],[-122.3799,37.71164],[-122.3799,37.71164],[-122.37991,37.71164],[-122.37991,37.71164],[-122.37992,37.71164],[-122.37992,37.71163],[-122.37992,37.71163],[-122.37993,37.71163],[-122.37993,37.71163],[-122.37994,37.71162],[-122.37994,37.71162],[-122.37994,37.71162],[-122.37995,37.71162],[-122.37995,37.71162],[-122.37996,37.71161],[-122.37996,37.71161],[-122.37996,37.71161],[-122.37997,37.71161],[-122.37997,37.7116],[-122.37997,37.7116],[-122.37998,37.7116],[-122.37998,37.71159],[-122.37998,37.71159],[-122.37999,37.71159],[-122.37999,37.71159],[-122.37999,37.71158],[-122.38,37.71158],[-122.38,37.71158],[-122.38,37.71157],[-122.38,37.71157],[-122.38001,37.71157],[-122.38001,37.71156],[-122.38001,37.71156],[-122.38001,37.71156],[-122.38002,37.71155],[-122.38002,37.71155],[-122.38002,37.71155],[-122.38003,37.71154],[-122.38003,37.71154],[-122.38003,37.71153],[-122.38004,37.71153],[-122.38004,37.71152],[-122.38004,37.71152],[-122.38005,37.71151],[-122.38005,37.71151],[-122.38005,37.7115],[-122.38005,37.7115],[-122.38006,37.71149],[-122.38006,37.71148],[-122.38006,37.71148],[-122.38006,37.71147],[-122.38007,37.71147],[-122.38007,37.71146],[-122.38007,37.71146],[-122.38007,37.71145],[-122.38007,37.71145],[-122.38007,37.71144],[-122.38008,37.71143],[-122.38008,37.71143],[-122.38008,37.71142],[-122.38008,37.71142],[-122.38008,37.71141],[-122.38008,37.7114],[-122.38009,37.71135],[-122.3801,37.71129],[-122.38011,37.71124],[-122.38011,37.71119],[-122.38012,37.71113],[-122.38012,37.71108],[-122.38012,37.71103],[-122.38012,37.71097],[-122.38012,37.71092],[-122.38012,37.7109],[-122.38012,37.71089],[-122.38012,37.71087],[-122.38012,37.71086],[-122.38012,37.71084],[-122.38011,37.71082],[-122.38011,37.71081],[-122.38011,37.71079],[-122.3801,37.71078],[-122.3801,37.71076],[-122.3801,37.71074],[-122.38009,37.71073],[-122.38009,37.71071],[-122.38008,37.7107],[-122.38008,37.71068],[-122.38007,37.71067],[-122.38007,37.71065],[-122.38006,37.71063],[-122.38005,37.71062],[-122.38005,37.71061],[-122.38004,37.7106],[-122.38004,37.7106],[-122.38003,37.71059],[-122.38003,37.71059],[-122.38002,37.71058],[-122.38002,37.71058],[-122.38001,37.71058],[-122.38001,37.71057],[-122.38,37.71057],[-122.38,37.71056],[-122.37999,37.71056],[-122.37998,37.71055],[-122.37998,37.71055],[-122.37997,37.71054],[-122.37997,37.71054],[-122.37996,37.71054],[-122.37995,37.71053],[-122.37995,37.71053],[-122.37994,37.71052],[-122.37993,37.71052],[-122.37993,37.71052],[-122.37992,37.71051],[-122.37991,37.71051],[-122.37991,37.71051],[-122.3799,37.7105],[-122.37989,37.7105],[-122.37989,37.7105],[-122.37987,37.71049],[-122.37987,37.71049],[-122.37987,37.71049],[-122.37987,37.71049],[-122.37987,37.71049],[-122.37987,37.71049],[-122.37987,37.71049],[-122.37987,37.71049],[-122.37987,37.71049],[-122.37987,37.71049],[-122.37987,37.71049],[-122.37986,37.71049],[-122.37986,37.71049],[-122.37986,37.71049],[-122.37986,37.71049],[-122.37986,37.71049],[-122.37986,37.71049],[-122.37986,37.71049],[-122.37986,37.71049],[-122.37986,37.71049],[-122.37986,37.71049],[-122.37985,37.71049],[-122.37985,37.71049],[-122.37985,37.71049],[-122.37985,37.71049],[-122.37985,37.71049],[-122.37985,37.71049],[-122.37985,37.71049],[-122.37985,37.71049],[-122.37985,37.71049],[-122.37985,37.71049],[-122.37984,37.71049],[-122.37984,37.71049],[-122.37984,37.71049],[-122.37984,37.71049],[-122.37984,37.71049],[-122.37984,37.71049],[-122.37984,37.71049],[-122.37984,37.71049],[-122.37984,37.71049],[-122.37984,37.71049],[-122.37983,37.71049],[-122.37983,37.71049],[-122.37983,37.71049],[-122.37983,37.71049],[-122.37983,37.71049],[-122.37983,37.71049],[-122.37983,37.71049],[-122.37983,37.71049],[-122.37983,37.71049],[-122.37983,37.71049],[-122.37983,37.71049],[-122.37982,37.71049],[-122.37982,37.71049],[-122.37982,37.71049],[-122.37982,37.71049],[-122.37982,37.71049],[-122.37982,37.71049],[-122.37982,37.71049],[-122.37982,37.71049],[-122.37982,37.7105],[-122.37982,37.7105],[-122.37982,37.7105],[-122.37982,37.7105],[-122.37981,37.7105],[-122.37981,37.7105],[-122.37981,37.7105],[-122.37981,37.7105],[-122.37981,37.7105],[-122.37981,37.7105],[-122.37981,37.7105],[-122.37981,37.7105],[-122.37981,37.7105],[-122.37981,37.7105],[-122.3798,37.7105],[-122.3798,37.7105],[-122.3798,37.7105],[-122.3798,37.7105],[-122.3798,37.7105],[-122.3798,37.7105],[-122.3798,37.7105],[-122.37979,37.7105],[-122.37979,37.7105],[-122.37979,37.7105],[-122.37979,37.7105],[-122.37979,37.7105],[-122.37979,37.7105],[-122.37979,37.7105],[-122.37978,37.7105],[-122.37978,37.7105],[-122.37978,37.7105],[-122.37978,37.7105],[-122.37978,37.7105],[-122.37978,37.7105],[-122.37978,37.7105],[-122.37977,37.7105],[-122.37977,37.7105],[-122.37977,37.7105],[-122.37977,37.7105],[-122.37977,37.7105],[-122.37977,37.7105],[-122.37977,37.7105],[-122.37976,37.7105],[-122.37976,37.7105],[-122.37976,37.7105],[-122.37976,37.7105],[-122.37976,37.7105],[-122.37976,37.7105],[-122.37975,37.7105],[-122.37975,37.7105],[-122.37975,37.7105],[-122.37975,37.7105],[-122.37975,37.7105],[-122.37975,37.7105],[-122.37975,37.7105],[-122.37975,37.7105],[-122.37974,37.7105],[-122.37974,37.7105],[-122.37974,37.7105],[-122.37974,37.7105],[-122.37974,37.7105],[-122.37974,37.7105],[-122.37974,37.71049],[-122.37973,37.71049],[-122.37973,37.71049],[-122.37973,37.71049],[-122.37973,37.71049],[-122.37973,37.71049],[-122.37973,37.71049],[-122.37973,37.71049],[-122.37973,37.71049],[-122.37973,37.71049],[-122.37972,37.71049],[-122.37972,37.71049],[-122.37972,37.71049],[-122.37972,37.71049],[-122.37972,37.71048],[-122.37972,37.71048],[-122.37972,37.71048],[-122.37972,37.71048],[-122.37972,37.71048],[-122.37972,37.71048],[-122.37971,37.71048],[-122.37971,37.71048],[-122.37971,37.71048],[-122.37971,37.71048],[-122.37971,37.71048],[-122.37971,37.71047],[-122.37971,37.71047],[-122.37971,37.71047],[-122.37971,37.71047],[-122.3797,37.71046],[-122.3797,37.71046],[-122.3797,37.71046],[-122.37969,37.71045],[-122.37969,37.71045],[-122.37969,37.71045],[-122.37968,37.71044],[-122.37968,37.71044],[-122.37968,37.71044],[-122.37967,37.71043],[-122.37967,37.71043],[-122.37967,37.71043],[-122.37966,37.71042],[-122.37966,37.71042],[-122.37965,37.71042],[-122.37965,37.71041],[-122.37965,37.71041],[-122.37964,37.71041],[-122.37964,37.71041],[-122.37963,37.7104],[-122.37963,37.7104],[-122.37962,37.7104],[-122.37962,37.71039],[-122.37961,37.71039],[-122.37961,37.71039],[-122.37961,37.71039],[-122.3796,37.71039],[-122.3796,37.71038],[-122.37959,37.71038],[-122.37959,37.71038],[-122.37958,37.71038],[-122.37958,37.71037],[-122.37957,37.71037],[-122.37957,37.71037],[-122.37956,37.71037],[-122.37956,37.71037],[-122.37955,37.71037],[-122.37955,37.71036],[-122.37954,37.71036],[-122.37954,37.71036],[-122.37953,37.71036],[-122.37953,37.71036],[-122.37952,37.71036],[-122.37951,37.71036],[-122.3795,37.71035],[-122.3795,37.71035],[-122.37949,37.71035],[-122.37948,37.71035],[-122.37947,37.71034],[-122.37947,37.71034],[-122.37946,37.71034],[-122.37945,37.71033],[-122.37945,37.71033],[-122.37944,37.71033],[-122.37943,37.71033],[-122.37942,37.71032],[-122.37942,37.71032],[-122.37941,37.71031],[-122.3794,37.71031],[-122.3794,37.71031],[-122.37939,37.7103],[-122.37938,37.7103],[-122.37938,37.7103],[-122.37937,37.71029],[-122.37936,37.71029],[-122.37936,37.71028],[-122.37935,37.71028],[-122.37935,37.71027],[-122.37934,37.71027],[-122.37934,37.71027],[-122.37933,37.71026],[-122.37932,37.71026],[-122.37932,37.71025],[-122.37931,37.71025],[-122.37931,37.71024],[-122.3793,37.71024],[-122.3793,37.71023],[-122.37929,37.71023],[-122.37929,37.71022],[-122.37928,37.71022],[-122.37928,37.71021],[-122.37927,37.7102],[-122.37926,37.71019],[-122.37925,37.71018],[-122.37925,37.71018],[-122.37924,37.71017],[-122.37923,37.71016],[-122.37922,37.71016],[-122.37922,37.71015],[-122.37921,37.71014],[-122.3792,37.71013],[-122.37919,37.71013],[-122.37918,37.71012],[-122.37917,37.71012],[-122.37916,37.71011],[-122.37915,37.7101],[-122.37915,37.7101],[-122.37914,37.71009],[-122.37913,37.71008],[-122.37912,37.71008],[-122.37911,37.71007],[-122.3791,37.71007],[-122.37908,37.71006],[-122.37907,37.71006],[-122.37907,37.71005],[-122.37906,37.71005],[-122.37905,37.71004],[-122.37905,37.71004],[-122.37904,37.71003],[-122.37903,37.71003],[-122.37903,37.71002],[-122.37902,37.71002],[-122.37902,37.71001],[-122.37901,37.71001],[-122.379,37.71],[-122.379,37.71],[-122.37899,37.70999],[-122.37899,37.70999],[-122.37898,37.70998],[-122.37898,37.70998],[-122.37897,37.70997],[-122.37897,37.70997],[-122.37896,37.70996],[-122.37896,37.70995],[-122.37895,37.70995],[-122.37895,37.70994],[-122.37894,37.70994],[-122.37894,37.70993],[-122.37893,37.70992],[-122.37893,37.70991],[-122.37893,37.70991],[-122.37893,37.70991],[-122.37892,37.70991],[-122.37892,37.7099],[-122.37892,37.7099],[-122.37892,37.7099],[-122.37892,37.7099],[-122.37892,37.70989],[-122.37892,37.70989],[-122.37892,37.70989],[-122.37891,37.70988],[-122.37891,37.70988],[-122.37891,37.70988],[-122.37891,37.70988],[-122.37891,37.70987],[-122.37891,37.70987],[-122.37891,37.70987],[-122.37891,37.70986],[-122.37891,37.70986],[-122.37891,37.70986],[-122.37891,37.70985],[-122.37891,37.70985],[-122.37891,37.70985],[-122.37891,37.70985],[-122.37891,37.70984],[-122.37891,37.70984],[-122.37891,37.70984],[-122.37891,37.70983],[-122.37891,37.70983],[-122.37891,37.70983],[-122.37891,37.70982],[-122.37891,37.70982],[-122.37891,37.70982],[-122.37891,37.70982],[-122.37891,37.70981],[-122.37891,37.70981],[-122.37891,37.70981],[-122.37891,37.70981],[-122.3789,37.70981],[-122.3789,37.7098],[-122.3789,37.7098],[-122.3789,37.7098],[-122.3789,37.7098],[-122.3789,37.70979],[-122.3789,37.70979],[-122.3789,37.70979],[-122.3789,37.70979],[-122.3789,37.70979],[-122.3789,37.70978],[-122.3789,37.70978],[-122.3789,37.70978],[-122.37889,37.70978],[-122.37889,37.70977],[-122.37889,37.70977],[-122.37889,37.70977],[-122.37889,37.70977],[-122.37889,37.70977],[-122.37889,37.70977],[-122.37889,37.70977],[-122.37889,37.70977],[-122.37889,37.70977],[-122.37889,37.70977],[-122.37889,37.70977],[-122.37889,37.70977],[-122.37889,37.70977],[-122.37889,37.70977],[-122.37889,37.70977],[-122.37889,37.70977],[-122.37889,37.70977],[-122.37889,37.70977],[-122.37889,37.70977],[-122.37889,37.70977],[-122.37889,37.70977],[-122.37889,37.70977],[-122.37889,37.70977],[-122.37888,37.70977],[-122.37888,37.70977],[-122.37888,37.70977],[-122.37888,37.70977],[-122.37888,37.70976],[-122.37888,37.70976],[-122.37888,37.70976],[-122.37888,37.70976],[-122.37888,37.70976],[-122.37888,37.70976],[-122.37888,37.70976],[-122.37888,37.70976],[-122.37888,37.70976],[-122.37888,37.70976],[-122.37888,37.70976],[-122.37888,37.70976],[-122.37888,37.70976],[-122.37888,37.70976],[-122.37888,37.70976],[-122.37888,37.70976],[-122.37888,37.70976],[-122.37887,37.70976],[-122.37887,37.70976],[-122.37887,37.70976],[-122.37887,37.70976],[-122.37887,37.70976],[-122.37887,37.70976],[-122.37887,37.70976],[-122.37887,37.70976],[-122.37887,37.70976],[-122.37887,37.70976],[-122.37887,37.70976],[-122.37887,37.70976],[-122.37887,37.70976],[-122.37887,37.70976],[-122.37887,37.70976],[-122.37887,37.70976],[-122.37887,37.70976],[-122.37887,37.70976],[-122.37886,37.70976],[-122.37886,37.70976],[-122.37886,37.70976],[-122.37886,37.70976],[-122.37886,37.70976],[-122.37886,37.70976],[-122.37886,37.70976],[-122.37886,37.70976],[-122.37886,37.70976],[-122.37886,37.70976],[-122.37886,37.70976],[-122.37886,37.70976],[-122.37886,37.70976],[-122.37886,37.70976],[-122.37886,37.70976],[-122.37885,37.70976],[-122.37885,37.70976],[-122.37885,37.70976],[-122.37885,37.70976],[-122.37885,37.70976],[-122.37885,37.70976],[-122.37885,37.70976],[-122.37885,37.70976],[-122.37885,37.70976],[-122.37885,37.70976],[-122.37885,37.70976],[-122.37885,37.70976],[-122.37884,37.70976],[-122.37884,37.70976],[-122.37884,37.70976],[-122.37884,37.70976],[-122.37884,37.70976],[-122.37884,37.70976],[-122.37884,37.70976],[-122.37884,37.70976],[-122.37884,37.70976],[-122.37884,37.70976],[-122.37884,37.70976],[-122.37884,37.70976],[-122.37884,37.70976],[-122.37883,37.70976],[-122.37883,37.70976],[-122.37883,37.70976],[-122.37883,37.70976],[-122.37883,37.70976],[-122.37883,37.70976],[-122.37883,37.70976],[-122.37883,37.70976],[-122.37883,37.70976],[-122.37883,37.70975],[-122.37883,37.70975],[-122.37883,37.70975],[-122.37883,37.70975],[-122.37882,37.70975],[-122.37882,37.70975],[-122.37882,37.70975],[-122.37882,37.70975],[-122.37882,37.70975],[-122.37882,37.70975],[-122.37882,37.70975],[-122.37882,37.70975],[-122.37882,37.70975],[-122.37882,37.70975],[-122.37882,37.70975],[-122.37882,37.70975],[-122.37882,37.70975],[-122.37882,37.70975],[-122.37882,37.70975],[-122.37882,37.70975],[-122.37882,37.70975],[-122.37881,37.70975],[-122.37881,37.70975],[-122.37881,37.70974],[-122.37881,37.70974],[-122.37881,37.70974],[-122.37881,37.70974],[-122.37881,37.70974],[-122.37881,37.70974],[-122.37881,37.70974],[-122.37881,37.70974],[-122.37881,37.70974],[-122.3788,37.70972],[-122.37879,37.70971],[-122.37878,37.70969],[-122.37877,37.70968],[-122.37876,37.70966],[-122.37876,37.70964],[-122.37875,37.70963],[-122.37874,37.70961],[-122.37873,37.7096],[-122.37873,37.70958],[-122.37872,37.70955],[-122.37872,37.70955],[-122.37871,37.70955],[-122.37871,37.70955],[-122.37871,37.70955],[-122.37871,37.70955],[-122.37871,37.70955],[-122.37871,37.70954],[-122.37871,37.70954],[-122.37871,37.70954],[-122.37871,37.70954],[-122.37871,37.70954],[-122.3787,37.70954],[-122.3787,37.70954],[-122.3787,37.70954],[-122.3787,37.70953],[-122.3787,37.70953],[-122.3787,37.70953],[-122.3787,37.70953],[-122.3787,37.70953],[-122.3787,37.70953],[-122.3787,37.70953],[-122.3787,37.70953],[-122.3787,37.70952],[-122.3787,37.70952],[-122.3787,37.70952],[-122.37869,37.70952],[-122.37869,37.70952],[-122.37869,37.70952],[-122.37869,37.70952],[-122.37869,37.70951],[-122.37869,37.70951],[-122.37869,37.70951],[-122.37869,37.70951],[-122.37869,37.7095],[-122.37869,37.70951],[-122.37869,37.70951],[-122.37869,37.70951],[-122.37869,37.70951],[-122.37869,37.7095],[-122.37869,37.7095],[-122.37869,37.7095],[-122.37869,37.7095],[-122.37869,37.7095],[-122.37869,37.7095],[-122.37869,37.7095],[-122.37869,37.7095],[-122.37869,37.7095],[-122.37869,37.7095],[-122.37869,37.7095],[-122.37869,37.7095],[-122.37869,37.7095],[-122.37869,37.7095],[-122.37869,37.7095],[-122.37869,37.7095],[-122.37869,37.7095],[-122.37869,37.70949],[-122.37869,37.70949],[-122.37869,37.70949],[-122.37869,37.70949],[-122.37869,37.70949],[-122.37869,37.70949],[-122.37868,37.70949],[-122.37868,37.70949],[-122.37868,37.70949],[-122.37868,37.70949],[-122.37868,37.70949],[-122.37868,37.70949],[-122.37868,37.70949],[-122.37868,37.70949],[-122.37868,37.70949],[-122.37868,37.70949],[-122.37868,37.70949],[-122.37868,37.70949],[-122.37868,37.70949],[-122.37868,37.70949],[-122.37868,37.70949],[-122.37868,37.70948],[-122.37868,37.70948],[-122.37868,37.70948],[-122.37868,37.70948],[-122.37868,37.70948],[-122.37867,37.70948],[-122.37867,37.70948],[-122.37867,37.70948],[-122.37867,37.70948],[-122.37867,37.70948],[-122.37867,37.70948],[-122.37867,37.70948],[-122.37867,37.70948],[-122.37867,37.70948],[-122.37867,37.70948],[-122.37867,37.70948],[-122.37867,37.70948],[-122.37867,37.70948],[-122.37867,37.70948],[-122.37867,37.70948],[-122.37866,37.70948],[-122.37866,37.70948],[-122.37866,37.70948],[-122.37866,37.70948],[-122.37866,37.70948],[-122.37866,37.70948],[-122.37866,37.70948],[-122.37866,37.70948],[-122.37866,37.70948],[-122.37866,37.70948],[-122.37866,37.70948],[-122.37866,37.70948],[-122.37866,37.70948],[-122.37865,37.70948],[-122.37865,37.70948],[-122.37865,37.70947],[-122.37865,37.70947],[-122.37865,37.70947],[-122.37865,37.70947],[-122.37864,37.70947],[-122.37864,37.70947],[-122.37864,37.70947],[-122.37864,37.70947],[-122.37864,37.70947],[-122.37864,37.70947],[-122.37864,37.70947],[-122.37863,37.70947],[-122.37863,37.70947],[-122.37863,37.70947],[-122.37863,37.70946],[-122.37863,37.70946],[-122.37863,37.70946],[-122.37863,37.70946],[-122.37863,37.70946],[-122.37862,37.70946],[-122.37862,37.70946],[-122.37862,37.70946],[-122.37862,37.70946],[-122.37862,37.70946],[-122.37862,37.70945],[-122.37862,37.70945],[-122.37862,37.70945],[-122.37862,37.70945],[-122.37861,37.70945],[-122.37861,37.70945],[-122.37861,37.70945],[-122.37861,37.70945],[-122.37861,37.70945],[-122.37861,37.70944],[-122.37861,37.70944],[-122.37861,37.70944],[-122.37861,37.70944],[-122.37861,37.70944],[-122.37861,37.70944],[-122.37861,37.70944],[-122.3786,37.70944],[-122.3786,37.70944],[-122.3786,37.70943],[-122.3786,37.70943],[-122.3786,37.70943],[-122.3786,37.70943],[-122.3786,37.70943],[-122.3786,37.70943],[-122.3786,37.70943],[-122.3786,37.70942],[-122.3786,37.70942],[-122.3786,37.70942],[-122.3786,37.70942],[-122.3786,37.70942],[-122.3786,37.70942],[-122.3786,37.70942],[-122.3786,37.70941],[-122.37859,37.70941],[-122.37859,37.70941],[-122.37859,37.70941],[-122.37859,37.70941],[-122.37859,37.70941],[-122.37859,37.70941],[-122.37859,37.7094],[-122.37859,37.7094],[-122.37859,37.7094],[-122.37859,37.7094],[-122.37859,37.7094],[-122.37859,37.7094],[-122.37858,37.7094],[-122.37858,37.7094],[-122.37858,37.70939],[-122.37858,37.70939],[-122.37858,37.70939],[-122.37858,37.70939],[-122.37858,37.70939],[-122.37858,37.70939],[-122.37857,37.70939],[-122.37857,37.70939],[-122.37857,37.70938],[-122.37857,37.70938],[-122.37857,37.70938],[-122.37857,37.70938],[-122.37857,37.70938],[-122.37856,37.70938],[-122.37856,37.70938],[-122.37856,37.70938],[-122.37856,37.70938],[-122.37856,37.70938],[-122.37856,37.70937],[-122.37856,37.70937],[-122.37855,37.70937],[-122.37855,37.70937],[-122.37855,37.70937],[-122.37855,37.70937],[-122.37855,37.70937],[-122.37855,37.70937],[-122.37854,37.70937],[-122.37854,37.70937],[-122.37854,37.70937],[-122.37854,37.70937],[-122.37854,37.70937],[-122.37853,37.70936],[-122.37853,37.70936],[-122.37853,37.70936],[-122.37853,37.70936],[-122.37852,37.70936],[-122.37852,37.70935],[-122.37852,37.70935],[-122.37851,37.70935],[-122.37851,37.70935],[-122.37851,37.70935],[-122.37851,37.70934],[-122.3785,37.70934],[-122.3785,37.70934],[-122.3785,37.70934],[-122.3785,37.70934],[-122.37849,37.70933],[-122.37849,37.70933],[-122.37849,37.70933],[-122.37849,37.70933],[-122.37848,37.70932],[-122.37848,37.70932],[-122.37848,37.70932],[-122.37848,37.70932],[-122.37848,37.70931],[-122.37847,37.70931],[-122.37847,37.70931],[-122.37847,37.7093],[-122.37847,37.7093],[-122.37847,37.7093],[-122.37846,37.7093],[-122.37846,37.70929],[-122.37846,37.70929],[-122.37846,37.70929],[-122.37846,37.70929],[-122.37846,37.70928],[-122.37846,37.70928],[-122.37846,37.70928],[-122.37845,37.70927],[-122.37845,37.70927],[-122.37845,37.70927],[-122.37845,37.70926],[-122.37845,37.70926],[-122.37845,37.70926],[-122.37845,37.70926],[-122.37845,37.70925],[-122.37845,37.70925],[-122.37845,37.70925],[-122.37845,37.70924],[-122.37845,37.70924],[-122.37845,37.70924],[-122.37845,37.70923],[-122.37845,37.70923],[-122.37844,37.70923],[-122.37844,37.70923],[-122.37844,37.70922],[-122.37844,37.70922],[-122.37845,37.70921],[-122.37845,37.7092],[-122.37845,37.70919],[-122.37845,37.70918],[-122.37845,37.70916],[-122.37845,37.70915],[-122.37845,37.70914],[-122.37844,37.70913],[-122.37844,37.70911],[-122.37844,37.7091],[-122.37844,37.70909],[-122.37844,37.70907],[-122.37844,37.70906],[-122.37843,37.70905],[-122.37843,37.70904],[-122.37843,37.70902],[-122.37842,37.70901],[-122.37842,37.709],[-122.37842,37.70899],[-122.37841,37.70897],[-122.37841,37.70896],[-122.3784,37.70895],[-122.3784,37.70894],[-122.37839,37.70893],[-122.37838,37.7089],[-122.37838,37.7089],[-122.37837,37.70889],[-122.37836,37.70888],[-122.37836,37.70887],[-122.37835,37.70886],[-122.37835,37.70885],[-122.37834,37.70884],[-122.37833,37.70883],[-122.37832,37.70883],[-122.37832,37.70882],[-122.37831,37.70881],[-122.3783,37.7088],[-122.37829,37.70879],[-122.37828,37.70878],[-122.37828,37.70878],[-122.37826,37.70876],[-122.37824,37.70875],[-122.37822,37.70874],[-122.37819,37.70873],[-122.37817,37.70872],[-122.37815,37.70872],[-122.37811,37.7087],[-122.3781,37.7087],[-122.3781,37.7087],[-122.37809,37.70869],[-122.37808,37.70869],[-122.37808,37.70869],[-122.37807,37.70868],[-122.37807,37.70868],[-122.37806,37.70868],[-122.37806,37.70867],[-122.37805,37.70867],[-122.37805,37.70867],[-122.37804,37.70866],[-122.37804,37.70866],[-122.37803,37.70865],[-122.37802,37.70865],[-122.37802,37.70865],[-122.37801,37.70864],[-122.37801,37.70864],[-122.378,37.70864],[-122.378,37.70863],[-122.37799,37.70863],[-122.37799,37.70863],[-122.37798,37.70863],[-122.37798,37.70862],[-122.37797,37.70862],[-122.37796,37.70862],[-122.37796,37.70862],[-122.37795,37.70861],[-122.37795,37.70861],[-122.37794,37.70861],[-122.37794,37.70861],[-122.37793,37.7086],[-122.37792,37.7086],[-122.37792,37.7086],[-122.37791,37.7086],[-122.37791,37.7086],[-122.3779,37.70859],[-122.37789,37.70859],[-122.37789,37.70859],[-122.37788,37.70859],[-122.37788,37.70859],[-122.37787,37.70859],[-122.37786,37.70858],[-122.37786,37.70858],[-122.37785,37.70858],[-122.37784,37.70858],[-122.37784,37.70858],[-122.37783,37.70858],[-122.37783,37.70858],[-122.37782,37.70858],[-122.37781,37.70858],[-122.37781,37.70858],[-122.3778,37.70858],[-122.37779,37.70858],[-122.37779,37.70858],[-122.37778,37.70858],[-122.37777,37.70858],[-122.37777,37.70858],[-122.37776,37.70858],[-122.37776,37.70858],[-122.37775,37.70858],[-122.37775,37.70858],[-122.37775,37.70858],[-122.37774,37.70858],[-122.37774,37.70858],[-122.37774,37.70858],[-122.37773,37.70858],[-122.37773,37.70858],[-122.37773,37.70858],[-122.37772,37.70858],[-122.37772,37.70858],[-122.37772,37.70859],[-122.37771,37.70859],[-122.37771,37.70859],[-122.37771,37.70859],[-122.37771,37.70859],[-122.3777,37.70859],[-122.3777,37.70859],[-122.3777,37.70859],[-122.37769,37.7086],[-122.37769,37.7086],[-122.37769,37.7086],[-122.37768,37.7086],[-122.37768,37.7086],[-122.37768,37.7086],[-122.37767,37.70861],[-122.37766,37.70861],[-122.37766,37.70862],[-122.37765,37.70862],[-122.37764,37.70863],[-122.37763,37.70863],[-122.37762,37.70863],[-122.37761,37.70864],[-122.3776,37.70864],[-122.37759,37.70865],[-122.37759,37.70865],[-122.37758,37.70865],[-122.37757,37.70866],[-122.37756,37.70866],[-122.37755,37.70866],[-122.37754,37.70867],[-122.37753,37.70867],[-122.37752,37.70867],[-122.37751,37.70868],[-122.3775,37.70868],[-122.37749,37.70868],[-122.37748,37.70868],[-122.37747,37.70869],[-122.37746,37.70869],[-122.37745,37.70869],[-122.37743,37.70869],[-122.37736,37.70871],[-122.37729,37.70873],[-122.37722,37.70876],[-122.37712,37.70879],[-122.3771,37.7088],[-122.37708,37.70881],[-122.37705,37.70883],[-122.37703,37.70884],[-122.37699,37.70886],[-122.37699,37.70886],[-122.37699,37.70886],[-122.37698,37.70887],[-122.37698,37.70887],[-122.37698,37.70887],[-122.37698,37.70887],[-122.37697,37.70887],[-122.37697,37.70887],[-122.37697,37.70887],[-122.37696,37.70887],[-122.37696,37.70887],[-122.37696,37.70887],[-122.37696,37.70888],[-122.37695,37.70888],[-122.37695,37.70888],[-122.37695,37.70888],[-122.37694,37.70888],[-122.37694,37.70888],[-122.37694,37.70888],[-122.37693,37.70888],[-122.3769,37.70889],[-122.3769,37.70889],[-122.37689,37.70889],[-122.37689,37.70889],[-122.37689,37.70889],[-122.37689,37.70889],[-122.37688,37.70889],[-122.37688,37.70889],[-122.37688,37.70889],[-122.37688,37.70889],[-122.37688,37.7089],[-122.37687,37.7089],[-122.37687,37.7089],[-122.37687,37.7089],[-122.37687,37.7089],[-122.37686,37.7089],[-122.37686,37.7089],[-122.37686,37.7089],[-122.37686,37.7089],[-122.37686,37.7089],[-122.37685,37.70891],[-122.37685,37.70891],[-122.37685,37.70891],[-122.37685,37.70891],[-122.37685,37.70891],[-122.37684,37.70891],[-122.37684,37.70891],[-122.37684,37.70891],[-122.37684,37.70892],[-122.37684,37.70892],[-122.37684,37.70892],[-122.37683,37.70892],[-122.37683,37.70892],[-122.37683,37.70892],[-122.37683,37.70892],[-122.37683,37.70893],[-122.37683,37.70893],[-122.37682,37.70893],[-122.37682,37.70893],[-122.37682,37.70893],[-122.37682,37.70893],[-122.37682,37.70894],[-122.37682,37.70894],[-122.37682,37.70894],[-122.3768,37.70895],[-122.37679,37.70896],[-122.37678,37.70897],[-122.37677,37.70898],[-122.37676,37.70899],[-122.37674,37.709],[-122.37673,37.70901],[-122.37672,37.70902],[-122.37672,37.70902],[-122.37672,37.70902],[-122.37672,37.70902],[-122.37672,37.70903],[-122.37672,37.70903],[-122.37672,37.70903],[-122.37672,37.70903],[-122.37672,37.70903],[-122.37672,37.70903],[-122.37671,37.70904],[-122.37671,37.70904],[-122.37671,37.70904],[-122.37671,37.70904],[-122.37671,37.70904],[-122.37671,37.70904],[-122.37671,37.70905],[-122.37671,37.70905],[-122.37671,37.70905],[-122.37671,37.70905],[-122.37671,37.70905],[-122.37671,37.70906],[-122.37671,37.70906],[-122.37671,37.70906],[-122.37671,37.70906],[-122.37671,37.70906],[-122.37671,37.70906],[-122.37671,37.70906],[-122.37671,37.70906],[-122.37671,37.70906],[-122.37671,37.70907],[-122.37671,37.70907],[-122.37671,37.70907],[-122.37671,37.70907],[-122.37671,37.70907],[-122.37671,37.70907],[-122.37671,37.70907],[-122.37671,37.70907],[-122.37671,37.70907],[-122.37671,37.70908],[-122.37671,37.70908],[-122.3767,37.70908],[-122.3767,37.70908],[-122.3767,37.70908],[-122.3767,37.70908],[-122.3767,37.70908],[-122.3767,37.70908],[-122.3767,37.70908],[-122.3767,37.70909],[-122.3767,37.70909],[-122.3767,37.70909],[-122.3767,37.70909],[-122.3767,37.70909],[-122.3767,37.70909],[-122.3767,37.70909],[-122.37669,37.70909],[-122.37669,37.70909],[-122.37669,37.70909],[-122.37669,37.70909],[-122.37669,37.7091],[-122.37669,37.7091],[-122.37669,37.7091],[-122.37669,37.7091],[-122.37669,37.7091],[-122.37669,37.7091],[-122.37668,37.7091],[-122.37668,37.7091],[-122.37668,37.7091],[-122.37668,37.7091],[-122.37668,37.7091],[-122.37668,37.7091],[-122.37668,37.70911],[-122.37668,37.70911],[-122.37668,37.70911],[-122.37667,37.70911],[-122.37667,37.70911],[-122.37667,37.70911],[-122.37667,37.70911],[-122.37667,37.70911],[-122.37667,37.70911],[-122.37667,37.70911],[-122.37667,37.70911],[-122.37666,37.70911],[-122.37666,37.70911],[-122.37666,37.70911],[-122.37666,37.70911],[-122.37666,37.70911],[-122.37666,37.70912],[-122.37666,37.70912],[-122.37666,37.70912],[-122.37666,37.70912],[-122.37666,37.70912],[-122.37666,37.70912],[-122.37666,37.70912],[-122.37665,37.70912],[-122.37665,37.70912],[-122.37665,37.70912],[-122.37665,37.70912],[-122.37665,37.70912],[-122.37665,37.70912],[-122.37665,37.70913],[-122.37665,37.70913],[-122.37665,37.70913],[-122.37665,37.70913],[-122.37665,37.70913],[-122.37665,37.70913],[-122.37665,37.70913],[-122.37665,37.70913],[-122.37665,37.70913],[-122.37665,37.70913],[-122.37665,37.70913],[-122.37665,37.70914],[-122.37665,37.70914],[-122.37665,37.70914],[-122.37664,37.70915],[-122.37664,37.70915],[-122.37664,37.70915],[-122.37664,37.70916],[-122.37664,37.70916],[-122.37664,37.70917],[-122.37664,37.70917],[-122.37663,37.70918],[-122.37663,37.70918],[-122.37663,37.70919],[-122.37663,37.70919],[-122.37663,37.70919],[-122.37662,37.7092],[-122.37662,37.7092],[-122.37662,37.70921],[-122.37662,37.70921],[-122.37661,37.70921],[-122.37661,37.70922],[-122.37661,37.70922],[-122.3766,37.70923],[-122.3766,37.70923],[-122.3766,37.70923],[-122.3766,37.70924],[-122.37659,37.70924],[-122.37659,37.70925],[-122.37659,37.70925],[-122.37658,37.70925],[-122.37658,37.70926],[-122.37657,37.70927],[-122.37656,37.70928],[-122.37656,37.70929],[-122.37655,37.7093],[-122.37654,37.70931],[-122.37653,37.70932],[-122.37653,37.70933],[-122.37652,37.70934],[-122.37651,37.70935],[-122.3765,37.70936],[-122.37647,37.70942],[-122.37643,37.70948],[-122.37639,37.70956],[-122.37639,37.70956],[-122.37639,37.70956],[-122.37639,37.70956],[-122.37639,37.70956],[-122.37639,37.70956],[-122.37639,37.70956],[-122.37639,37.70956],[-122.37639,37.70956],[-122.37639,37.70956],[-122.37639,37.70956],[-122.37639,37.70957],[-122.37639,37.70957],[-122.37639,37.70957],[-122.37639,37.70957],[-122.37639,37.70957],[-122.37639,37.70957],[-122.37639,37.70957],[-122.37639,37.70957],[-122.37639,37.70957],[-122.37639,37.70957],[-122.37639,37.70957],[-122.37639,37.70957],[-122.37639,37.70957],[-122.37639,37.70957],[-122.37639,37.70957],[-122.37639,37.70957],[-122.37639,37.70958],[-122.37639,37.70958],[-122.37639,37.70958],[-122.37639,37.70958],[-122.37639,37.70958],[-122.37639,37.70958],[-122.37639,37.70958],[-122.37639,37.70958],[-122.37639,37.70958],[-122.37639,37.70958],[-122.37639,37.70958],[-122.37639,37.70958],[-122.37639,37.70958],[-122.37639,37.70958],[-122.37639,37.70958],[-122.37639,37.70958],[-122.37639,37.70959],[-122.37639,37.70959],[-122.37639,37.70959],[-122.37639,37.70959],[-122.37639,37.70959],[-122.37639,37.70959],[-122.37639,37.70959],[-122.37639,37.70959],[-122.37639,37.70959],[-122.3764,37.70959],[-122.3764,37.70959],[-122.3764,37.70959],[-122.3764,37.70959],[-122.3764,37.70959],[-122.3764,37.70959],[-122.3764,37.70959],[-122.3764,37.7096],[-122.3764,37.7096],[-122.3764,37.7096],[-122.3764,37.7096],[-122.3764,37.7096],[-122.3764,37.7096],[-122.3764,37.7096],[-122.3764,37.7096],[-122.3764,37.7096],[-122.3764,37.7096],[-122.3764,37.7096],[-122.3764,37.7096],[-122.3764,37.7096],[-122.3764,37.70961],[-122.3764,37.70961],[-122.3764,37.70961],[-122.3764,37.70961],[-122.3764,37.70961],[-122.3764,37.70961],[-122.3764,37.70961],[-122.3764,37.70961],[-122.3764,37.70961],[-122.3764,37.70961],[-122.3764,37.70961],[-122.3764,37.70961],[-122.3764,37.70961],[-122.3764,37.70962],[-122.3764,37.70962],[-122.3764,37.70962],[-122.3764,37.70962],[-122.3764,37.70962],[-122.3764,37.70962],[-122.3764,37.70962],[-122.3764,37.70962],[-122.3764,37.70962],[-122.3764,37.70962],[-122.3764,37.70962],[-122.3764,37.70962],[-122.3764,37.70962],[-122.3764,37.70963],[-122.3764,37.70963],[-122.3764,37.70963],[-122.3764,37.70963],[-122.3764,37.70963],[-122.3764,37.70963],[-122.3764,37.70963],[-122.3764,37.70963],[-122.3764,37.70963],[-122.3764,37.70963],[-122.3764,37.70963],[-122.3764,37.70963],[-122.3764,37.70963],[-122.3764,37.70964],[-122.3764,37.70964],[-122.37639,37.70964],[-122.37639,37.70964],[-122.37639,37.70964],[-122.37639,37.70964],[-122.37639,37.70964],[-122.37639,37.70964],[-122.37639,37.70964],[-122.37639,37.70964],[-122.37639,37.70964],[-122.37639,37.70964],[-122.37639,37.70964],[-122.37639,37.70964],[-122.37639,37.70964],[-122.37639,37.70964],[-122.37639,37.70965],[-122.37639,37.70965],[-122.37638,37.70965],[-122.37638,37.70965],[-122.37638,37.70965],[-122.37638,37.70965],[-122.37638,37.70965],[-122.37638,37.70965],[-122.37638,37.70965],[-122.37638,37.70965],[-122.37638,37.70965],[-122.37638,37.70965],[-122.37638,37.70965],[-122.37638,37.70965],[-122.37638,37.70965],[-122.37637,37.70965],[-122.37637,37.70965],[-122.37637,37.70965],[-122.37637,37.70965],[-122.37637,37.70965],[-122.37637,37.70965],[-122.37637,37.70965],[-122.37637,37.70965],[-122.37637,37.70965],[-122.37637,37.70966],[-122.37637,37.70966],[-122.37636,37.70966],[-122.37636,37.70966],[-122.37636,37.70966],[-122.37636,37.70966],[-122.37636,37.70966],[-122.37636,37.70965],[-122.37634,37.70966],[-122.37632,37.70967],[-122.3763,37.70967],[-122.37628,37.70967],[-122.37626,37.70968],[-122.37624,37.70968],[-122.37622,37.70968],[-122.3762,37.70968],[-122.37618,37.70969],[-122.37616,37.70969],[-122.37614,37.70969],[-122.37612,37.70969],[-122.3761,37.70969],[-122.37608,37.70969],[-122.37606,37.70969],[-122.37604,37.70969],[-122.37602,37.70969],[-122.376,37.70969],[-122.37598,37.70969],[-122.37596,37.70969],[-122.37595,37.70969],[-122.37593,37.70969],[-122.37591,37.70968],[-122.3759,37.70968],[-122.37588,37.70968],[-122.37586,37.70968],[-122.37585,37.70967],[-122.37583,37.70967],[-122.37581,37.70967],[-122.3758,37.70966],[-122.37578,37.70966],[-122.37577,37.70966],[-122.37575,37.70965],[-122.37573,37.70965],[-122.37572,37.70964],[-122.3757,37.70964],[-122.37569,37.70963],[-122.37567,37.70963],[-122.37566,37.70962],[-122.37564,37.70961],[-122.37563,37.70961],[-122.37561,37.7096],[-122.37559,37.70959],[-122.37558,37.70959],[-122.37557,37.70958],[-122.37557,37.70958],[-122.37556,37.70958],[-122.37556,37.70957],[-122.37555,37.70957],[-122.37554,37.70956],[-122.37554,37.70956],[-122.37553,37.70956],[-122.37553,37.70955],[-122.37552,37.70955],[-122.37552,37.70954],[-122.37551,37.70954],[-122.37551,37.70953],[-122.3755,37.70953],[-122.3755,37.70952],[-122.37549,37.70952],[-122.37549,37.70951],[-122.37548,37.70951],[-122.37548,37.7095],[-122.37547,37.7095],[-122.37547,37.70949],[-122.37546,37.70949],[-122.37546,37.70948],[-122.37545,37.70948],[-122.37545,37.70947],[-122.37545,37.70947],[-122.37544,37.70946],[-122.37544,37.70946],[-122.37543,37.70945],[-122.37543,37.70945],[-122.37542,37.70944],[-122.37542,37.70944],[-122.37541,37.70944],[-122.37541,37.70943],[-122.3754,37.70943],[-122.3754,37.70942],[-122.37539,37.70942],[-122.37539,37.70942],[-122.37538,37.70941],[-122.37538,37.70941],[-122.37537,37.70941],[-122.37536,37.7094],[-122.37536,37.7094],[-122.37535,37.7094],[-122.37535,37.70939],[-122.37534,37.70939],[-122.37533,37.70939],[-122.37533,37.70938],[-122.37532,37.70938],[-122.37532,37.70938],[-122.37531,37.70937],[-122.3753,37.70937],[-122.3753,37.70937],[-122.37529,37.70937],[-122.37528,37.70936],[-122.37528,37.70936],[-122.37527,37.70936],[-122.37526,37.70936],[-122.37524,37.70935],[-122.37523,37.70934],[-122.37521,37.70933],[-122.3752,37.70933],[-122.37518,37.70932],[-122.37517,37.70931],[-122.37515,37.7093],[-122.37514,37.7093],[-122.37512,37.70929],[-122.37511,37.70928],[-122.37509,37.70927],[-122.37508,37.70926],[-122.37507,37.70925],[-122.37505,37.70924],[-122.37499,37.70921],[-122.37493,37.70919],[-122.37483,37.70914],[-122.37482,37.70914],[-122.37481,37.70914],[-122.3748,37.70913],[-122.37478,37.70913],[-122.37477,37.70913],[-122.37476,37.70912],[-122.37475,37.70912],[-122.37474,37.70911],[-122.37473,37.70911],[-122.37472,37.7091],[-122.37471,37.7091],[-122.37469,37.7091],[-122.37468,37.70909],[-122.37467,37.70908],[-122.37466,37.70908],[-122.37465,37.70907],[-122.37464,37.70907],[-122.37463,37.70906],[-122.37462,37.70906],[-122.37461,37.70905],[-122.3746,37.70904],[-122.37459,37.70904],[-122.37458,37.70903],[-122.37457,37.70902],[-122.37456,37.70902],[-122.37456,37.70901],[-122.37455,37.709],[-122.37454,37.709],[-122.37453,37.70899],[-122.37452,37.70898],[-122.37451,37.70897],[-122.3745,37.70897],[-122.3745,37.70896],[-122.37449,37.70895],[-122.37448,37.70894],[-122.37447,37.70894],[-122.37447,37.70893],[-122.37446,37.70892],[-122.37445,37.7089],[-122.37441,37.70884],[-122.37438,37.70877],[-122.37438,37.70877],[-122.37437,37.70876],[-122.37437,37.70876],[-122.37437,37.70876],[-122.37437,37.70876],[-122.37437,37.70875],[-122.37437,37.70875],[-122.37437,37.70875],[-122.37437,37.70875],[-122.37437,37.70874],[-122.37437,37.70874],[-122.37437,37.70874],[-122.37437,37.70874],[-122.37437,37.70873],[-122.37437,37.70873],[-122.37437,37.70873],[-122.37437,37.70873],[-122.37437,37.70872],[-122.37437,37.70872],[-122.37437,37.70872],[-122.37437,37.70872],[-122.37437,37.70871],[-122.37437,37.70871],[-122.37438,37.70871],[-122.37438,37.70871],[-122.37438,37.7087],[-122.37438,37.7087],[-122.37438,37.7087],[-122.37438,37.7087],[-122.37438,37.70869],[-122.37438,37.70869],[-122.37438,37.70869],[-122.37438,37.70869],[-122.37438,37.70868],[-122.37439,37.70868],[-122.37439,37.70868],[-122.37439,37.70868],[-122.37439,37.70867],[-122.37439,37.70867],[-122.37439,37.70867],[-122.37439,37.70867],[-122.3744,37.70866],[-122.3744,37.70866],[-122.3744,37.70866],[-122.3744,37.70866],[-122.3744,37.70866],[-122.3744,37.70865],[-122.37441,37.70865],[-122.37441,37.70865],[-122.37441,37.70865],[-122.37441,37.70865],[-122.37441,37.70864],[-122.37442,37.70864],[-122.37442,37.70864],[-122.37442,37.70864],[-122.37442,37.70864],[-122.37443,37.70863],[-122.37443,37.70863],[-122.37443,37.70863],[-122.37445,37.70862],[-122.37446,37.70861],[-122.37448,37.70859],[-122.3745,37.70858],[-122.37452,37.70857],[-122.37454,37.70856],[-122.37456,37.70854],[-122.37459,37.70854],[-122.37461,37.70853],[-122.37463,37.70852],[-122.37466,37.70852],[-122.37468,37.70851],[-122.37471,37.70851],[-122.37473,37.7085],[-122.37485,37.7085],[-122.37492,37.70849],[-122.37498,37.70848],[-122.37505,37.70847],[-122.37512,37.70847],[-122.37518,37.70846],[-122.37531,37.70846],[-122.37537,37.70845],[-122.37544,37.70844],[-122.3755,37.70843],[-122.37559,37.70841],[-122.3756,37.70841],[-122.37561,37.70841],[-122.37562,37.70841],[-122.37563,37.7084],[-122.37564,37.7084],[-122.37565,37.7084],[-122.37566,37.7084],[-122.37567,37.7084],[-122.37568,37.7084],[-122.37569,37.7084],[-122.37571,37.7084],[-122.37575,37.7084],[-122.37579,37.7084],[-122.37583,37.7084],[-122.37587,37.7084],[-122.37591,37.7084],[-122.37596,37.70839],[-122.37603,37.70839],[-122.37604,37.70838],[-122.37606,37.70838],[-122.37608,37.70838],[-122.3761,37.70838],[-122.37612,37.70838],[-122.37614,37.70839],[-122.37615,37.70839],[-122.37617,37.70839],[-122.37619,37.70839],[-122.37622,37.70839],[-122.37629,37.7084],[-122.37636,37.7084],[-122.37642,37.7084],[-122.37649,37.70841],[-122.37656,37.70841],[-122.37663,37.70841],[-122.37675,37.70841],[-122.37675,37.70841],[-122.37676,37.70841],[-122.37676,37.7084],[-122.37677,37.7084],[-122.37677,37.7084],[-122.37678,37.7084],[-122.37678,37.7084],[-122.37679,37.7084],[-122.37679,37.7084],[-122.3768,37.7084],[-122.3768,37.7084],[-122.37681,37.7084],[-122.37682,37.7084],[-122.37682,37.7084],[-122.37683,37.7084],[-122.37683,37.7084],[-122.37684,37.7084],[-122.37684,37.7084],[-122.37685,37.7084],[-122.37685,37.7084],[-122.37686,37.7084],[-122.37686,37.7084],[-122.37687,37.7084],[-122.37687,37.7084],[-122.37688,37.7084],[-122.37689,37.7084],[-122.3769,37.70841],[-122.37691,37.70841],[-122.37693,37.70841],[-122.37694,37.70841],[-122.37695,37.70841],[-122.37697,37.70841],[-122.37698,37.70841],[-122.37699,37.70842],[-122.377,37.70842],[-122.37702,37.70842],[-122.37703,37.70842],[-122.37704,37.70842],[-122.37706,37.70842],[-122.37707,37.70842],[-122.37708,37.70842],[-122.37709,37.70842],[-122.37711,37.70842],[-122.37714,37.70842],[-122.37717,37.70842],[-122.3772,37.70842],[-122.37723,37.70842],[-122.37726,37.70842],[-122.37729,37.70842],[-122.37732,37.70842],[-122.37735,37.70842],[-122.37738,37.70842],[-122.37742,37.70842],[-122.37762,37.70842],[-122.37764,37.70842],[-122.37766,37.70842],[-122.37768,37.70842],[-122.3777,37.70842],[-122.37772,37.70843],[-122.37774,37.70843],[-122.37777,37.70843],[-122.378,37.70844],[-122.37831,37.70844],[-122.37832,37.70844],[-122.37833,37.70844],[-122.37835,37.70844],[-122.37836,37.70843],[-122.37838,37.70843],[-122.37839,37.70843],[-122.37841,37.70843],[-122.37842,37.70843],[-122.37843,37.70843],[-122.37845,37.70843],[-122.37846,37.70843],[-122.37848,37.70843],[-122.37849,37.70843],[-122.37851,37.70843],[-122.37852,37.70843],[-122.37854,37.70843],[-122.37855,37.70843],[-122.37856,37.70844],[-122.37858,37.70844],[-122.37859,37.70844],[-122.37861,37.70844],[-122.37862,37.70844],[-122.37863,37.70845],[-122.37865,37.70845],[-122.37866,37.70845],[-122.37868,37.70846],[-122.37869,37.70846],[-122.3787,37.70846],[-122.37871,37.70846],[-122.37872,37.70846],[-122.37873,37.70846],[-122.37874,37.70846],[-122.37875,37.70846],[-122.37876,37.70847],[-122.37877,37.70847],[-122.37878,37.70847],[-122.37879,37.70847],[-122.3788,37.70847],[-122.37881,37.70847],[-122.37882,37.70847],[-122.37883,37.70847],[-122.37884,37.70847],[-122.37885,37.70847],[-122.37886,37.70847],[-122.37887,37.70847],[-122.37888,37.70846],[-122.37889,37.70846],[-122.3789,37.70846],[-122.3789,37.70846],[-122.37891,37.70846],[-122.37892,37.70846],[-122.37893,37.70846],[-122.37895,37.70845],[-122.37898,37.70845],[-122.379,37.70844],[-122.37903,37.70844],[-122.37905,37.70844],[-122.37908,37.70843],[-122.37911,37.70843],[-122.37913,37.70843],[-122.37916,37.70842],[-122.3792,37.70842],[-122.37927,37.70842],[-122.37935,37.70842],[-122.37936,37.70842],[-122.37936,37.70842],[-122.37937,37.70842],[-122.37937,37.70842],[-122.37938,37.70842],[-122.37938,37.70842],[-122.37939,37.70842],[-122.37939,37.70842],[-122.3794,37.70842],[-122.3794,37.70842],[-122.37941,37.70842],[-122.37941,37.70842],[-122.37942,37.70842],[-122.37943,37.70842],[-122.37943,37.70842],[-122.37944,37.70843],[-122.37944,37.70843],[-122.37945,37.70843],[-122.37945,37.70843],[-122.37946,37.70843],[-122.37946,37.70843],[-122.37946,37.70843],[-122.37947,37.70844],[-122.37947,37.70844],[-122.37948,37.70844],[-122.37948,37.70844],[-122.37949,37.70844],[-122.37949,37.70844],[-122.3795,37.70845],[-122.3795,37.70845],[-122.37951,37.70845],[-122.37951,37.70845],[-122.37952,37.70845],[-122.37952,37.70846],[-122.37952,37.70846],[-122.37953,37.70846],[-122.37953,37.70846],[-122.37954,37.70847],[-122.37954,37.70847],[-122.37955,37.70847],[-122.37955,37.70847],[-122.37955,37.70848],[-122.37956,37.70848],[-122.37956,37.70848],[-122.37957,37.70848],[-122.37957,37.70848],[-122.37957,37.70849],[-122.37957,37.70849],[-122.37958,37.70849],[-122.37958,37.70849],[-122.37958,37.70849],[-122.37959,37.70849],[-122.37959,37.70849],[-122.37959,37.70849],[-122.3796,37.7085],[-122.3796,37.7085],[-122.3796,37.7085],[-122.37961,37.7085],[-122.37961,37.7085],[-122.37961,37.7085],[-122.37962,37.7085],[-122.37962,37.7085],[-122.37963,37.7085],[-122.37964,37.70851],[-122.37965,37.70851],[-122.37967,37.70851],[-122.37968,37.70851],[-122.37969,37.70852],[-122.3797,37.70852],[-122.37972,37.70852],[-122.37973,37.70853],[-122.37979,37.70852],[-122.37976,37.70854],[-122.37977,37.70854],[-122.37979,37.70855],[-122.3798,37.70855],[-122.37981,37.70855],[-122.37982,37.70856],[-122.37983,37.70856],[-122.37984,37.70857],[-122.37986,37.70857],[-122.37988,37.70859],[-122.37988,37.70859],[-122.37988,37.70859],[-122.37989,37.70859],[-122.37989,37.70859],[-122.37989,37.70859],[-122.37989,37.70859],[-122.3799,37.70859],[-122.3799,37.70859],[-122.3799,37.7086],[-122.37991,37.7086],[-122.37991,37.7086],[-122.37991,37.7086],[-122.37991,37.7086],[-122.37992,37.7086],[-122.37992,37.7086],[-122.37992,37.7086],[-122.37993,37.7086],[-122.37993,37.7086],[-122.37994,37.7086],[-122.37994,37.70861],[-122.37995,37.70861],[-122.37996,37.70861],[-122.37997,37.70861],[-122.37997,37.70861],[-122.37998,37.70861],[-122.37999,37.70862],[-122.37999,37.70862],[-122.38,37.70862],[-122.38001,37.70862],[-122.38001,37.70863],[-122.38002,37.70863],[-122.38003,37.70863],[-122.38003,37.70863],[-122.38004,37.70864],[-122.38004,37.70864],[-122.38005,37.70864],[-122.38006,37.70864],[-122.38006,37.70865],[-122.38007,37.70865],[-122.38007,37.70865],[-122.38008,37.70866],[-122.38009,37.70866],[-122.38009,37.70866],[-122.3801,37.70867],[-122.38011,37.70868],[-122.38013,37.70868],[-122.38014,37.70869],[-122.38016,37.7087],[-122.38017,37.7087],[-122.38019,37.70871],[-122.3802,37.70872],[-122.38022,37.70872],[-122.38023,37.70873],[-122.38025,37.70874],[-122.38027,37.70874],[-122.38028,37.70875],[-122.3803,37.70875],[-122.38032,37.70876],[-122.38033,37.70876],[-122.38035,37.70877],[-122.38037,37.70877],[-122.38038,37.70877],[-122.3804,37.70878],[-122.38042,37.70878],[-122.38043,37.70878],[-122.38045,37.70879],[-122.38047,37.70879],[-122.38048,37.70879],[-122.3805,37.7088],[-122.38052,37.7088],[-122.38054,37.7088],[-122.38055,37.7088],[-122.38057,37.7088],[-122.38059,37.7088],[-122.38061,37.7088],[-122.38062,37.70881],[-122.38064,37.70881],[-122.38066,37.70881],[-122.38068,37.70881],[-122.3807,37.70881],[-122.38075,37.70881],[-122.38079,37.70881],[-122.38084,37.70881],[-122.38088,37.70882],[-122.38093,37.70882],[-122.38097,37.70883],[-122.38102,37.70883],[-122.38107,37.70884],[-122.38111,37.70885],[-122.38119,37.70886],[-122.3812,37.70886],[-122.38121,37.70886],[-122.38122,37.70886],[-122.38123,37.70887],[-122.38124,37.70887],[-122.38125,37.70887],[-122.38126,37.70887],[-122.38127,37.70887],[-122.38128,37.70887],[-122.38129,37.70887],[-122.3813,37.70887],[-122.38131,37.70887],[-122.38132,37.70887],[-122.38134,37.70887],[-122.3814,37.70887],[-122.38151,37.70889],[-122.38159,37.70886],[-122.38176,37.70886],[-122.38177,37.70886],[-122.38178,37.70886],[-122.38178,37.70886],[-122.38179,37.70887],[-122.3818,37.70887],[-122.3818,37.70887],[-122.38181,37.70887],[-122.38182,37.70887],[-122.38182,37.70887],[-122.38183,37.70887],[-122.38184,37.70887],[-122.38184,37.70888],[-122.38185,37.70888],[-122.38186,37.70888],[-122.38186,37.70888],[-122.38186,37.70888],[-122.38187,37.70888],[-122.38187,37.70888],[-122.38188,37.70888],[-122.38188,37.70889],[-122.38188,37.70889],[-122.38189,37.70889],[-122.38189,37.70889],[-122.38189,37.70889],[-122.3819,37.70889],[-122.3819,37.7089],[-122.38191,37.7089],[-122.38191,37.7089],[-122.38191,37.7089],[-122.38192,37.7089],[-122.38192,37.7089],[-122.38192,37.70891],[-122.38193,37.70891],[-122.38193,37.70891],[-122.38193,37.70891],[-122.38194,37.70892],[-122.38194,37.70892],[-122.38194,37.70892],[-122.38195,37.70892],[-122.38195,37.70892],[-122.38195,37.70893],[-122.38195,37.70893],[-122.38196,37.70893],[-122.38196,37.70894],[-122.38197,37.70894],[-122.38197,37.70895],[-122.38198,37.70895],[-122.38199,37.70896],[-122.38199,37.70896],[-122.382,37.70897],[-122.38201,37.70897],[-122.38201,37.70898],[-122.38202,37.70898],[-122.38202,37.70898],[-122.38203,37.70899],[-122.38204,37.70899],[-122.38205,37.709],[-122.38205,37.709],[-122.38206,37.709],[-122.38207,37.70901],[-122.38207,37.70901],[-122.38208,37.70902],[-122.38209,37.70902],[-122.3821,37.70902],[-122.3821,37.70903],[-122.38211,37.70903],[-122.38212,37.70903],[-122.38213,37.70904],[-122.38214,37.70904],[-122.38214,37.70904],[-122.38215,37.70904],[-122.38216,37.70905],[-122.38217,37.70905],[-122.38218,37.70905],[-122.38218,37.70905],[-122.38219,37.70905],[-122.3822,37.70906],[-122.38221,37.70906],[-122.38222,37.70906],[-122.38223,37.70906],[-122.38224,37.70906],[-122.38224,37.70906],[-122.38225,37.70907],[-122.38226,37.70907],[-122.38227,37.70907],[-122.38228,37.70907],[-122.38229,37.70907],[-122.3823,37.70907],[-122.3823,37.70907],[-122.38231,37.70907],[-122.38232,37.70907],[-122.38233,37.70907],[-122.38234,37.70907],[-122.38235,37.70907],[-122.38237,37.70907],[-122.38238,37.70907],[-122.38239,37.70907],[-122.3824,37.70907],[-122.38241,37.70907],[-122.38242,37.70907],[-122.38244,37.70907],[-122.38245,37.70907],[-122.38246,37.70907],[-122.38247,37.70907],[-122.38248,37.70907],[-122.38249,37.70907],[-122.38251,37.70907],[-122.38252,37.70907],[-122.38253,37.70907],[-122.38254,37.70908],[-122.38255,37.70908],[-122.38256,37.70908],[-122.38257,37.70908],[-122.38259,37.70908],[-122.3826,37.70909],[-122.38261,37.70909],[-122.38262,37.70909],[-122.38263,37.70909],[-122.38264,37.7091],[-122.38265,37.7091],[-122.38266,37.7091],[-122.38268,37.70911],[-122.3827,37.70911],[-122.38272,37.70912],[-122.38275,37.70912],[-122.38277,37.70913],[-122.38279,37.70913],[-122.38282,37.70913],[-122.38284,37.70914],[-122.38287,37.70914],[-122.38289,37.70914],[-122.38291,37.70915],[-122.38294,37.70915],[-122.38296,37.70915],[-122.38299,37.70915],[-122.38301,37.70915],[-122.38303,37.70915],[-122.38305,37.70915],[-122.38307,37.70915],[-122.38309,37.70915],[-122.38312,37.70915],[-122.38314,37.70916],[-122.38316,37.70916],[-122.38318,37.70916],[-122.3832,37.70916],[-122.38322,37.70917],[-122.38324,37.70917],[-122.38327,37.70917],[-122.3833,37.70918],[-122.38332,37.70918],[-122.38334,37.70918],[-122.38335,37.70919],[-122.38337,37.70919],[-122.38339,37.70919],[-122.38341,37.70919],[-122.38343,37.70919],[-122.38344,37.70919],[-122.38346,37.70919],[-122.38348,37.70919],[-122.3835,37.70919],[-122.38352,37.70919],[-122.38353,37.70919],[-122.38355,37.70919],[-122.38357,37.70919],[-122.3836,37.70919],[-122.38361,37.70919],[-122.38363,37.70919],[-122.38364,37.70919],[-122.38365,37.70919],[-122.38366,37.70919],[-122.38367,37.70919],[-122.38368,37.70919],[-122.3837,37.70919],[-122.38371,37.70919],[-122.38372,37.70919],[-122.38373,37.70919],[-122.38374,37.70919],[-122.38375,37.7092],[-122.38376,37.7092],[-122.38377,37.7092],[-122.38379,37.7092],[-122.3838,37.7092],[-122.38381,37.7092],[-122.38382,37.70921],[-122.38383,37.70921],[-122.38384,37.70921],[-122.38385,37.70921],[-122.38386,37.70922],[-122.38387,37.70922],[-122.38389,37.70922],[-122.38392,37.70923],[-122.38395,37.70924],[-122.38398,37.70924],[-122.38401,37.70925],[-122.38404,37.70926],[-122.38407,37.70926],[-122.38411,37.70927],[-122.38414,37.70927],[-122.38417,37.70928],[-122.3842,37.70928],[-122.38423,37.70928],[-122.38427,37.70928],[-122.3843,37.70929],[-122.38433,37.70929],[-122.38436,37.70929],[-122.38439,37.70929],[-122.38445,37.70929],[-122.38445,37.70929],[-122.38446,37.70929],[-122.38447,37.70929],[-122.38447,37.70929],[-122.38448,37.70929],[-122.38449,37.70929],[-122.3845,37.70929],[-122.3845,37.70929],[-122.38451,37.70929],[-122.38452,37.7093],[-122.38452,37.7093],[-122.38452,37.7093],[-122.38452,37.7093],[-122.38452,37.7093],[-122.38452,37.7093],[-122.38453,37.7093],[-122.38453,37.7093],[-122.38453,37.7093],[-122.38453,37.7093],[-122.38453,37.7093],[-122.38454,37.7093],[-122.38454,37.7093],[-122.38454,37.7093],[-122.38454,37.7093],[-122.38454,37.7093],[-122.38454,37.7093],[-122.38455,37.7093],[-122.38455,37.7093],[-122.38455,37.70931],[-122.3846,37.70933],[-122.38465,37.70935],[-122.3847,37.70937],[-122.38475,37.70939],[-122.38481,37.70941],[-122.38486,37.70943],[-122.38491,37.70945],[-122.38497,37.70946],[-122.38502,37.70948],[-122.38503,37.70948],[-122.38503,37.70948],[-122.38504,37.70949],[-122.38504,37.70949],[-122.38505,37.70949],[-122.38506,37.70949],[-122.38506,37.70949],[-122.38507,37.7095],[-122.38507,37.7095],[-122.38508,37.7095],[-122.38508,37.7095],[-122.38509,37.70951],[-122.38509,37.70951],[-122.3851,37.70951],[-122.3851,37.70952],[-122.38511,37.70952],[-122.38511,37.70952],[-122.38512,37.70952],[-122.38512,37.70953],[-122.38513,37.70953],[-122.38514,37.70954],[-122.38516,37.70955],[-122.38519,37.70957],[-122.38521,37.70958],[-122.38524,37.70959],[-122.38527,37.70961],[-122.38529,37.70962],[-122.38532,37.70963],[-122.38535,37.70964],[-122.38538,37.70965],[-122.38543,37.70967],[-122.38547,37.7097],[-122.38552,37.70972],[-122.38557,37.70975],[-122.38561,37.70978],[-122.38566,37.7098],[-122.38572,37.70985],[-122.38574,37.70986],[-122.38576,37.70988],[-122.38578,37.7099],[-122.38581,37.70991],[-122.38583,37.70993],[-122.38585,37.70994],[-122.3859,37.70997],[-122.3859,37.70998],[-122.38591,37.70998],[-122.38591,37.70998],[-122.38591,37.70998],[-122.38592,37.70998],[-122.38592,37.70998],[-122.38592,37.70998],[-122.38593,37.70999],[-122.38593,37.70999],[-122.38594,37.70999],[-122.38594,37.70999],[-122.38594,37.70999],[-122.38595,37.70999],[-122.38595,37.70999],[-122.38596,37.70999],[-122.38596,37.70999],[-122.38596,37.70999],[-122.38597,37.71],[-122.38597,37.71],[-122.38598,37.71],[-122.38598,37.71],[-122.38598,37.71],[-122.38599,37.71],[-122.38599,37.71],[-122.386,37.71],[-122.386,37.71],[-122.38601,37.71],[-122.38601,37.71],[-122.38601,37.71],[-122.38602,37.71],[-122.38602,37.71],[-122.38604,37.71],[-122.38606,37.71],[-122.38609,37.71],[-122.38611,37.70999],[-122.38613,37.70999],[-122.38615,37.70999],[-122.38617,37.70999],[-122.38619,37.70999],[-122.38621,37.70998],[-122.38623,37.70998],[-122.38625,37.70998],[-122.38627,37.70997],[-122.38629,37.70997],[-122.38631,37.70996],[-122.38633,37.70996],[-122.38635,37.70995],[-122.38637,37.70995],[-122.38639,37.70994],[-122.38641,37.70994],[-122.38643,37.70993],[-122.38645,37.70992],[-122.38647,37.70992],[-122.38649,37.70991],[-122.38651,37.7099],[-122.38653,37.7099],[-122.38655,37.70989],[-122.38657,37.70988],[-122.38658,37.70987],[-122.3866,37.70986],[-122.38662,37.70985],[-122.38664,37.70985],[-122.38665,37.70984],[-122.38666,37.70984],[-122.38667,37.70983],[-122.38668,37.70983],[-122.38669,37.70982],[-122.38671,37.70982],[-122.38672,37.70981],[-122.38673,37.70981],[-122.38674,37.7098],[-122.38675,37.7098],[-122.38676,37.70979],[-122.38677,37.70979],[-122.38678,37.70978],[-122.38679,37.70977],[-122.38681,37.70976],[-122.38681,37.70976],[-122.38681,37.70976],[-122.38681,37.70976],[-122.38681,37.70976],[-122.38681,37.70976],[-122.38681,37.70976],[-122.38681,37.70976],[-122.38681,37.70976],[-122.38681,37.70976],[-122.38682,37.70976],[-122.38682,37.70976],[-122.38682,37.70976],[-122.38682,37.70975],[-122.38682,37.70975],[-122.38682,37.70975],[-122.38682,37.70975],[-122.38682,37.70975],[-122.38682,37.70975],[-122.38682,37.70975],[-122.38682,37.70975],[-122.38682,37.70975],[-122.38682,37.70975],[-122.38682,37.70975],[-122.38682,37.70975],[-122.38682,37.70975],[-122.38682,37.70975],[-122.38682,37.70975],[-122.38682,37.70975],[-122.38682,37.70974],[-122.38683,37.70974],[-122.38683,37.70974],[-122.38683,37.70974],[-122.38683,37.70974],[-122.38683,37.70974],[-122.38683,37.70974],[-122.38683,37.70974],[-122.38683,37.70974],[-122.38683,37.70974],[-122.38683,37.70974],[-122.38683,37.70974],[-122.38683,37.70974],[-122.38683,37.70973],[-122.38683,37.70973],[-122.38683,37.70973],[-122.38683,37.70973],[-122.38683,37.70973],[-122.38683,37.70973],[-122.38683,37.70973],[-122.38683,37.70973],[-122.38683,37.70973],[-122.38683,37.70973],[-122.38683,37.70973],[-122.38683,37.70973],[-122.38683,37.70973],[-122.38683,37.70973],[-122.38683,37.70972],[-122.38683,37.70972],[-122.38683,37.70972],[-122.38683,37.70972],[-122.38683,37.70972],[-122.38683,37.70972],[-122.38683,37.70972],[-122.38683,37.70972],[-122.38683,37.70972],[-122.38683,37.70972],[-122.38683,37.70972],[-122.38683,37.70972],[-122.38683,37.70972],[-122.38683,37.70971],[-122.38683,37.70971],[-122.38683,37.70971],[-122.38683,37.70971],[-122.38682,37.70971],[-122.38682,37.70971],[-122.38682,37.70971],[-122.38682,37.70971],[-122.38682,37.70971],[-122.38682,37.70971],[-122.38682,37.70971],[-122.38682,37.70971],[-122.38682,37.70971],[-122.38682,37.70971],[-122.38682,37.7097],[-122.38682,37.7097],[-122.38682,37.7097],[-122.38682,37.7097],[-122.38682,37.7097],[-122.38682,37.7097],[-122.38682,37.7097],[-122.38682,37.7097],[-122.38682,37.7097],[-122.38682,37.7097],[-122.38682,37.7097],[-122.38682,37.7097],[-122.38682,37.7097],[-122.38682,37.7097],[-122.38682,37.70969],[-122.38682,37.70969],[-122.38682,37.70969],[-122.38682,37.70969],[-122.38682,37.70969],[-122.38682,37.70969],[-122.38682,37.70969],[-122.38682,37.70969],[-122.38682,37.70969],[-122.38682,37.70969],[-122.38682,37.70969],[-122.38682,37.70969],[-122.38682,37.70969],[-122.38682,37.70968],[-122.38682,37.70968],[-122.38682,37.70968],[-122.38682,37.70968],[-122.38682,37.70968],[-122.38682,37.70968],[-122.38682,37.70968],[-122.38682,37.70968],[-122.38682,37.70968],[-122.38682,37.70968],[-122.38682,37.70968],[-122.38682,37.70968],[-122.38682,37.70968],[-122.38682,37.70968],[-122.38682,37.70967],[-122.38682,37.70967],[-122.38682,37.70967],[-122.38682,37.70967],[-122.38682,37.70967],[-122.38682,37.70967],[-122.38682,37.70967],[-122.38682,37.70967],[-122.38682,37.70967],[-122.38682,37.70967],[-122.38682,37.70967],[-122.38682,37.70967],[-122.38683,37.70967],[-122.38683,37.70967],[-122.38683,37.70967],[-122.38683,37.70966],[-122.38683,37.70966],[-122.38683,37.70966],[-122.38683,37.70966],[-122.38683,37.70966],[-122.38683,37.70966],[-122.38683,37.70966],[-122.38683,37.70966],[-122.38683,37.70966],[-122.38683,37.70966],[-122.38683,37.70966],[-122.38683,37.70966],[-122.38683,37.70966],[-122.38683,37.70966],[-122.38684,37.70966],[-122.38684,37.70966],[-122.38684,37.70966],[-122.38684,37.70966],[-122.38684,37.70966],[-122.38684,37.70965],[-122.38684,37.70965],[-122.38684,37.70965],[-122.38684,37.70965],[-122.38684,37.70965],[-122.38684,37.70965],[-122.38684,37.70965],[-122.38684,37.70965],[-122.38685,37.70965],[-122.38685,37.70965],[-122.38685,37.70965],[-122.38685,37.70965],[-122.38685,37.70965],[-122.38685,37.70965],[-122.38685,37.70965],[-122.38685,37.70965],[-122.38685,37.70965],[-122.38685,37.70965],[-122.38685,37.70965],[-122.38687,37.70965],[-122.38688,37.70964],[-122.3869,37.70964],[-122.38691,37.70963],[-122.38692,37.70963],[-122.38694,37.70963],[-122.38695,37.70962],[-122.38696,37.70962],[-122.38698,37.70961],[-122.38699,37.70961],[-122.387,37.7096],[-122.38701,37.7096],[-122.38703,37.70959],[-122.38704,37.70959],[-122.38705,37.70958],[-122.38706,37.70957],[-122.38708,37.70957],[-122.38709,37.70956],[-122.3871,37.70955],[-122.38711,37.70955],[-122.38712,37.70954],[-122.38713,37.70953],[-122.38714,37.70953],[-122.38716,37.70952],[-122.38717,37.70951],[-122.38719,37.7095],[-122.38721,37.70948],[-122.38723,37.70947],[-122.38725,37.70946],[-122.38727,37.70945],[-122.38729,37.70943],[-122.38731,37.70942],[-122.38733,37.70941],[-122.38734,37.70939],[-122.38736,37.70938],[-122.38738,37.70937],[-122.3874,37.70935],[-122.38741,37.70934],[-122.38743,37.70932],[-122.38745,37.70931],[-122.38746,37.70929],[-122.38748,37.70928],[-122.38751,37.70925],[-122.38751,37.70924],[-122.38752,37.70924],[-122.38752,37.70923],[-122.38753,37.70923],[-122.38754,37.70922],[-122.38754,37.70922],[-122.38755,37.70921],[-122.38756,37.7092],[-122.38756,37.7092],[-122.38757,37.70919],[-122.38757,37.70919],[-122.38758,37.70918],[-122.38758,37.70917],[-122.38759,37.70917],[-122.38759,37.70916],[-122.3876,37.70916],[-122.3876,37.70915],[-122.38761,37.70914],[-122.38761,37.70914],[-122.38761,37.70913],[-122.38762,37.70912],[-122.38763,37.70911],[-122.38763,37.70911],[-122.38763,37.7091],[-122.38764,37.7091],[-122.38764,37.70909],[-122.38764,37.70909],[-122.38765,37.70909],[-122.38765,37.70908],[-122.38765,37.70908],[-122.38766,37.70908],[-122.38766,37.70907],[-122.38767,37.70907],[-122.38767,37.70907],[-122.38768,37.70906],[-122.38768,37.70906],[-122.38768,37.70906],[-122.38769,37.70906],[-122.38769,37.70905],[-122.3877,37.70905],[-122.3877,37.70905],[-122.38771,37.70904],[-122.38771,37.70904],[-122.38772,37.70904],[-122.38772,37.70904],[-122.38773,37.70903],[-122.38773,37.70903],[-122.38774,37.70903],[-122.38774,37.70902],[-122.38775,37.70902],[-122.38775,37.70902],[-122.38776,37.70901],[-122.38776,37.70901],[-122.38776,37.70901],[-122.38777,37.709],[-122.38777,37.709],[-122.38778,37.709],[-122.38778,37.70899],[-122.38778,37.70899],[-122.38779,37.70899],[-122.38779,37.70898],[-122.38779,37.70898],[-122.3878,37.70898],[-122.3878,37.70897],[-122.3878,37.70897],[-122.38781,37.70896],[-122.38781,37.70896],[-122.38781,37.70896],[-122.38782,37.70895],[-122.38782,37.70895],[-122.38782,37.70894],[-122.38783,37.70894],[-122.38783,37.70893],[-122.38783,37.70893],[-122.38783,37.70893],[-122.38784,37.70892],[-122.38784,37.70891],[-122.38784,37.70891],[-122.38785,37.70891],[-122.38785,37.7089],[-122.38785,37.7089],[-122.38785,37.70889],[-122.38786,37.70889],[-122.38786,37.70889],[-122.38786,37.70888],[-122.38787,37.70888],[-122.38787,37.70887],[-122.38787,37.70887],[-122.38787,37.70886],[-122.38787,37.70886],[-122.38788,37.70885],[-122.38788,37.70885],[-122.38788,37.70885],[-122.38788,37.70884],[-122.38788,37.70884],[-122.38788,37.70884],[-122.38788,37.70884],[-122.38788,37.70884],[-122.38788,37.70884],[-122.38789,37.70883],[-122.38789,37.70883],[-122.38789,37.70883],[-122.38789,37.70883],[-122.38789,37.70883],[-122.38789,37.70883],[-122.38789,37.70883],[-122.38789,37.70883],[-122.38789,37.70882],[-122.38789,37.70882],[-122.3879,37.70882],[-122.3879,37.70882],[-122.3879,37.70882],[-122.3879,37.70882],[-122.3879,37.70882],[-122.3879,37.70881],[-122.3879,37.70881],[-122.3879,37.70881],[-122.38791,37.70881],[-122.38791,37.70881],[-122.38791,37.70881],[-122.38791,37.70881],[-122.38791,37.70881],[-122.38791,37.70881],[-122.38791,37.7088],[-122.38792,37.7088],[-122.38792,37.7088],[-122.38792,37.7088],[-122.38792,37.7088],[-122.38792,37.7088],[-122.38792,37.7088],[-122.38793,37.7088],[-122.38793,37.7088],[-122.38793,37.7088],[-122.38793,37.7088],[-122.38793,37.70879],[-122.38793,37.70879],[-122.38794,37.70879],[-122.38794,37.70879],[-122.38794,37.70879],[-122.38794,37.70879],[-122.38794,37.70879],[-122.38795,37.70879],[-122.38795,37.70879],[-122.38795,37.70879],[-122.38795,37.70879],[-122.38795,37.70879],[-122.38796,37.70878],[-122.38796,37.70878],[-122.38796,37.70878],[-122.38796,37.70878],[-122.38796,37.70878],[-122.38797,37.70878],[-122.38797,37.70878],[-122.38797,37.70878],[-122.38797,37.70877],[-122.38797,37.70877],[-122.38797,37.70877],[-122.38798,37.70877],[-122.38798,37.70877],[-122.38798,37.70877],[-122.38798,37.70877],[-122.38798,37.70877],[-122.38798,37.70876],[-122.38799,37.70876],[-122.38799,37.70876],[-122.38799,37.70876],[-122.38799,37.70876],[-122.38799,37.70876],[-122.38799,37.70875],[-122.38799,37.70875],[-122.38799,37.70875],[-122.388,37.70875],[-122.388,37.70875],[-122.388,37.70875],[-122.388,37.70874],[-122.388,37.70874],[-122.388,37.70874],[-122.388,37.70874],[-122.388,37.70874],[-122.388,37.70874],[-122.38801,37.70873],[-122.38801,37.70873],[-122.38801,37.70873],[-122.38801,37.70873],[-122.38801,37.70873],[-122.38801,37.70872],[-122.38801,37.70872],[-122.38801,37.70872],[-122.38805,37.70871],[-122.38801,37.70872],[-122.38801,37.70872],[-122.38801,37.70872],[-122.38801,37.70871],[-122.38801,37.70871],[-122.38801,37.70871],[-122.38801,37.70871],[-122.38801,37.70871],[-122.38801,37.70871],[-122.38802,37.70871],[-122.38802,37.70871],[-122.38802,37.70871],[-122.38802,37.70871],[-122.38802,37.7087],[-122.38802,37.7087],[-122.38802,37.7087],[-122.38802,37.7087],[-122.38802,37.7087],[-122.38802,37.7087],[-122.38802,37.7087],[-122.38802,37.7087],[-122.38802,37.7087],[-122.38802,37.7087],[-122.38802,37.7087],[-122.38803,37.70869],[-122.38803,37.70869],[-122.38803,37.70869],[-122.38803,37.70869],[-122.38803,37.70869],[-122.38803,37.70869],[-122.38803,37.70869],[-122.38803,37.70869],[-122.38803,37.70869],[-122.38803,37.70869],[-122.38803,37.70869],[-122.38803,37.70869],[-122.38804,37.70869],[-122.38804,37.70868],[-122.38804,37.70868],[-122.38804,37.70868],[-122.38804,37.70868],[-122.38804,37.70868],[-122.38804,37.70868],[-122.38804,37.70868],[-122.38804,37.70868],[-122.38805,37.70868],[-122.38805,37.70868],[-122.38805,37.70868],[-122.38805,37.70868],[-122.38805,37.70868],[-122.38805,37.70868],[-122.38805,37.70868],[-122.38805,37.70868],[-122.38805,37.70868],[-122.38806,37.70868],[-122.38806,37.70868],[-122.38806,37.70867],[-122.38806,37.70867],[-122.38806,37.70867],[-122.38806,37.70867],[-122.38806,37.70867],[-122.38806,37.70867],[-122.38807,37.70867],[-122.38807,37.70867],[-122.38807,37.70867],[-122.38807,37.70867],[-122.38807,37.70867],[-122.38807,37.70867],[-122.38807,37.70867],[-122.38807,37.70867],[-122.38808,37.70867],[-122.38808,37.70867],[-122.38808,37.70867],[-122.38808,37.70867],[-122.38808,37.70867],[-122.38808,37.70867],[-122.38808,37.70867],[-122.38809,37.70867],[-122.38809,37.70867],[-122.38809,37.70867],[-122.38809,37.70867],[-122.38809,37.70867],[-122.38809,37.70867],[-122.38809,37.70867],[-122.38809,37.70867],[-122.3881,37.70867],[-122.3881,37.70867],[-122.3881,37.70867],[-122.3881,37.70867],[-122.3881,37.70867],[-122.3881,37.70867],[-122.3881,37.70867],[-122.38811,37.70867],[-122.38811,37.70867],[-122.38811,37.70867],[-122.38811,37.70867],[-122.38811,37.70867],[-122.38811,37.70867],[-122.38811,37.70867],[-122.38811,37.70868],[-122.38812,37.70868],[-122.38812,37.70868],[-122.38812,37.70868],[-122.38812,37.70868],[-122.38812,37.70868],[-122.38812,37.70868],[-122.38812,37.70868],[-122.38812,37.70868],[-122.38813,37.70868],[-122.38814,37.70869],[-122.38815,37.70869],[-122.38815,37.70869],[-122.38816,37.70869],[-122.38817,37.7087],[-122.38817,37.7087],[-122.38818,37.70871],[-122.38819,37.70871],[-122.38819,37.70871],[-122.3882,37.70872],[-122.38821,37.70872],[-122.38821,37.70872],[-122.38822,37.70873],[-122.38823,37.70873],[-122.38823,37.70874],[-122.38824,37.70874],[-122.38825,37.70875],[-122.38825,37.70875],[-122.38826,37.70876],[-122.38826,37.70876],[-122.38827,37.70876],[-122.38827,37.70877],[-122.38828,37.70877],[-122.38828,37.70877],[-122.38828,37.70878],[-122.38829,37.70878],[-122.38829,37.70878],[-122.3883,37.70878],[-122.3883,37.70879],[-122.38831,37.70879],[-122.38831,37.70879],[-122.38832,37.7088],[-122.38832,37.7088],[-122.38833,37.7088],[-122.38833,37.7088],[-122.38834,37.70881],[-122.38834,37.70881],[-122.38835,37.70881],[-122.38835,37.70881],[-122.38836,37.70881],[-122.38837,37.70882],[-122.38837,37.70882],[-122.38838,37.70882],[-122.38838,37.70882],[-122.38839,37.70882],[-122.38839,37.70883],[-122.3884,37.70883],[-122.38841,37.70883],[-122.38841,37.70883],[-122.38842,37.70883],[-122.38842,37.70883],[-122.38843,37.70883],[-122.38843,37.70883],[-122.38844,37.70884],[-122.38845,37.70884],[-122.38845,37.70884],[-122.38846,37.70884],[-122.38846,37.70884],[-122.38847,37.70884],[-122.38848,37.70884],[-122.38848,37.70884],[-122.38849,37.70884],[-122.38849,37.70884],[-122.3885,37.70884],[-122.38851,37.70884],[-122.38851,37.70884],[-122.38852,37.70884],[-122.38852,37.70884],[-122.38853,37.70884],[-122.38853,37.70884],[-122.38853,37.70884],[-122.38854,37.70884],[-122.38854,37.70884],[-122.38854,37.70884],[-122.38854,37.70884],[-122.38855,37.70884],[-122.38855,37.70884],[-122.38855,37.70884],[-122.38856,37.70884],[-122.38856,37.70884],[-122.38856,37.70885],[-122.38856,37.70885],[-122.38857,37.70885],[-122.38857,37.70885],[-122.38857,37.70885],[-122.38858,37.70885],[-122.38858,37.70885],[-122.38858,37.70885],[-122.38858,37.70885],[-122.38859,37.70885],[-122.38859,37.70885],[-122.38859,37.70885],[-122.3886,37.70886],[-122.38861,37.70886],[-122.38863,37.70887],[-122.38864,37.70888],[-122.38866,37.70888],[-122.38867,37.70889],[-122.38869,37.7089],[-122.3887,37.70891],[-122.38872,37.70892],[-122.38873,37.70893],[-122.38875,37.70893],[-122.38876,37.70894],[-122.38878,37.70895],[-122.38879,37.70896],[-122.3888,37.70897],[-122.38882,37.70898],[-122.38883,37.70899],[-122.38884,37.709],[-122.38886,37.70901],[-122.38887,37.70902],[-122.38888,37.70903],[-122.38889,37.70904],[-122.38891,37.70906],[-122.38897,37.70911],[-122.38908,37.70919],[-122.3891,37.7092],[-122.38912,37.70921],[-122.38914,37.70922],[-122.38916,37.70923],[-122.38918,37.70924],[-122.38922,37.70926],[-122.38931,37.70932],[-122.38947,37.70942],[-122.38948,37.70943],[-122.38948,37.70943],[-122.38948,37.70943],[-122.38948,37.70943],[-122.38949,37.70944],[-122.38949,37.70944],[-122.38949,37.70944],[-122.3895,37.70945],[-122.3895,37.70945],[-122.3895,37.70945],[-122.3895,37.70945],[-122.38951,37.70946],[-122.38951,37.70946],[-122.38951,37.70946],[-122.38952,37.70946],[-122.38952,37.70947],[-122.38952,37.70947],[-122.38953,37.70947],[-122.38953,37.70947],[-122.38953,37.70947],[-122.38954,37.70948],[-122.38954,37.70948],[-122.38956,37.70949],[-122.38957,37.70951],[-122.38959,37.70952],[-122.3896,37.70953],[-122.38961,37.70954],[-122.38963,37.70956],[-122.38964,37.70958],[-122.38965,37.70958],[-122.38965,37.70958],[-122.38965,37.70958],[-122.38965,37.70958],[-122.38965,37.70959],[-122.38965,37.70959],[-122.38966,37.70959],[-122.38966,37.70959],[-122.38966,37.70959],[-122.38966,37.70959],[-122.38966,37.70959],[-122.38966,37.7096],[-122.38967,37.7096],[-122.38967,37.7096],[-122.38967,37.7096],[-122.38967,37.7096],[-122.38967,37.7096],[-122.38968,37.7096],[-122.38968,37.7096],[-122.38968,37.7096],[-122.38968,37.70961],[-122.38968,37.70961],[-122.38969,37.70961],[-122.38969,37.70961],[-122.38969,37.70961],[-122.38969,37.70961],[-122.3897,37.70961],[-122.3897,37.70961],[-122.3897,37.70961],[-122.3897,37.70961],[-122.3897,37.70962],[-122.38971,37.70962],[-122.38971,37.70962],[-122.38971,37.70962],[-122.38971,37.70962],[-122.38972,37.70962],[-122.38972,37.70962],[-122.38972,37.70962],[-122.38972,37.70962],[-122.38973,37.70962],[-122.38973,37.70962],[-122.38973,37.70962],[-122.38973,37.70962],[-122.38974,37.70962],[-122.38974,37.70962],[-122.38974,37.70962],[-122.38974,37.70962],[-122.38975,37.70962],[-122.38975,37.70962],[-122.38975,37.70962],[-122.38975,37.70962],[-122.38976,37.70962],[-122.38976,37.70962],[-122.38976,37.70962],[-122.38976,37.70962],[-122.38977,37.70962],[-122.38977,37.70962],[-122.38977,37.70962],[-122.38977,37.70962],[-122.38978,37.70962],[-122.38978,37.70962],[-122.38978,37.70962],[-122.38978,37.70962],[-122.38979,37.70962],[-122.38979,37.70962],[-122.38979,37.70962],[-122.38979,37.70962],[-122.38979,37.70962],[-122.3898,37.70962],[-122.3898,37.70962],[-122.3898,37.70962],[-122.3898,37.70962],[-122.38981,37.70962],[-122.38981,37.70962],[-122.38981,37.70962],[-122.38981,37.70962],[-122.38982,37.70962],[-122.38982,37.70962],[-122.38982,37.70961],[-122.38984,37.70961],[-122.38985,37.70961],[-122.38986,37.7096],[-122.38988,37.7096],[-122.38989,37.70959],[-122.3899,37.70958],[-122.38992,37.70958],[-122.38993,37.70957],[-122.38994,37.70957],[-122.38996,37.70956],[-122.38997,37.70955],[-122.38998,37.70955],[-122.39,37.70954],[-122.39001,37.70953],[-122.39002,37.70953],[-122.39003,37.70952],[-122.39004,37.70951],[-122.39006,37.7095],[-122.39007,37.7095],[-122.39008,37.70949],[-122.39009,37.70948],[-122.3901,37.70947],[-122.39011,37.70946],[-122.39012,37.70946],[-122.39014,37.70944],[-122.39015,37.70944],[-122.39016,37.70943],[-122.39017,37.70943],[-122.39018,37.70942],[-122.39019,37.70942],[-122.3902,37.70941],[-122.39021,37.7094],[-122.39022,37.7094],[-122.39023,37.70939],[-122.39023,37.70939],[-122.39024,37.70938],[-122.39025,37.70937],[-122.39026,37.70937],[-122.39027,37.70936],[-122.39028,37.70935],[-122.39028,37.70935],[-122.39029,37.70934],[-122.3903,37.70933],[-122.39031,37.70932],[-122.39032,37.70932],[-122.39032,37.70931],[-122.39033,37.7093],[-122.39034,37.70929],[-122.39034,37.70929],[-122.39035,37.70928],[-122.39036,37.70927],[-122.39037,37.70926],[-122.39038,37.70926],[-122.39039,37.70924],[-122.39039,37.70924],[-122.3904,37.70924],[-122.3904,37.70924],[-122.3904,37.70924],[-122.3904,37.70923],[-122.39041,37.70923],[-122.39041,37.70923],[-122.39041,37.70923],[-122.39041,37.70923],[-122.39042,37.70923],[-122.39042,37.70922],[-122.39042,37.70922],[-122.39042,37.70922],[-122.39043,37.70922],[-122.39043,37.70922],[-122.39043,37.70922],[-122.39043,37.70921],[-122.39044,37.70921],[-122.39044,37.70921],[-122.39044,37.70921],[-122.39045,37.70921],[-122.39045,37.70921],[-122.39045,37.70921],[-122.39045,37.70921],[-122.39046,37.7092],[-122.39046,37.7092],[-122.39046,37.7092],[-122.39047,37.7092],[-122.39047,37.7092],[-122.39047,37.7092],[-122.39048,37.7092],[-122.39048,37.7092],[-122.39048,37.7092],[-122.39049,37.7092],[-122.39049,37.7092],[-122.39049,37.70919],[-122.39049,37.70919],[-122.3905,37.70919],[-122.3905,37.70919],[-122.3905,37.70919],[-122.39051,37.70919],[-122.39051,37.70919],[-122.39051,37.70919],[-122.39052,37.70919],[-122.39052,37.70919],[-122.39052,37.70919],[-122.39053,37.70919],[-122.39053,37.70919],[-122.39053,37.70919],[-122.39054,37.70919],[-122.39054,37.70919],[-122.39054,37.70919],[-122.39055,37.70919],[-122.39055,37.70919],[-122.39055,37.70919],[-122.39056,37.70919],[-122.39056,37.70919],[-122.39056,37.70919],[-122.39057,37.70919],[-122.39057,37.70919],[-122.39057,37.70919],[-122.39058,37.70919],[-122.39058,37.70919],[-122.39058,37.70919],[-122.39059,37.7092],[-122.39059,37.7092],[-122.39059,37.7092],[-122.3906,37.7092],[-122.3906,37.7092],[-122.3906,37.7092],[-122.3906,37.7092],[-122.39061,37.7092],[-122.39061,37.7092],[-122.39061,37.7092],[-122.39062,37.7092],[-122.39062,37.70921],[-122.39063,37.70921],[-122.39064,37.70923],[-122.39064,37.70923],[-122.39065,37.70923],[-122.39065,37.70923],[-122.39065,37.70924],[-122.39066,37.70924],[-122.39066,37.70924],[-122.39066,37.70924],[-122.39067,37.70925],[-122.39067,37.70925],[-122.39067,37.70925],[-122.39068,37.70925],[-122.39068,37.70926],[-122.39069,37.70926],[-122.39069,37.70926],[-122.39069,37.70926],[-122.3907,37.70927],[-122.3907,37.70927],[-122.39071,37.70927],[-122.39071,37.70927],[-122.39071,37.70927],[-122.39072,37.70928],[-122.39072,37.70928],[-122.39073,37.70928],[-122.39073,37.70928],[-122.39074,37.70928],[-122.39074,37.70928],[-122.39075,37.70929],[-122.39075,37.70929],[-122.39075,37.70929],[-122.39076,37.70929],[-122.39082,37.70933],[-122.39088,37.70936],[-122.39096,37.7094],[-122.39098,37.70943],[-122.39101,37.70945],[-122.39104,37.70947],[-122.39107,37.70948],[-122.3911,37.7095],[-122.39114,37.70952],[-122.39117,37.70954],[-122.3912,37.70956],[-122.39123,37.70958],[-122.39126,37.70959],[-122.3913,37.70961],[-122.39133,37.70963],[-122.39138,37.70965],[-122.3914,37.70966],[-122.39142,37.70967],[-122.39144,37.70968],[-122.39147,37.7097],[-122.39147,37.7097],[-122.39147,37.7097],[-122.39147,37.7097],[-122.39147,37.7097],[-122.39147,37.7097],[-122.39147,37.7097],[-122.39147,37.7097],[-122.39148,37.7097],[-122.39148,37.7097],[-122.39148,37.7097],[-122.39148,37.7097],[-122.39148,37.7097],[-122.39148,37.7097],[-122.39148,37.7097],[-122.39148,37.7097],[-122.39148,37.7097],[-122.39148,37.7097],[-122.39148,37.7097],[-122.39149,37.7097],[-122.39149,37.7097],[-122.39149,37.7097],[-122.39149,37.7097],[-122.39149,37.7097],[-122.39149,37.7097],[-122.39149,37.7097],[-122.39149,37.7097],[-122.39149,37.7097],[-122.39149,37.7097],[-122.39149,37.7097],[-122.3915,37.7097],[-122.3915,37.7097],[-122.3915,37.7097],[-122.3915,37.7097],[-122.3915,37.7097],[-122.3915,37.7097],[-122.3915,37.7097],[-122.3915,37.7097],[-122.3915,37.7097],[-122.3915,37.7097],[-122.3915,37.7097],[-122.39151,37.7097],[-122.39151,37.7097],[-122.39151,37.7097],[-122.39151,37.7097],[-122.39151,37.7097],[-122.39151,37.70969],[-122.39154,37.70968],[-122.39157,37.70967],[-122.3916,37.70966],[-122.39162,37.70965],[-122.39172,37.70961],[-122.39188,37.70945],[-122.39209,37.70927],[-122.39209,37.70927],[-122.3921,37.70927],[-122.3921,37.70926],[-122.3921,37.70926],[-122.39211,37.70926],[-122.39211,37.70925],[-122.39212,37.70925],[-122.39212,37.70925],[-122.39212,37.70924],[-122.39213,37.70924],[-122.39213,37.70923],[-122.39213,37.70923],[-122.39213,37.70922],[-122.39214,37.70922],[-122.39214,37.70922],[-122.39214,37.70921],[-122.39215,37.70921],[-122.39215,37.7092],[-122.39215,37.7092],[-122.39215,37.7092],[-122.39216,37.70919],[-122.39216,37.70919],[-122.39216,37.70918],[-122.39216,37.70918],[-122.39216,37.70917],[-122.39217,37.70916],[-122.39219,37.70913],[-122.39222,37.70909],[-122.39224,37.70905],[-122.39228,37.709],[-122.39229,37.70899],[-122.3923,37.70899],[-122.3923,37.70898],[-122.39231,37.70898],[-122.39232,37.70898],[-122.39232,37.70897],[-122.39233,37.70897],[-122.39234,37.70897],[-122.39234,37.70896],[-122.39235,37.70896],[-122.39236,37.70896],[-122.39237,37.70895],[-122.39237,37.70895],[-122.39238,37.70895],[-122.39239,37.70894],[-122.3924,37.70894],[-122.3924,37.70894],[-122.39241,37.70893],[-122.39243,37.70893],[-122.39243,37.70893],[-122.39243,37.70893],[-122.39244,37.70893],[-122.39244,37.70893],[-122.39244,37.70892],[-122.39244,37.70892],[-122.39245,37.70892],[-122.39245,37.70892],[-122.39245,37.70892],[-122.39246,37.70892],[-122.39246,37.70892],[-122.39246,37.70891],[-122.39247,37.70891],[-122.39247,37.70891],[-122.39247,37.70891],[-122.39247,37.70891],[-122.39248,37.70891],[-122.39248,37.7089],[-122.39248,37.7089],[-122.39248,37.7089],[-122.39249,37.7089],[-122.39249,37.7089],[-122.39249,37.7089],[-122.39249,37.70889],[-122.3925,37.70889],[-122.3925,37.70889],[-122.3925,37.70889],[-122.3925,37.70889],[-122.39251,37.70888],[-122.39251,37.70888],[-122.39251,37.70888],[-122.39251,37.70888],[-122.39252,37.70886],[-122.39254,37.70885],[-122.39255,37.70884],[-122.39256,37.70883],[-122.39257,37.70882],[-122.39258,37.7088],[-122.3926,37.70879],[-122.39261,37.70878],[-122.39262,37.70877],[-122.39264,37.70876],[-122.39265,37.70875],[-122.39267,37.70874],[-122.39268,37.70873],[-122.3927,37.70872],[-122.39271,37.70871],[-122.39273,37.7087],[-122.39274,37.70869],[-122.39276,37.70868],[-122.39277,37.70867],[-122.39279,37.70866],[-122.39281,37.70865],[-122.39282,37.70864],[-122.39283,37.70863],[-122.39285,37.70862],[-122.39286,37.70862],[-122.39287,37.70861],[-122.39289,37.7086],[-122.3929,37.70859],[-122.39292,37.70858],[-122.39294,37.70857],[-122.39298,37.70855],[-122.39301,37.70852],[-122.39305,37.7085],[-122.39308,37.70847],[-122.39311,37.70845],[-122.39317,37.7084],[-122.39358,37.70842],[-122.39968,37.70839],[-122.4051,37.70836],[-122.40545,37.70835],[-122.40544,37.70835],[-122.40524,37.7088],[-122.40511,37.70885],[-122.40515,37.70896],[-122.40506,37.70922],[-122.40468,37.70993],[-122.40438,37.71036],[-122.40423,37.71041],[-122.40425,37.71052],[-122.40378,37.71116],[-122.40365,37.71119],[-122.40369,37.71128],[-122.40328,37.71182],[-122.4031,37.71197],[-122.40282,37.71213],[-122.40265,37.7122],[-122.40246,37.71218],[-122.40237,37.71229],[-122.40213,37.71236],[-122.402,37.7124],[-122.40164,37.71248],[-122.40126,37.71264],[-122.40104,37.71282],[-122.40097,37.71287],[-122.40083,37.71301],[-122.40066,37.71306],[-122.40047,37.71312],[-122.40002,37.71358],[-122.39976,37.71386],[-122.39936,37.71427],[-122.3992,37.71454],[-122.39894,37.71519],[-122.39899,37.71534],[-122.39891,37.7154],[-122.39883,37.71545],[-122.39882,37.71547],[-122.39865,37.71573],[-122.3986,37.71581],[-122.39848,37.71598],[-122.39833,37.71626],[-122.39837,37.71641],[-122.39841,37.71705],[-122.39851,37.71766],[-122.39855,37.71786],[-122.39866,37.71815],[-122.39881,37.71851],[-122.39886,37.71868],[-122.3989,37.71881],[-122.39897,37.71903],[-122.39909,37.71957],[-122.39912,37.71973],[-122.39939,37.71988],[-122.39938,37.72001],[-122.39946,37.72033],[-122.39968,37.72086],[-122.39974,37.72101],[-122.39992,37.72146],[-122.39993,37.72152],[-122.40038,37.72263],[-122.40078,37.72362],[-122.40118,37.72459],[-122.40147,37.72552],[-122.40182,37.72678],[-122.40188,37.72696],[-122.4021,37.72779],[-122.40221,37.7281],[-122.40275,37.72936],[-122.40302,37.7299],[-122.4034,37.73066],[-122.40396,37.73161],[-122.40466,37.73295],[-122.40506,37.73365],[-122.4051,37.73372],[-122.4055,37.73429],[-122.40618,37.73516],[-122.4063,37.73531],[-122.40638,37.73542],[-122.40646,37.73551],[-122.40662,37.7359],[-122.4067,37.73631],[-122.40677,37.73642],[-122.40695,37.73783],[-122.40691,37.73797],[-122.40687,37.73814],[-122.40692,37.73846],[-122.40694,37.73869],[-122.40694,37.73909],[-122.40693,37.73921],[-122.40693,37.73923],[-122.40691,37.73943],[-122.40698,37.73957],[-122.40705,37.73971],[-122.407,37.74024],[-122.40691,37.74076],[-122.40653,37.74144],[-122.40584,37.74239],[-122.40574,37.74252],[-122.4054,37.74299],[-122.40524,37.74305],[-122.40521,37.74325],[-122.4049,37.74369],[-122.40459,37.74413],[-122.40453,37.7443],[-122.40419,37.74524],[-122.4042,37.74548],[-122.40423,37.74557],[-122.40426,37.74567],[-122.40432,37.74593],[-122.40429,37.74596],[-122.40417,37.74611],[-122.40406,37.74625],[-122.40392,37.74659],[-122.40371,37.7472],[-122.40366,37.74741],[-122.40356,37.74776],[-122.40362,37.74812],[-122.40374,37.74839],[-122.4039,37.74843],[-122.40378,37.7488],[-122.40361,37.74934],[-122.40357,37.74947],[-122.40326,37.74953],[-122.4032,37.74953],[-122.40306,37.74954],[-122.40297,37.74955],[-122.40287,37.74948],[-122.40285,37.74965],[-122.4028,37.7502],[-122.40278,37.75039],[-122.40273,37.7505],[-122.40261,37.75056],[-122.40218,37.75058],[-122.40123,37.75063],[-122.40047,37.75067],[-122.40022,37.75075],[-122.39985,37.75088],[-122.39941,37.75099],[-122.39834,37.75106],[-122.39641,37.75118],[-122.39651,37.75231],[-122.39555,37.75237],[-122.39459,37.75243],[-122.39362,37.75248],[-122.39319,37.75251],[-122.39264,37.75254],[-122.39166,37.7526],[-122.39162,37.75261],[-122.39153,37.75261],[-122.39123,37.75263],[-122.39068,37.75266],[-122.38973,37.75272],[-122.38875,37.75278],[-122.38776,37.75284],[-122.38681,37.75289],[-122.38585,37.75295],[-122.38488,37.753],[-122.38391,37.75306],[-122.38295,37.75311],[-122.38198,37.75317],[-122.38171,37.75319],[-122.38171,37.75319],[-122.3817,37.75318],[-122.38169,37.75317],[-122.38168,37.75317],[-122.38167,37.75316],[-122.38166,37.75315],[-122.38165,37.75314],[-122.38164,37.75313],[-122.38163,37.75312],[-122.38162,37.75312],[-122.38161,37.75311],[-122.3816,37.7531],[-122.38159,37.75309],[-122.38159,37.75308],[-122.38158,37.75307]]]]},"properties":{"nhood":"Bayview Hunters Point"}}]}